{"type":"FeatureCollection","features":[{"type":"Feature","properties":{"name":"Israel","iso_a3":"ISR"},"geometry":{"type":"Polygon","coordinates":[[[34.24835,31.21145],[34.2644,31.22419],[34.31587,31.2569],[34.3509,31.28925],[34.3538,31.30636],[34.34553,31.34072],[34.34584,31.35772],[34.36734,31.39281],[34.48041,31.48562],[34.4955,31.49441],[34.4957,31.49441],[34.52826,31.52014],[34.55603,31.53983],[34.52013,31.55833],[34.4812,31.58314],[34.48951,31.60041],[34.51393,31.62714],[34.60271,31.75776],[34.60963,31.76553],[34.66595,31.87389],[34.69321,31.92646],[34.71193,31.95161],[34.74334,32.03986],[34.74399,32.04462],[34.74269,32.05561],[34.74334,32.06037],[34.75701,32.0666],[34.83766,32.28071],[34.87322,32.43033],[34.90414,32.56061],[34.90984,32.57026],[34.91586,32.61489],[34.92091,32.62824],[34.91912,32.64297],[34.94207,32.72451],[34.94752,32.81415],[34.95558,32.83438],[34.97047,32.84138],[34.98316,32.83877],[35.00343,32.82754],[35.01873,32.82502],[35.02768,32.82661],[35.06276,32.85834],[35.06707,32.86685],[35.07553,32.89309],[35.0796,32.90583],[35.07781,32.91787],[35.06544,32.92308],[35.07154,32.93793],[35.07846,32.99885],[35.09197,33.03119],[35.0962,33.05036],[35.09213,33.06769],[35.09645,33.07136],[35.10182,33.07762],[35.10646,33.08076],[35.09962,33.08759],[35.10426,33.08853],[35.10524,33.08902],[35.18527,33.08398],[35.18961,33.08553],[35.20067,33.09274],[35.20718,33.0948],[35.21318,33.09444],[35.22734,33.09137],[35.23447,33.09093],[35.27147,33.10119],[35.28366,33.10119],[35.28883,33.0992],[35.29462,33.09697],[35.30578,33.08938],[35.3157,33.07922],[35.32263,33.06736],[35.33193,33.05716],[35.34516,33.05558],[35.40159,33.06793],[35.44944,33.08522],[35.48014,33.08739],[35.4851,33.10261],[35.5037,33.13061],[35.51228,33.14741],[35.51766,33.17289],[35.52003,33.22219],[35.52778,33.24425],[35.53688,33.25787],[35.54277,33.27154],[35.54949,33.28102],[35.56117,33.28213],[35.56696,33.27619],[35.58504,33.25221],[35.59775,33.24435],[35.59786,33.24438],[35.59806,33.24425],[35.60385,33.24009],[35.60389,33.24032],[35.60458,33.24425],[35.60458,33.24435],[35.61806,33.25612],[35.62006,33.26954],[35.63109,33.27457],[35.65214,33.27666],[35.66049,33.28926],[35.69852,33.32267],[35.7162,33.32673],[35.72943,33.32781],[35.74369,33.33117],[35.75754,33.33631],[35.76942,33.34264],[35.78575,33.35789],[35.8057,33.39135],[35.8211,33.40672],[35.82244,33.40137],[35.81697,33.3952],[35.81542,33.37887],[35.81231,33.37336],[35.80994,33.36003],[35.79351,33.34993],[35.78575,33.34287],[35.76384,33.3344],[35.80208,33.31249],[35.7686,33.2727],[35.77562,33.2649],[35.80363,33.24846],[35.80766,33.20172],[35.8302,33.18999],[35.8334,33.16113],[35.82244,33.14157],[35.81149,33.12676],[35.81149,33.11191],[35.8489,33.09868],[35.8458,33.08542],[35.85903,32.99021],[35.86461,32.97773],[35.88807,32.94494],[35.87402,32.92233],[35.86689,32.92078],[35.84973,32.89582],[35.83805,32.86603],[35.84187,32.85358],[35.83423,32.82795],[35.7842,32.77795],[35.75759,32.74435],[35.75744,32.74428],[35.74018,32.74054],[35.68519,32.71123],[35.65201,32.68617],[35.64023,32.681],[35.636,32.67914],[35.61233,32.68153],[35.61176,32.6819],[35.61222,32.68155],[35.59383,32.67036],[35.57874,32.65343],[35.56985,32.64677],[35.56272,32.64421],[35.56055,32.6409],[35.56003,32.63269],[35.56406,32.62548],[35.57254,32.62124],[35.57254,32.61501],[35.56561,32.61501],[35.56561,32.60755],[35.5713,32.59855],[35.5744,32.57277],[35.57998,32.56039],[35.57584,32.55497],[35.5744,32.5544],[35.57388,32.55675],[35.57254,32.56039],[35.57016,32.55683],[35.56561,32.5461],[35.55941,32.55295],[35.56282,32.53202],[35.56561,32.52559],[35.55197,32.52559],[35.55197,32.51882],[35.55724,32.51933],[35.56137,32.51918],[35.56851,32.51026],[35.57057,32.50603],[35.57998,32.49773],[35.57998,32.49148],[35.57099,32.48921],[35.56499,32.48391],[35.56127,32.47709],[35.55941,32.4704],[35.56313,32.46817],[35.5654,32.46631],[35.56809,32.46497],[35.57254,32.46419],[35.57254,32.45673],[35.56623,32.45311],[35.55941,32.45053],[35.56561,32.44371],[35.55197,32.43621],[35.55414,32.43445],[35.55621,32.43479],[35.55786,32.43412],[35.55941,32.42944],[35.55197,32.42944],[35.55197,32.42324],[35.55817,32.418],[35.5591,32.41397],[35.55486,32.41118],[35.54515,32.40957],[35.54959,32.39854],[35.55197,32.39529],[35.55683,32.39092],[35.56096,32.38472],[35.48014,32.40242],[35.45668,32.40761],[35.4328,32.40826],[35.40686,32.41479],[35.40138,32.44001],[35.4018,32.47096],[35.39291,32.49448],[35.36314,32.51011],[35.33338,32.51308],[35.27044,32.51047],[35.25225,32.51595],[35.22372,32.5359],[35.21036,32.54187],[35.20863,32.54264],[35.19075,32.54171],[35.1768,32.53269],[35.15168,32.50791],[35.12068,32.49133],[35.0907,32.47923],[35.06435,32.46314],[35.04471,32.43412],[35.03273,32.3822],[35.0288,32.36516],[35.02156,32.34459],[35.01784,32.34221],[35.00451,32.33805],[35.00068,32.33573],[34.99655,32.32304],[34.99304,32.29157],[34.98994,32.27847],[35.00244,32.27514],[35.00937,32.26764],[35.01112,32.2571],[35.00761,32.24439],[35.00027,32.23201],[34.96141,32.20158],[34.95822,32.18645],[34.96268,32.17346],[34.97704,32.14999],[34.98694,32.12399],[34.98422,32.08958],[35.00724,32.02077],[34.99677,32.0111],[34.99883,31.9939],[34.99784,31.97878],[34.98669,31.96723],[35.00122,31.94962],[35.00773,31.94492],[35.00378,31.93921],[35.00542,31.93377],[35.01635,31.92659],[35.0299,31.92443],[35.03901,31.90864],[35.03432,31.86111],[35.03011,31.85701],[35.00657,31.85606],[34.99854,31.85384],[34.98976,31.84558],[34.97874,31.83733],[34.97743,31.83337],[34.98031,31.83132],[35.00155,31.8285],[35.01294,31.82934],[35.02749,31.83273],[35.04562,31.84827],[35.05602,31.85332],[35.06444,31.85458],[35.07632,31.85416],[35.08809,31.84813],[35.09759,31.83127],[35.11247,31.82396],[35.12139,31.82484],[35.13696,31.81429],[35.17392,31.80755],[35.18617,31.80874],[35.18577,31.81412],[35.18223,31.81992],[35.18359,31.82512],[35.18993,31.82666],[35.19664,31.82644],[35.21327,31.81876],[35.21576,31.82011],[35.21613,31.82374],[35.21613,31.83915],[35.21296,31.85339],[35.20933,31.8634],[35.2048,31.8711],[35.20526,31.87725],[35.21205,31.88149],[35.22202,31.87918],[35.22655,31.86725],[35.22565,31.85724],[35.22746,31.85031],[35.23335,31.84261],[35.24477,31.84514],[35.24998,31.84437],[35.25375,31.84146],[35.25723,31.83859],[35.25157,31.83128],[35.25361,31.82935],[35.26018,31.82877],[35.26494,31.82627],[35.26063,31.81876],[35.25587,31.81222],[35.25882,31.80066],[35.25995,31.79257],[35.2629,31.78968],[35.25814,31.78371],[35.2527,31.76965],[35.25315,31.76252],[35.25972,31.75693],[35.26281,31.74863],[35.25812,31.74242],[35.25247,31.73805],[35.24921,31.72357],[35.24432,31.71936],[35.24242,31.71085],[35.23797,31.70933],[35.2314,31.71261],[35.228,31.71743],[35.22415,31.71916],[35.21939,31.71512],[35.20526,31.72319],[35.17942,31.7201],[35.16673,31.73205],[35.15436,31.73343],[35.14895,31.73735],[35.12574,31.7331],[35.11423,31.71768],[35.09339,31.70242],[35.05923,31.6768],[34.97361,31.63037],[34.95531,31.61187],[34.95318,31.60832],[34.93733,31.582],[34.93288,31.55492],[34.93247,31.52697],[34.92679,31.49441],[34.88173,31.42987],[34.86715,31.39643],[34.87883,31.36284],[34.90095,31.34848],[34.92741,31.34491],[34.9549,31.34863],[34.98032,31.35618],[35.04017,31.3632],[35.16491,31.36227],[35.22331,31.38103],[35.33234,31.4588],[35.39012,31.48707],[35.45813,31.49193],[35.45854,31.49162],[35.45713,31.43352],[35.45688,31.42351],[35.45285,31.40082],[35.43508,31.36062],[35.41647,31.33184],[35.42392,31.3246],[35.42226,31.303],[35.40821,31.28202],[35.3957,31.25768],[35.40118,31.23029],[35.41069,31.20461],[35.42133,31.18451],[35.43621,31.15955],[35.44324,31.13221],[35.43849,31.10374],[35.39156,31.02395],[35.38516,30.99465],[35.38526,30.96328],[35.3741,30.94514],[35.34711,30.92271],[35.33493,30.91258],[35.32222,30.88995],[35.31953,30.86732],[35.32005,30.84494],[35.31663,30.82282],[35.31085,30.81331],[35.2939,30.80019],[35.28614,30.79233],[35.27953,30.78024],[35.27612,30.76898],[35.27157,30.74371],[35.26388,30.71997],[35.26382,30.71978],[35.20532,30.6171],[35.16212,30.49468],[35.15737,30.47085],[35.14001,30.43019],[35.14001,30.40615],[35.14496,30.39587],[35.15933,30.37561],[35.16212,30.3614],[35.15995,30.3475],[35.15447,30.33675],[35.14776,30.32647],[35.14176,30.31396],[35.13236,30.26187],[35.12523,30.24467],[35.12481,30.21609],[35.14528,30.1549],[35.14528,30.12338],[35.12905,30.08974],[35.08626,30.03403],[35.07469,29.9946],[35.07406,29.98256],[35.07035,29.97373],[35.06538,29.96598],[35.06146,29.95735],[35.05412,29.92339],[35.05319,29.86262],[35.04895,29.84231],[35.00254,29.7331],[34.9951,29.70816],[34.98983,29.65196],[34.98032,29.627],[34.96699,29.60812],[34.95986,29.58621],[34.95558,29.55899],[34.95135,29.54564],[34.945,29.53685],[34.92775,29.51801],[34.91977,29.50739],[34.91578,29.50023],[34.91407,29.4938],[34.91082,29.48994],[34.90301,29.48969],[34.89373,29.49055],[34.88673,29.49006],[34.87811,29.5043],[34.85527,29.54572],[34.84824,29.56964],[34.8501,29.63876],[34.82437,29.7417],[34.78519,29.8357],[34.74137,29.94024],[34.73507,29.99455],[34.73559,30.0007],[34.73497,30.0067],[34.73321,30.01259],[34.73042,30.01817],[34.69166,30.11454],[34.63264,30.26203],[34.59947,30.34451],[34.58841,30.35882],[34.53384,30.40021],[34.52692,30.40962],[34.52475,30.42114],[34.5265,30.43871],[34.53601,30.46858],[34.53622,30.48217],[34.52629,30.49457],[34.51038,30.51333],[34.50438,30.53033],[34.50221,30.57167],[34.48041,30.65121],[34.41881,30.7913],[34.36785,30.90742],[34.32951,30.99449],[34.29799,31.07878],[34.25861,31.18414],[34.24835,31.21145]]]}},{"type":"Feature","properties":{"name":"Lebanon","iso_a3":"LBN"},"geometry":{"type":"Polygon","coordinates":[[[35.10524,33.08902],[35.10524,33.09064],[35.10646,33.09504],[35.1019,33.09447],[35.10043,33.09569],[35.10043,33.09821],[35.09962,33.10126],[35.1058,33.11245],[35.11476,33.12373],[35.1255,33.13251],[35.14763,33.14033],[35.1548,33.15029],[35.16098,33.16169],[35.16782,33.17015],[35.16179,33.17695],[35.16782,33.17788],[35.17107,33.17658],[35.17465,33.17015],[35.20476,33.2248],[35.20916,33.25462],[35.18832,33.28001],[35.20973,33.2934],[35.22478,33.312],[35.24366,33.3557],[35.2461,33.36888],[35.24676,33.39582],[35.2505,33.40973],[35.26873,33.4326],[35.27508,33.44497],[35.27101,33.45751],[35.32301,33.49091],[35.34913,33.51386],[35.36036,33.54344],[35.36248,33.55634],[35.40064,33.64313],[35.39438,33.64997],[35.40992,33.66128],[35.42164,33.70234],[35.43849,33.71137],[35.43784,33.72337],[35.47731,33.8039],[35.48129,33.82368],[35.483,33.86518],[35.48325,33.87246],[35.47999,33.88426],[35.47381,33.89387],[35.47047,33.90209],[35.47584,33.90998],[35.48658,33.91299],[35.49977,33.9112],[35.51124,33.90705],[35.51734,33.90253],[35.52418,33.90253],[35.53386,33.90705],[35.54811,33.90619],[35.55747,33.90567],[35.57203,33.90998],[35.57838,33.91669],[35.5879,33.93659],[35.59311,33.94477],[35.59343,33.94892],[35.59197,33.95043],[35.5857,33.95091],[35.59425,33.9593],[35.60629,33.98322],[35.61354,33.99315],[35.62013,33.9951],[35.63673,33.99531],[35.64088,33.99942],[35.64039,34.00853],[35.63575,34.01325],[35.63038,34.0161],[35.62721,34.01984],[35.62696,34.04426],[35.64332,34.08808],[35.64772,34.11913],[35.64454,34.13085],[35.63038,34.15282],[35.62721,34.16694],[35.62721,34.20112],[35.63038,34.20844],[35.64454,34.21699],[35.64772,34.22215],[35.64829,34.25361],[35.65301,34.28486],[35.66521,34.31135],[35.68873,34.32832],[35.70582,34.3166],[35.72218,34.33747],[35.73732,34.36921],[35.75074,34.3898],[35.80616,34.41498],[35.82358,34.43452],[35.80543,34.45869],[35.80543,34.46491],[35.82399,34.46084],[35.90333,34.47797],[35.9568,34.52009],[35.97291,34.52977],[35.98316,34.53864],[35.98878,34.55272],[35.98959,34.59968],[35.98683,34.6208],[35.98064,34.63849],[35.9699,34.64985],[35.98264,34.65024],[35.99142,34.64822],[35.99876,34.64538],[36.01623,34.63365],[36.03793,34.62843],[36.06077,34.62791],[36.08723,34.63101],[36.11214,34.62953],[36.15586,34.62693],[36.1602,34.62807],[36.17219,34.63406],[36.17829,34.6353],[36.18335,34.63349],[36.19513,34.62621],[36.20123,34.62445],[36.26159,34.62724],[36.27151,34.63096],[36.28071,34.63913],[36.28443,34.64833],[36.28484,34.66791],[36.28815,34.67556],[36.30893,34.68755],[36.32381,34.67949],[36.34737,34.64414],[36.36753,34.6292],[36.39119,34.62249],[36.416,34.6229],[36.44018,34.62936],[36.43626,34.59784],[36.42912,34.59319],[36.41848,34.60032],[36.4037,34.60383],[36.38892,34.59624],[36.38685,34.58425],[36.38809,34.56952],[36.38355,34.55381],[36.36401,34.5411],[36.33662,34.52885],[36.31988,34.51412],[36.32985,34.4986],[36.3327,34.49417],[36.33538,34.49348],[36.33817,34.4933],[36.34096,34.49348],[36.34365,34.49417],[36.36308,34.49903],[36.39233,34.50014],[36.41972,34.49833],[36.43347,34.49433],[36.43347,34.49417],[36.43987,34.47746],[36.4498,34.46454],[36.46323,34.45524],[36.48018,34.44914],[36.49465,34.43426],[36.50189,34.4303],[36.50922,34.43242],[36.52514,34.42294],[36.53062,34.41418],[36.52979,34.4031],[36.52628,34.38669],[36.52359,34.37979],[36.51997,34.37506],[36.51677,34.36987],[36.51594,34.36165],[36.51863,34.35364],[36.52359,34.34589],[36.54519,34.32072],[36.55584,34.31108],[36.56297,34.3085],[36.5703,34.30897],[36.57682,34.30767],[36.58198,34.2999],[36.57992,34.2869],[36.5703,34.27587],[36.56276,34.26295],[36.56751,34.24414],[36.57403,34.22975],[36.59821,34.20985],[36.60355,34.2001],[36.6041,34.1991],[36.57589,34.17326],[36.55273,34.14099],[36.50798,34.10918],[36.48845,34.08864],[36.48266,34.07451],[36.4807,34.06275],[36.47522,34.0535],[36.45889,34.04671],[36.44514,34.04614],[36.42365,34.05281],[36.41217,34.05363],[36.39109,34.04472],[36.35781,34.00955],[36.31802,33.98051],[36.30231,33.96439],[36.28856,33.94651],[36.26717,33.91039],[36.26893,33.90677],[36.27534,33.89721],[36.28164,33.89111],[36.3111,33.87199],[36.35037,33.86641],[36.36763,33.85755],[36.36959,33.83701],[36.3575,33.82378],[36.33828,33.82119],[36.30055,33.82869],[36.24919,33.84974],[36.23182,33.85253],[36.21663,33.84775],[36.20268,33.8383],[36.18656,33.83021],[36.16568,33.8298],[36.15762,33.83406],[36.1449,33.84742],[36.13829,33.85062],[36.10243,33.83228],[36.08506,33.82605],[36.06646,33.82199],[36.05044,33.81644],[36.04052,33.80561],[36.02708,33.7843],[35.99401,33.76071],[35.98026,33.74355],[35.97416,33.73215],[35.95587,33.71812],[35.94843,33.70921],[35.94698,33.70084],[35.94988,33.6827],[35.94719,33.67309],[35.94244,33.66921],[35.92941,33.66508],[35.92538,33.66167],[35.92156,33.6403],[35.93479,33.6334],[35.95691,33.62994],[35.98026,33.61901],[35.99453,33.6157],[36.01292,33.60803],[36.02967,33.59764],[36.03845,33.58635],[36.03525,33.5678],[36.01985,33.55263],[35.99928,33.54126],[35.98026,33.53395],[35.9568,33.53421],[35.93324,33.52782],[35.92187,33.51457],[35.93541,33.49426],[35.91949,33.46235],[35.88849,33.44042],[35.87009,33.43124],[35.84512,33.41874],[35.8211,33.40672],[35.8057,33.39135],[35.78575,33.35789],[35.76942,33.34264],[35.75754,33.33631],[35.74369,33.33117],[35.72943,33.32781],[35.7162,33.32673],[35.69852,33.32267],[35.66049,33.28926],[35.65214,33.27666],[35.63109,33.27457],[35.62006,33.26954],[35.61806,33.25612],[35.60458,33.24435],[35.60458,33.24425],[35.60389,33.24032],[35.60385,33.24009],[35.59806,33.24425],[35.59786,33.24438],[35.59775,33.24435],[35.58504,33.25221],[35.56696,33.27619],[35.56117,33.28213],[35.54949,33.28102],[35.54277,33.27154],[35.53688,33.25787],[35.52778,33.24425],[35.52003,33.22219],[35.51766,33.17289],[35.51228,33.14741],[35.5037,33.13061],[35.4851,33.10261],[35.48014,33.08739],[35.44944,33.08522],[35.40159,33.06793],[35.34516,33.05558],[35.33193,33.05716],[35.32263,33.06736],[35.3157,33.07922],[35.30578,33.08938],[35.29462,33.09697],[35.28883,33.0992],[35.28366,33.10119],[35.27147,33.10119],[35.23447,33.09093],[35.22734,33.09137],[35.21318,33.09444],[35.20718,33.0948],[35.20067,33.09274],[35.18961,33.08553],[35.18527,33.08398],[35.10524,33.08902]]]}},{"type":"Feature","properties":{"name":"Ukraine","iso_a3":"UKR"},"geometry":{"type":"MultiPolygon","coordinates":[[[[31.76434,52.10057],[31.82584,52.10406],[31.85871,52.09987],[31.88206,52.08641],[31.88749,52.07003],[31.88775,52.05155],[31.89204,52.03618],[31.91038,52.02907],[31.92723,52.03109],[31.98056,52.04762],[32.01694,52.0498],[32.07714,52.03995],[32.09559,52.04073],[32.23331,52.08085],[32.2777,52.10266],[32.30674,52.14119],[32.31883,52.20141],[32.32824,52.21916],[32.33785,52.22547],[32.35015,52.22989],[32.36131,52.23591],[32.367,52.2472],[32.36328,52.25573],[32.34446,52.27653],[32.3395,52.28725],[32.35356,52.32159],[32.39428,52.32681],[32.48058,52.30714],[32.52843,52.31621],[32.72542,52.25208],[32.7556,52.25239],[32.81482,52.26201],[32.84418,52.26234],[32.86102,52.2572],[32.89079,52.24232],[32.90898,52.2411],[32.92686,52.24692],[33.03011,52.3036],[33.04825,52.30908],[33.05729,52.30864],[33.07041,52.30417],[33.07961,52.30559],[33.08736,52.31076],[33.09904,52.32477],[33.10886,52.32833],[33.12798,52.33272],[33.14085,52.34037],[33.16664,52.36006],[33.18286,52.3673],[33.19651,52.36895],[33.29433,52.3573],[33.35898,52.35755],[33.37618,52.35525],[33.40058,52.34434],[33.40368,52.34296],[33.41933,52.33833],[33.43732,52.33916],[33.45179,52.34526],[33.46533,52.35275],[33.48052,52.35776],[33.49943,52.34099],[33.49303,52.30314],[33.51008,52.28753],[33.53168,52.28883],[33.6002,52.33079],[33.68795,52.35582],[33.73358,52.36099],[33.77895,52.36006],[33.80407,52.35461],[33.81523,52.34508],[33.82339,52.33146],[33.8391,52.31391],[33.85874,52.30216],[33.9007,52.28585],[33.91951,52.26976],[33.94442,52.23578],[33.95775,52.22469],[34.02193,52.1979],[34.03888,52.18648],[34.05573,52.17033],[34.06534,52.15863],[34.07103,52.14896],[34.07361,52.13956],[34.07392,52.12832],[34.05666,52.10581],[34.05666,52.10039],[34.06007,52.08318],[34.06255,52.05021],[34.06824,52.03101],[34.08033,52.01362],[34.1011,51.99251],[34.10441,51.9753],[34.09666,51.96058],[34.09624,51.95182],[34.14616,51.95161],[34.16642,51.94226],[34.20342,51.91231],[34.20941,51.9088],[34.22264,51.90316],[34.22843,51.89926],[34.23102,51.89453],[34.23463,51.88074],[34.23422,51.87828],[34.246,51.87546],[34.26492,51.8812],[34.2767,51.88123],[34.29458,51.87389],[34.32775,51.8505],[34.34729,51.8417],[34.3711,51.82681],[34.38573,51.81766],[34.41271,51.77769],[34.41416,51.73646],[34.37633,51.7086],[34.3569,51.70555],[34.29819,51.70615],[34.12797,51.68075],[34.08911,51.66662],[34.0795,51.6431],[34.09066,51.63321],[34.12601,51.627],[34.14007,51.62119],[34.14451,51.61378],[34.14885,51.59321],[34.15299,51.58398],[34.16032,51.57613],[34.20239,51.54616],[34.21541,51.532],[34.22368,51.51476],[34.22595,51.49288],[34.22378,51.48236],[34.215,51.46466],[34.2121,51.45503],[34.21324,51.44482],[34.21706,51.43606],[34.21965,51.42728],[34.21706,51.41707],[34.2088,51.41146],[34.18699,51.40831],[34.18192,51.40234],[34.18585,51.39415],[34.19598,51.38562],[34.21572,51.37376],[34.2305,51.36767],[34.24735,51.36343],[34.2644,51.36121],[34.28032,51.36126],[34.30016,51.36839],[34.30874,51.33462],[34.28362,51.30124],[34.24394,51.27408],[34.18595,51.24891],[34.25789,51.22956],[34.28176,51.22644],[34.29954,51.23163],[34.33695,51.25114],[34.37178,51.25685],[34.40899,51.25313],[34.48041,51.23698],[34.51348,51.22956],[34.57818,51.23669],[34.60836,51.23401],[34.62241,51.22476],[34.62851,51.21106],[34.63316,51.19561],[34.64277,51.18062],[34.65745,51.17166],[34.67492,51.16768],[34.74809,51.16473],[34.81754,51.17473],[34.89961,51.19646],[34.94611,51.21429],[34.96182,51.21532],[34.98032,51.20954],[34.99945,51.20209],[35.01877,51.20455],[35.03872,51.21016],[35.05939,51.21233],[35.07872,51.20763],[35.09132,51.19768],[35.09918,51.18318],[35.12378,51.09133],[35.14362,51.05849],[35.17256,51.04063],[35.20646,51.03893],[35.27426,51.0488],[35.30868,51.04733],[35.32842,51.04317],[35.3464,51.0366],[35.35508,51.0256],[35.34671,51.00826],[35.33255,50.99994],[35.27808,50.99265],[35.28222,50.98154],[35.28222,50.96111],[35.28222,50.95426],[35.2848,50.94433],[35.29359,50.93762],[35.31715,50.9342],[35.32914,50.92909],[35.34175,50.91586],[35.34299,50.90413],[35.34041,50.89183],[35.34144,50.87648],[35.34857,50.86377],[35.36903,50.84604],[35.37772,50.83375],[35.37968,50.81959],[35.37741,50.80755],[35.37906,50.79721],[35.39312,50.78837],[35.41823,50.77892],[35.42939,50.77215],[35.43849,50.76238],[35.44707,50.73432],[35.44376,50.70946],[35.44541,50.6875],[35.46887,50.66854],[35.39156,50.64637],[35.37617,50.63459],[35.37772,50.62182],[35.42526,50.50048],[35.44645,50.47604],[35.48014,50.4669],[35.50195,50.46431],[35.52272,50.45951],[35.54081,50.45005],[35.55466,50.43325],[35.5623,50.40964],[35.56385,50.39181],[35.57016,50.37646],[35.59217,50.36049],[35.6114,50.35171],[35.63155,50.34499],[35.65212,50.34111],[35.6732,50.34018],[35.69221,50.34417],[35.69687,50.34515],[35.71031,50.35563],[35.72126,50.36871],[35.73769,50.38158],[35.74617,50.38395],[35.76539,50.38452],[35.77438,50.3869],[35.78555,50.3945],[35.80539,50.41217],[35.81934,50.41904],[35.83743,50.42323],[35.93189,50.43015],[36.10584,50.42111],[36.13323,50.4116],[36.14077,50.39295],[36.1693,50.3837],[36.26903,50.28138],[36.29198,50.27404],[36.31585,50.27486],[36.33952,50.28148],[36.36143,50.29166],[36.38096,50.30406],[36.38799,50.30644],[36.40019,50.30665],[36.41,50.30458],[36.43057,50.29688],[36.45269,50.29357],[36.48018,50.28086],[36.51212,50.27642],[36.52111,50.27409],[36.53641,50.26753],[36.53889,50.26505],[36.5361,50.26091],[36.53393,50.23869],[36.53165,50.22882],[36.53465,50.21993],[36.54953,50.21218],[36.57103,50.20691],[36.59439,50.20443],[36.61692,50.20639],[36.63583,50.21404],[36.64441,50.22226],[36.66043,50.24386],[36.66983,50.25301],[36.68265,50.26065],[36.84863,50.3237],[36.91406,50.3391],[36.9801,50.34215],[37.05172,50.33533],[37.19704,50.36241],[37.2267,50.37708],[37.2852,50.41527],[37.31475,50.42297],[37.41521,50.43186],[37.43527,50.42493],[37.45025,50.39899],[37.46379,50.36654],[37.48002,50.34003],[37.56818,50.31254],[37.59918,50.29089],[37.60156,50.24903],[37.59153,50.22531],[37.58864,50.21461],[37.59029,50.20381],[37.59712,50.19694],[37.63184,50.1741],[37.72765,50.0787],[37.76341,50.06258],[37.84278,50.03912],[37.88175,50.02305],[37.91586,50.00331],[37.94655,49.97819],[37.979,49.94145],[37.98004,49.93959],[37.99533,49.92135],[37.99585,49.9059],[38.0004,49.8998],[38.02292,49.90914],[38.06654,49.92724],[38.07915,49.92992],[38.09031,49.92843],[38.1084,49.92068],[38.11905,49.91918],[38.16618,49.94057],[38.17134,49.98408],[38.16411,50.03038],[38.17393,50.06015],[38.18984,50.06278],[38.25382,50.05906],[38.28121,50.06242],[38.29991,50.06051],[38.31407,50.0495],[38.34415,49.99209],[38.35604,49.98057],[38.37629,49.97494],[38.42011,49.97178],[38.43779,49.96729],[38.46115,49.9569],[38.49753,49.94817],[38.57018,49.95664],[38.61948,49.95075],[38.62889,49.95333],[38.63778,49.95721],[38.66217,49.96258],[38.66465,49.96517],[38.66434,49.96269],[38.67281,49.943],[38.6756,49.92703],[38.68098,49.9183],[38.68728,49.9138],[38.74785,49.88543],[38.85223,49.86579],[38.88634,49.84518],[38.91052,49.82058],[38.9374,49.80347],[39.03227,49.80735],[39.04912,49.81055],[39.06834,49.82109],[39.09987,49.85164],[39.11713,49.8644],[39.15578,49.8736],[39.18101,49.85949],[39.18276,49.85851],[39.23805,49.76513],[39.26089,49.74451],[39.28993,49.73206],[39.32766,49.72632],[39.36724,49.73185],[39.406,49.74425],[39.44362,49.74952],[39.47989,49.73361],[39.49912,49.72813],[39.55751,49.72399],[39.57043,49.7133],[39.58159,49.69071],[39.59741,49.64798],[39.62293,49.61346],[39.65332,49.59982],[39.68867,49.59346],[39.72918,49.5808],[39.78106,49.5484],[39.80153,49.5422],[39.82871,49.54147],[39.85941,49.54556],[39.88938,49.55326],[39.9147,49.56297],[39.97402,49.60256],[39.99811,49.60824],[40.01774,49.60788],[40.11552,49.59057],[40.1185,49.58845],[40.13071,49.57982],[40.12606,49.55909],[40.11066,49.54535],[40.072,49.53067],[40.05433,49.51977],[40.0349,49.48706],[40.04089,49.45548],[40.06198,49.42582],[40.10135,49.38546],[40.14807,49.3496],[40.15954,49.33358],[40.15717,49.31585],[40.1427,49.2819],[40.14166,49.24578],[40.13401,49.23627],[40.11024,49.22764],[40.09092,49.21726],[40.05774,49.18279],[40.03841,49.16852],[39.97961,49.14186],[39.95211,49.12455],[39.93093,49.10057],[39.92607,49.08651],[39.92338,49.05799],[39.91873,49.04781],[39.90726,49.04259],[39.89134,49.04176],[39.86199,49.04512],[39.8315,49.04528],[39.74892,49.02621],[39.69828,49.02838],[39.68112,49.02032],[39.67399,48.97014],[39.68753,48.95758],[39.70779,48.9488],[39.72598,48.93701],[39.73941,48.91898],[39.74737,48.90534],[39.75874,48.89541],[39.78231,48.88844],[39.86189,48.87645],[39.89651,48.87991],[39.90819,48.87841],[39.91863,48.87247],[39.93764,48.85624],[39.95036,48.85278],[39.97227,48.86033],[39.98994,48.87567],[40.00885,48.88782],[40.03428,48.8856],[40.05381,48.86921],[40.05278,48.84973],[40.03872,48.82999],[40.0196,48.81315],[39.97527,48.78968],[39.93496,48.78669],[39.82416,48.81563],[39.80122,48.8149],[39.77941,48.80772],[39.75936,48.79284],[39.7512,48.78188],[39.74448,48.77051],[39.73631,48.76152],[39.7114,48.7548],[39.70293,48.74659],[39.64185,48.61171],[39.63172,48.58691],[39.67027,48.58841],[39.69011,48.59368],[39.80918,48.58375],[39.83532,48.57347],[39.85507,48.55611],[39.86271,48.53006],[39.86385,48.52275],[39.86612,48.51704],[39.8685,48.51291],[39.86953,48.50991],[39.8654,48.50149],[39.856,48.49937],[39.84669,48.49983],[39.84215,48.49906],[39.84473,48.4835],[39.85434,48.47544],[39.86478,48.46983],[39.8962,48.42392],[39.90684,48.39834],[39.91449,48.3847],[39.9241,48.37612],[39.90147,48.36118],[39.88411,48.34635],[39.81589,48.30816],[39.88483,48.27899],[39.90519,48.28065],[39.95739,48.29338],[39.97888,48.29008],[39.99325,48.27323],[39.99066,48.25375],[39.97764,48.23546],[39.96048,48.22207],[39.91263,48.19768],[39.89372,48.18298],[39.84308,48.11975],[39.83119,48.09998],[39.82902,48.07678],[39.84432,48.04567],[39.84297,48.0364],[39.84029,48.035],[39.83357,48.03619],[39.77879,48.02921],[39.76815,48.02433],[39.75988,48.01495],[39.76194,48.00978],[39.77011,48.0041],[39.78024,47.99314],[39.7944,47.97131],[39.79615,47.96136],[39.79398,47.9457],[39.79047,47.93775],[39.77983,47.92248],[39.77703,47.91374],[39.77755,47.90659],[39.7821,47.89289],[39.78292,47.88656],[39.77559,47.85801],[39.75905,47.83295],[39.73383,47.816],[39.70076,47.81153],[39.60061,47.82948],[39.57002,47.83093],[39.50935,47.82277],[39.47989,47.82613],[39.45705,47.83129],[39.41396,47.82318],[39.39163,47.82261],[39.37355,47.8283],[39.34006,47.84357],[39.3197,47.84602],[39.17356,47.83705],[39.13325,47.82954],[39.11351,47.82856],[39.09294,47.83209],[39.0391,47.85692],[39.03618,47.857],[38.87724,47.86124],[38.83094,47.84824],[38.79621,47.81992],[38.771,47.78083],[38.75332,47.73515],[38.74516,47.69311],[38.73451,47.67714],[38.71302,47.67572],[38.67788,47.68518],[38.66217,47.68329],[38.64336,47.67352],[38.60636,47.64505],[38.58765,47.6343],[38.56222,47.62663],[38.35294,47.6071],[38.31903,47.59131],[38.2934,47.56278],[38.27439,47.52785],[38.26033,47.49294],[38.26364,47.42171],[38.25795,47.39323],[38.23336,47.36241],[38.20338,47.33463],[38.19057,47.31691],[38.18871,47.30099],[38.20101,47.29063],[38.22033,47.28879],[38.25764,47.29275],[38.27573,47.29182],[38.29185,47.28704],[38.30095,47.27603],[38.29816,47.25603],[38.28472,47.24115],[38.26395,47.23154],[38.24131,47.22394],[38.2225,47.21523],[38.20349,47.19231],[38.19698,47.16239],[38.20142,47.13074],[38.21664,47.10326],[38.21648,47.1031],[38.1963,47.0895],[38.14226,47.03766],[38.10808,47.02635],[38.13038,47.05842],[38.13006,47.07465],[38.10434,47.08161],[38.07154,47.0998],[38.06658,47.09809],[38.06105,47.09496],[38.03517,47.0843],[38.02622,47.08161],[37.98764,47.09195],[37.96209,47.09593],[37.95045,47.09125],[37.86109,47.10151],[37.75327,47.07526],[37.7103,47.07416],[37.58074,47.0904],[37.5464,47.08161],[37.48292,47.03596],[37.37794,46.93391],[37.35174,46.89875],[37.33522,46.88247],[37.313,46.87556],[37.31739,46.90082],[37.29542,46.92023],[37.26075,46.93268],[37.22706,46.937],[37.20818,46.93358],[37.16228,46.90908],[37.04656,46.87775],[37.02882,46.87556],[37.01775,46.87128],[36.98487,46.85248],[36.97381,46.84829],[36.93881,46.8395],[36.88624,46.80402],[36.85369,46.80048],[36.86248,46.77692],[36.84913,46.75446],[36.8296,46.73188],[36.81959,46.70767],[36.81227,46.68057],[36.79371,46.65363],[36.7693,46.6374],[36.74383,46.64216],[36.74383,46.6496],[36.75123,46.6496],[36.77166,46.64346],[36.79029,46.67129],[36.80226,46.70702],[36.8025,46.72476],[36.79428,46.72919],[36.75807,46.75886],[36.74285,46.76472],[36.71013,46.77277],[36.69606,46.77998],[36.67921,46.77302],[36.66163,46.77375],[36.63396,46.77998],[36.61704,46.77668],[36.60597,46.76944],[36.59783,46.76215],[36.59002,46.75886],[36.5241,46.75886],[36.48268,46.74168],[36.43247,46.73485],[36.40016,46.72394],[36.3711,46.70844],[36.30348,46.65925],[36.28435,46.63642],[36.27833,46.60741],[36.27084,46.60741],[36.27117,46.62222],[36.26759,46.62556],[36.25782,46.62173],[36.24789,46.61904],[36.24676,46.61274],[36.24578,46.61083],[36.24073,46.61994],[36.24334,46.62409],[36.24448,46.63052],[36.24431,46.63532],[36.23292,46.64069],[36.23064,46.64216],[36.22185,46.65404],[36.21664,46.65868],[36.20997,46.66266],[36.18946,46.66901],[36.17172,46.66861],[36.13445,46.66266],[36.06202,46.67011],[35.92555,46.65229],[35.90162,46.65274],[35.82716,46.62336],[35.77117,46.60126],[35.74195,46.58442],[35.66131,46.51927],[35.62867,46.49848],[35.51051,46.45722],[35.49147,46.44798],[35.47576,46.4357],[35.44549,46.40599],[35.43002,46.39558],[35.39503,46.37861],[35.38014,46.36848],[35.28452,46.25922],[35.27955,46.25515],[35.26352,46.24226],[35.20948,46.16987],[35.18474,46.14549],[35.16179,46.12824],[35.1211,46.11848],[35.09653,46.10419],[35.06227,46.09862],[35.03858,46.08609],[35.00001,46.07364],[34.98211,46.07783],[34.98536,46.08747],[35.0171,46.11278],[35.05193,46.12824],[35.04908,46.13207],[35.04444,46.14191],[35.14894,46.16413],[35.20045,46.18301],[35.22787,46.22175],[35.2518,46.24022],[35.26222,46.25731],[35.29135,46.29336],[35.32781,46.31924],[35.34213,46.33576],[35.34604,46.36103],[35.32887,46.34805],[35.31153,46.33763],[35.29176,46.33641],[35.26759,46.35106],[35.25856,46.37336],[35.2645,46.39981],[35.28452,46.4374],[35.27711,46.44074],[35.26092,46.4416],[35.2505,46.44355],[35.24318,46.44697],[35.23032,46.45551],[35.21461,46.46263],[35.20167,46.4763],[35.19142,46.49429],[35.18832,46.51244],[35.16668,46.49315],[35.174,46.47333],[35.19207,46.45506],[35.202,46.4405],[35.20509,46.42756],[35.2107,46.42015],[35.21372,46.41181],[35.20948,46.39643],[35.20151,46.38532],[35.16782,46.36103],[35.10841,46.29776],[35.10507,46.29507],[35.07504,46.27106],[35.03077,46.25178],[34.93605,46.23542],[34.92652,46.23505],[34.91407,46.2381],[34.90805,46.24429],[34.90724,46.25165],[34.9048,46.25568],[34.89357,46.25178],[34.88657,46.24274],[34.88543,46.23139],[34.88217,46.22175],[34.83888,46.20767],[34.83513,46.20319],[34.81764,46.18623],[34.81227,46.17666],[34.81129,46.16625],[34.81324,46.15827],[34.8191,46.14191],[34.82423,46.07795],[34.82895,46.06342],[34.83855,46.04755],[34.87436,45.92609],[34.88347,45.91283],[34.89519,45.90103],[34.90504,45.88862],[34.95818,45.78954],[35.00189,45.729],[34.97567,45.71732],[34.95233,45.72199],[34.91733,45.74766],[34.87066,45.77333],[34.80998,45.785],[34.78898,45.80366],[34.78431,45.82933],[34.78431,45.869],[34.78431,45.89934],[34.76331,45.93201],[34.73531,45.95301],[34.68864,45.97402],[34.64197,45.98102],[34.59996,45.97868],[34.56963,45.97635],[34.52995,45.98102],[34.52062,45.96935],[34.50429,45.95068],[34.46461,45.95535],[34.43428,45.97168],[34.41094,45.98802],[34.39227,46.00902],[34.37827,46.03002],[34.36194,46.05569],[34.33393,46.06969],[34.30126,46.06969],[34.27326,46.08369],[34.23592,46.0977],[34.20092,46.10003],[34.16125,46.09069],[34.10524,46.09536],[34.06791,46.1047],[34.0259,46.11636],[33.9909,46.13036],[33.94423,46.1537],[33.89289,46.17704],[33.84622,46.1957],[33.80188,46.20271],[33.75521,46.19337],[33.71573,46.19574],[33.67028,46.21811],[33.66162,46.21017],[33.67146,46.17295],[33.66045,46.14818],[33.62852,46.12494],[33.61346,46.14521],[33.59653,46.15575],[33.57154,46.14936],[33.54982,46.13642],[33.53248,46.12153],[33.53126,46.10688],[33.55787,46.09471],[33.55787,46.08731],[33.53126,46.08592],[33.50563,46.08027],[33.49578,46.06786],[33.51629,46.04633],[33.50636,46.04682],[33.48553,46.05317],[33.42384,46.05329],[33.41529,46.05809],[33.38429,46.08759],[33.35776,46.10383],[33.33107,46.10749],[33.3108,46.08731],[33.30584,46.09235],[33.30144,46.09365],[33.2964,46.09357],[33.29029,46.09471],[33.30689,46.10615],[33.31772,46.1197],[33.31568,46.13101],[33.29347,46.13569],[33.21461,46.12824],[33.22185,46.14151],[33.22535,46.15412],[33.23512,46.22382],[33.21193,46.20629],[33.195,46.1787],[33.17506,46.15314],[33.14324,46.14191],[33.13551,46.14069],[33.12289,46.13589],[33.1128,46.13569],[33.10328,46.13837],[33.0818,46.14936],[33.02345,46.16987],[33.03248,46.14102],[33.01824,46.12767],[32.9131,46.11518],[32.89926,46.11522],[32.89161,46.11668],[32.88266,46.12067],[32.87615,46.12141],[32.8532,46.12035],[32.84457,46.12141],[32.78981,46.13435],[32.76629,46.13569],[32.75131,46.13304],[32.71404,46.12006],[32.58823,46.1044],[32.57781,46.10155],[32.56756,46.09658],[32.55104,46.0843],[32.54371,46.08047],[32.50343,46.07612],[32.3025,46.11668],[32.28053,46.12759],[32.26775,46.12661],[32.26246,46.12824],[32.26051,46.13215],[32.25733,46.14496],[32.25563,46.14936],[32.25172,46.15689],[32.24741,46.17072],[32.24195,46.17666],[32.26092,46.18863],[32.26678,46.19481],[32.2693,46.20458],[32.23927,46.19526],[32.21314,46.19306],[32.18735,46.19672],[32.14259,46.20799],[32.12867,46.2097],[32.11541,46.21455],[32.07789,46.2495],[32.05014,46.26606],[32.01808,46.25751],[31.96843,46.2757],[31.88575,46.32001],[31.88404,46.30866],[31.88795,46.29515],[31.8899,46.28384],[31.88234,46.27912],[31.81918,46.28059],[31.80112,46.28506],[31.7859,46.29239],[31.77247,46.30268],[31.76734,46.31818],[31.77996,46.33177],[31.79981,46.34223],[31.81674,46.34797],[31.83741,46.34956],[31.89259,46.34113],[31.96827,46.35106],[31.97731,46.35529],[32.02963,46.38898],[32.04168,46.39086],[32.05519,46.39057],[32.06186,46.39379],[32.05356,46.40599],[32.00782,46.44896],[31.99171,46.45356],[31.9546,46.45099],[31.91065,46.45588],[31.77166,46.49584],[31.74855,46.49994],[31.72641,46.50088],[31.7107,46.49543],[31.69597,46.48412],[31.69028,46.47858],[31.68653,46.47089],[31.68507,46.46137],[31.68653,46.42988],[31.66359,46.47211],[31.65577,46.47834],[31.64145,46.48208],[31.52443,46.56419],[31.50831,46.58759],[31.54029,46.57005],[31.56666,46.55036],[31.58155,46.54523],[31.75636,46.55427],[31.79021,46.54727],[31.84791,46.52302],[31.85174,46.52196],[31.86183,46.51927],[31.94711,46.51927],[32.03346,46.50629],[32.09116,46.51284],[32.11166,46.51244],[32.22153,46.49543],[32.27613,46.47089],[32.31756,46.46434],[32.36101,46.46686],[32.39967,46.47834],[32.42701,46.49885],[32.40838,46.51728],[32.43572,46.54316],[32.50571,46.58413],[32.52475,46.59272],[32.57097,46.59642],[32.58839,46.60431],[32.60377,46.61571],[32.61939,46.62352],[32.6338,46.63312],[32.64552,46.6496],[32.62184,46.64179],[32.59457,46.62832],[32.56739,46.61848],[32.54371,46.62173],[32.40903,46.56891],[32.33579,46.56216],[32.2693,46.58759],[32.25375,46.60472],[32.24822,46.60741],[32.23683,46.60444],[32.22006,46.59072],[32.21095,46.58759],[32.19972,46.58649],[32.18019,46.58177],[32.16993,46.58076],[32.14633,46.56025],[32.13209,46.5703],[32.11793,46.60688],[32.10108,46.61489],[32.03956,46.62348],[32.0228,46.62914],[32.00896,46.6398],[31.99293,46.65742],[31.97983,46.67707],[31.97446,46.694],[31.97071,46.71288],[31.96144,46.72761],[31.95021,46.74177],[31.94028,46.75886],[31.93621,46.80036],[31.95476,46.83145],[31.9817,46.86034],[32.00245,46.89545],[32.0075,46.91523],[32.00668,46.93049],[31.99594,46.94038],[31.94606,46.94668],[31.93588,46.95482],[31.93922,46.96796],[31.96892,46.99868],[31.9769,47.00935],[31.97096,47.01634],[31.9437,47.01895],[31.90016,47.01362],[31.88111,47.01504],[31.86525,47.02635],[31.89324,47.06843],[31.89682,47.09272],[31.88234,47.1186],[31.86818,47.12735],[31.85572,47.12962],[31.84555,47.13402],[31.8379,47.14924],[31.83473,47.1682],[31.83448,47.17894],[31.83058,47.18675],[31.81674,47.19709],[31.75766,47.21621],[31.74855,47.22846],[31.75327,47.24852],[31.75213,47.25585],[31.74171,47.2591],[31.7378,47.25536],[31.72381,47.23749],[31.72055,47.23188],[31.72682,47.22053],[31.74244,47.20917],[31.76173,47.20051],[31.80616,47.19269],[31.81625,47.18085],[31.8156,47.12263],[31.82,47.11709],[31.84474,47.11298],[31.85157,47.10834],[31.85662,47.10366],[31.86183,47.10151],[31.87428,47.09382],[31.86647,47.07705],[31.85231,47.06053],[31.84474,47.0537],[31.83741,47.00845],[31.86899,46.99885],[31.91407,47.00308],[31.94711,46.99909],[31.91774,46.97626],[31.90431,46.96052],[31.89943,46.94383],[31.90772,46.92646],[31.92563,46.92292],[31.9476,46.92817],[31.96827,46.937],[31.97283,46.91535],[31.96339,46.88569],[31.94508,46.85952],[31.92319,46.84829],[31.89861,46.84292],[31.87745,46.82827],[31.86476,46.80659],[31.86525,46.77998],[31.90284,46.74518],[31.90675,46.73823],[31.89943,46.694],[31.90235,46.67699],[31.90748,46.66918],[31.90854,46.66275],[31.89943,46.6496],[31.8921,46.64362],[31.87013,46.63312],[31.85841,46.62914],[31.81471,46.62303],[31.7715,46.62751],[31.67408,46.65322],[31.61443,46.6496],[31.59718,46.64321],[31.58872,46.62958],[31.57887,46.61734],[31.55681,46.61489],[31.54851,46.61807],[31.53452,46.62718],[31.5254,46.62914],[31.50416,46.628],[31.49301,46.62873],[31.48504,46.63227],[31.48097,46.64643],[31.4909,46.6634],[31.54615,46.72761],[31.56023,46.74909],[31.55983,46.75886],[31.57211,46.7663],[31.61818,46.81346],[31.60613,46.8264],[31.59783,46.82046],[31.59132,46.80598],[31.584,46.79365],[31.57667,46.78937],[31.55738,46.78364],[31.54933,46.77998],[31.54347,46.77485],[31.52418,46.75406],[31.52296,46.75031],[31.51954,46.74746],[31.50831,46.74518],[31.49562,46.75072],[31.48162,46.75886],[31.46681,46.7836],[31.45606,46.79605],[31.44068,46.80048],[31.45191,46.77546],[31.45379,46.76911],[31.45582,46.75458],[31.46193,46.74868],[31.47071,46.74535],[31.50213,46.72773],[31.50587,46.7204],[31.4983,46.70767],[31.47967,46.6872],[31.4782,46.68378],[31.46266,46.67524],[31.42856,46.63764],[31.41619,46.62914],[31.39666,46.62604],[31.35222,46.60932],[31.33766,46.60126],[31.3239,46.60615],[31.29575,46.60887],[31.28297,46.61489],[31.27556,46.60741],[31.25668,46.6164],[31.18686,46.62914],[31.15952,46.62897],[31.10816,46.61774],[31.05454,46.61274],[31.01303,46.60334],[30.99138,46.60126],[30.98243,46.5974],[30.95924,46.5834],[30.95045,46.58413],[30.93914,46.58771],[30.92604,46.5843],[30.86695,46.55581],[30.8545,46.55341],[30.81251,46.56005],[30.80258,46.56025],[30.7907,46.55292],[30.76092,46.52436],[30.75489,46.51586],[30.75831,46.50259],[30.77524,46.47769],[30.78207,46.45722],[30.7859,46.45726],[30.79347,46.45234],[30.79819,46.44644],[30.79298,46.44355],[30.79038,46.44147],[30.78679,46.43651],[30.78354,46.43085],[30.77475,46.40062],[30.77247,46.39643],[30.73129,46.35859],[30.71453,46.34797],[30.66065,46.3509],[30.65187,46.34455],[30.6565,46.33902],[30.67937,46.32832],[30.68653,46.32001],[30.68678,46.30903],[30.68238,46.29955],[30.65349,46.25959],[30.58351,46.19033],[30.56186,46.16169],[30.5477,46.14777],[30.53199,46.14191],[30.52329,46.13377],[30.50343,46.09439],[30.49415,46.08047],[30.37127,45.99795],[30.2614,45.89549],[30.20493,45.85586],[30.13844,45.81977],[30.14096,45.83295],[30.13527,45.88915],[30.12745,45.89134],[30.11834,45.88451],[30.11061,45.87507],[30.10581,45.86347],[30.10231,45.83686],[30.1006,45.83031],[30.09685,45.82372],[30.09645,45.81843],[30.09457,45.81485],[30.08668,45.81354],[30.08432,45.81562],[30.07838,45.8194],[30.07244,45.82099],[30.06959,45.81672],[30.06121,45.81346],[30.01466,45.83967],[29.99073,45.84707],[29.96852,45.83893],[29.96046,45.81916],[29.95826,45.79462],[29.95289,45.77196],[29.94304,45.78352],[29.93238,45.79243],[29.93238,45.79987],[29.93914,45.81045],[29.93507,45.81615],[29.92628,45.81379],[29.91871,45.79987],[29.91774,45.7829],[29.92237,45.76944],[29.93019,45.7591],[29.9393,45.75153],[29.93238,45.72419],[29.92742,45.73371],[29.91969,45.74055],[29.8982,45.75153],[29.89576,45.75536],[29.89682,45.75991],[29.89617,45.76362],[29.88771,45.76512],[29.88168,45.76301],[29.87875,45.75829],[29.8768,45.75361],[29.87403,45.75153],[29.85084,45.75113],[29.82374,45.74763],[29.80242,45.73749],[29.79575,45.71735],[29.80323,45.70417],[29.81642,45.6977],[29.84303,45.69066],[29.85825,45.67988],[29.865,45.67235],[29.86012,45.66893],[29.84254,45.66389],[29.82667,45.65424],[29.80958,45.64859],[29.78907,45.65526],[29.78614,45.64891],[29.78386,45.64663],[29.78435,45.64362],[29.78907,45.63544],[29.7741,45.62958],[29.74594,45.62263],[29.73373,45.61433],[29.73504,45.64057],[29.72397,45.66743],[29.70525,45.68842],[29.68263,45.69685],[29.68531,45.70425],[29.67921,45.75153],[29.6858,45.76773],[29.69223,45.77534],[29.69386,45.78132],[29.68588,45.79243],[29.68043,45.79828],[29.67758,45.8002],[29.674,45.80158],[29.65333,45.81387],[29.64747,45.81855],[29.64283,45.82722],[29.63819,45.82632],[29.63356,45.82136],[29.63136,45.81354],[29.63461,45.80663],[29.64869,45.79361],[29.65187,45.78901],[29.64796,45.78119],[29.62957,45.76349],[29.62387,45.75153],[29.62273,45.73623],[29.62534,45.72826],[29.63071,45.7215],[29.63754,45.70991],[29.6032,45.69131],[29.59718,45.65229],[29.59938,45.60444],[29.58969,45.55907],[29.615,45.55012],[29.62908,45.5467],[29.64845,45.5454],[29.66684,45.54816],[29.68116,45.55512],[29.70704,45.57331],[29.69451,45.5622],[29.66163,45.52587],[29.64845,45.51813],[29.63803,45.51386],[29.63168,45.50446],[29.62672,45.49506],[29.62086,45.49079],[29.60515,45.48701],[29.60572,45.47818],[29.6211,45.45441],[29.62965,45.44693],[29.6408,45.4418],[29.65187,45.44302],[29.65561,45.45185],[29.65382,45.46402],[29.65602,45.47419],[29.67237,45.47712],[29.67237,45.45384],[29.6753,45.44961],[29.68149,45.45018],[29.68653,45.45356],[29.68588,45.45726],[29.69435,45.45551],[29.70216,45.45661],[29.70867,45.45279],[29.71323,45.43623],[29.71974,45.45136],[29.72446,45.46817],[29.73227,45.47574],[29.74741,45.46345],[29.75465,45.44725],[29.75587,45.42788],[29.74781,45.41429],[29.72771,45.41568],[29.74187,45.40453],[29.75017,45.38581],[29.75392,45.36408],[29.7562,45.32123],[29.75489,45.31269],[29.75147,45.30414],[29.74293,45.29047],[29.74122,45.28221],[29.72975,45.25812],[29.72771,45.24775],[29.72869,45.23933],[29.72975,45.23774],[29.72804,45.23688],[29.70875,45.22333],[29.69239,45.21674],[29.67449,45.21357],[29.65903,45.21589],[29.66421,45.22318],[29.66649,45.23063],[29.66499,45.23786],[29.65925,45.24417],[29.67228,45.27295],[29.66711,45.31186],[29.65026,45.34612],[29.62814,45.3608],[29.61636,45.36535],[29.5697,45.39496],[29.43064,45.43041],[29.35374,45.43594],[29.34392,45.43811],[29.33297,45.44214],[29.32212,45.44384],[29.31282,45.43935],[29.30703,45.43413],[29.29928,45.42891],[29.29049,45.42462],[29.28181,45.42229],[29.26083,45.42204],[29.2446,45.42421],[29.22817,45.42374],[29.20667,45.41542],[29.19158,45.40617],[29.18311,45.39899],[29.17939,45.39186],[29.17432,45.38896],[29.15014,45.38788],[29.14187,45.38509],[29.1275,45.37454],[29.1103,45.36907],[29.06952,45.3608],[29.01816,45.33088],[29.00462,45.32607],[28.98245,45.3255],[28.97366,45.3237],[28.96648,45.31987],[28.96043,45.31129],[28.95738,45.29202],[28.95284,45.28509],[28.92989,45.2791],[28.91005,45.28737],[28.89362,45.29982],[28.88085,45.30618],[28.85811,45.30907],[28.83181,45.3223],[28.81631,45.32607],[28.78975,45.32142],[28.78861,45.30711],[28.79016,45.29207],[28.76153,45.28184],[28.75967,45.27419],[28.76256,45.26514],[28.76727,45.25776],[28.77429,45.25336],[28.80267,45.24417],[28.7914,45.23497],[28.77869,45.23109],[28.74737,45.23047],[28.71006,45.22696],[28.57705,45.24809],[28.49416,45.27889],[28.40517,45.29507],[28.37024,45.30922],[28.35329,45.31243],[28.33024,45.32292],[28.31081,45.34783],[28.2812,45.40183],[28.28642,45.42173],[28.26688,45.44048],[28.23764,45.45206],[28.21515,45.45036],[28.21293,45.4502],[28.1995,45.46177],[28.20156,45.46885],[28.20849,45.48141],[28.21717,45.49319],[28.21728,45.49335],[28.27042,45.52147],[28.2705,45.52151],[28.34192,45.51764],[28.41685,45.50379],[28.48093,45.50198],[28.50201,45.50875],[28.50646,45.52058],[28.50005,45.55459],[28.49798,45.55644],[28.49824,45.55872],[28.50374,45.5661],[28.5046,45.56725],[28.51044,45.57102],[28.53689,45.5798],[28.5231,45.59324],[28.51875,45.60704],[28.5169,45.62099],[28.51131,45.63504],[28.4985,45.64429],[28.48289,45.65075],[28.474,45.65794],[28.48093,45.66946],[28.50418,45.6937],[28.51524,45.70202],[28.5325,45.71008],[28.56144,45.71659],[28.56764,45.7246],[28.56352,45.73549],[28.56061,45.7432],[28.57668,45.76191],[28.64361,45.76651],[28.66975,45.77731],[28.67327,45.78687],[28.67192,45.79726],[28.66939,45.8063],[28.66975,45.81204],[28.6773,45.81658],[28.70639,45.82113],[28.72556,45.82878],[28.73828,45.83756],[28.74505,45.85048],[28.74644,45.87059],[28.74231,45.88733],[28.72841,45.92195],[28.72918,45.93864],[28.74024,45.95322],[28.7576,45.96117],[28.93196,45.99316],[28.95687,46.00138],[28.95894,46.02102],[28.94116,46.06468],[28.93878,46.08928],[28.94643,46.10509],[28.98085,46.13212],[29.00348,46.15894],[29.01536,46.18261],[29.00984,46.20436],[28.98411,46.22122],[28.95077,46.24307],[28.95061,46.24312],[28.93351,46.25899],[28.93289,46.27263],[28.93992,46.28699],[28.94581,46.30498],[28.94488,46.32074],[28.92731,46.36802],[28.91925,46.40466],[28.92545,46.43277],[28.94581,46.45479],[29.02033,46.48951],[29.05591,46.49874],[29.07495,46.50367],[29.16275,46.53809],[29.18306,46.53804],[29.18424,46.53804],[29.20021,46.52398],[29.20678,46.50251],[29.2076,46.41789],[29.20564,46.40611],[29.19928,46.3965],[29.19034,46.3872],[29.18342,46.37761],[29.18373,46.36717],[29.20068,46.35712],[29.2229,46.36647],[29.25917,46.39435],[29.27137,46.39743],[29.27819,46.39588],[29.28326,46.39743],[29.29008,46.41024],[29.2907,46.41926],[29.28594,46.43949],[29.28915,46.45164],[29.30672,46.472],[29.32077,46.46874],[29.34423,46.43417],[29.36211,46.41593],[29.37472,46.41619],[29.41823,46.46249],[29.43684,46.4767],[29.45672,46.48437],[29.45761,46.48471],[29.48087,46.48205],[29.48645,46.47587],[29.48821,46.46936],[29.48624,46.46249],[29.48087,46.45551],[29.47529,46.44755],[29.47332,46.4398],[29.47508,46.43226],[29.48087,46.42515],[29.49606,46.42081],[29.52748,46.41665],[29.54143,46.41303],[29.55564,46.4042],[29.56944,46.38229],[29.58298,46.36965],[29.59859,46.36306],[29.61564,46.36182],[29.63207,46.36606],[29.64551,46.37559],[29.65295,46.3919],[29.64799,46.41639],[29.6544,46.4227],[29.68272,46.42293],[29.70287,46.42833],[29.71382,46.44306],[29.71413,46.47117],[29.72695,46.4558],[29.77956,46.4211],[29.80033,46.39836],[29.80508,46.38999],[29.80674,46.38089],[29.80617,46.36156],[29.80819,46.35469],[29.82813,46.3394],[29.84777,46.34146],[29.88467,46.3642],[29.90255,46.37118],[29.91867,46.37366],[30.03727,46.36893],[30.08114,46.3742],[30.10719,46.3919],[30.13158,46.42283],[30.11824,46.42869],[30.10202,46.43073],[30.08693,46.42887],[30.07701,46.42283],[30.06001,46.4368],[30.01406,46.46202],[30.02171,46.47065],[30.00941,46.48807],[30.00285,46.49422],[29.99494,46.49853],[29.98926,46.49869],[29.97706,46.49318],[29.97055,46.49174],[29.96704,46.49386],[29.96208,46.50344],[29.96022,46.50595],[29.91609,46.51881],[29.90193,46.53083],[29.89883,46.55313],[29.91609,46.55437],[29.9381,46.55734],[29.94967,46.57886],[29.9474,46.58835],[29.93495,46.60884],[29.93128,46.61917],[29.9319,46.63237],[29.93541,46.64186],[29.94027,46.6508],[29.9444,46.66248],[29.95262,46.72469],[29.95112,46.74312],[29.94668,46.75074],[29.93567,46.76516],[29.9318,46.77244],[29.93045,46.78164],[29.93066,46.80309],[29.92818,46.80975],[29.91743,46.81397],[29.90771,46.81094],[29.89852,46.80665],[29.88963,46.80717],[29.88487,46.81267],[29.87692,46.83079],[29.87221,46.83771],[29.84363,46.85414],[29.81521,46.85662],[29.78576,46.85466],[29.75413,46.85802],[29.73584,46.86719],[29.71248,46.89344],[29.69615,46.90468],[29.68086,46.90856],[29.64809,46.91042],[29.63187,46.9144],[29.62329,46.91954],[29.60758,46.93202],[29.59848,46.93538],[29.57316,46.93373],[29.56748,46.93466],[29.55869,46.94574],[29.55983,46.95884],[29.56063,46.96126],[29.565,46.9745],[29.57249,47.01176],[29.58339,47.02279],[29.59543,47.03214],[29.60303,47.04576],[29.6021,47.06101],[29.59486,47.0746],[29.58339,47.08521],[29.57016,47.09144],[29.55135,47.0902],[29.53973,47.07888],[29.53099,47.06602],[29.52014,47.05992],[29.51146,47.06602],[29.48087,47.10524],[29.4787,47.10847],[29.47787,47.11154],[29.47859,47.11465],[29.48087,47.11749],[29.50867,47.1194],[29.53037,47.12369],[29.54484,47.13557],[29.55063,47.16017],[29.5404,47.21255],[29.54402,47.23425],[29.56872,47.24314],[29.58019,47.26045],[29.57926,47.2836],[29.57006,47.30678],[29.55657,47.32404],[29.53988,47.33422],[29.52097,47.33892],[29.50107,47.33982],[29.48087,47.33827],[29.47064,47.32275],[29.46609,47.30745],[29.45916,47.2935],[29.4417,47.28213],[29.42557,47.27867],[29.40955,47.27975],[29.39446,47.28471],[29.38082,47.29298],[29.37088,47.30443],[29.36759,47.30823],[29.36449,47.32244],[29.36408,47.33688],[29.35891,47.35272],[29.34584,47.36584],[29.33038,47.37049],[29.31468,47.37272],[29.30083,47.37819],[29.29271,47.38887],[29.28822,47.40078],[29.2814,47.41147],[29.2507,47.42538],[29.23261,47.44633],[29.21835,47.4516],[29.20187,47.44659],[29.19241,47.43581],[29.18207,47.42987],[29.16388,47.43938],[29.15562,47.45],[29.14001,47.48015],[29.13719,47.48401],[29.13066,47.49294],[29.1306,47.49305],[29.1305,47.4931],[29.1304,47.4932],[29.11743,47.53333],[29.1305,47.55963],[29.15618,47.58278],[29.18207,47.61322],[29.19241,47.65092],[29.19148,47.68626],[29.19696,47.7175],[29.22667,47.74324],[29.23861,47.756],[29.23473,47.7668],[29.22197,47.77481],[29.18745,47.78321],[29.17784,47.78972],[29.17773,47.8007],[29.18672,47.81822],[29.19892,47.82948],[29.21742,47.84289],[29.23277,47.85708],[29.23602,47.87072],[29.226,47.87558],[29.18662,47.88364],[29.17256,47.89101],[29.16461,47.9056],[29.15582,47.93987],[29.14797,47.95537],[29.13629,47.96818],[29.12399,47.97599],[29.11004,47.97966],[29.09273,47.98017],[29.06105,47.96976],[29.01723,47.93108],[28.98085,47.92638],[28.95036,47.9348],[28.93609,47.94216],[28.9148,47.95315],[28.88256,47.97676],[28.86209,48.0005],[28.85569,48.00792],[28.83925,48.01828],[28.83253,48.02482],[28.83078,48.03087],[28.82757,48.05702],[28.81155,48.08291],[28.80918,48.08978],[28.80835,48.09657],[28.80592,48.10381],[28.79925,48.11179],[28.77125,48.12445],[28.73507,48.12869],[28.66562,48.12934],[28.57363,48.15497],[28.5416,48.15595],[28.51932,48.14913],[28.50108,48.11283],[28.49979,48.10891],[28.49416,48.09185],[28.49374,48.07482],[28.49002,48.06549],[28.47958,48.06492],[28.45938,48.07446],[28.44744,48.08275],[28.41902,48.12223],[28.43566,48.13469],[28.4369,48.14985],[28.42729,48.16337],[28.41158,48.1707],[28.38863,48.16859],[28.37556,48.15665],[28.36497,48.14151],[28.34957,48.12973],[28.32859,48.12701],[28.31742,48.13536],[28.31556,48.14928],[28.32218,48.16321],[28.33789,48.17548],[28.35225,48.18187],[28.36336,48.19101],[28.37003,48.21163],[28.36817,48.23062],[28.35773,48.23861],[28.34058,48.24011],[28.29448,48.23649],[28.27753,48.22912],[28.26172,48.21995],[28.24032,48.21163],[28.21696,48.20814],[28.19991,48.21173],[28.18937,48.22305],[28.18575,48.24238],[28.17852,48.25886],[28.16208,48.25718],[28.13108,48.23959],[28.11557,48.23675],[28.09325,48.23744],[28.07868,48.24491],[28.09831,48.28411],[28.09284,48.30207],[28.07641,48.31493],[28.05594,48.3215],[28.00318,48.32588],[27.96706,48.32889],[27.92644,48.33943],[27.90453,48.36248],[27.89667,48.36718],[27.88537,48.37844],[27.86484,48.39891],[27.84986,48.40963],[27.78526,48.44157],[27.75177,48.45198],[27.62703,48.45126],[27.60687,48.45782],[27.60481,48.48412],[27.583,48.48603],[27.55706,48.47436],[27.54517,48.47237],[27.50383,48.47237],[27.48089,48.45141],[27.42022,48.41715],[27.40347,48.41149],[27.38983,48.41501],[27.36141,48.43281],[27.34219,48.43611],[27.30601,48.42366],[27.25193,48.37831],[27.24648,48.37374],[27.20855,48.36062],[27.17579,48.3618],[27.06882,48.38888],[27.04804,48.39767],[27.0374,48.39968],[27.02634,48.3971],[27.02541,48.38986],[27.0282,48.38139],[27.02779,48.37477],[27.02851,48.3708],[27.03182,48.36524],[27.03306,48.3602],[27.02768,48.35775],[27.01559,48.3594],[27.00464,48.35876],[26.99781,48.36154],[26.99058,48.36237],[26.98107,48.35568],[26.94324,48.35126],[26.90872,48.36524],[26.87596,48.384],[26.84278,48.39374],[26.83193,48.39136],[26.82842,48.38514],[26.82563,48.37777],[26.81695,48.37173],[26.81007,48.37188],[26.79359,48.37627],[26.78806,48.37596],[26.77752,48.36617],[26.77819,48.3572],[26.78408,48.34516],[26.78935,48.32594],[26.79008,48.30705],[26.78573,48.29411],[26.77436,48.28718],[26.75457,48.28615],[26.73592,48.29183],[26.72362,48.30258],[26.71297,48.31491],[26.69943,48.32511],[26.6798,48.33018],[26.67401,48.3217],[26.6691,48.30881],[26.63608,48.29488],[26.62512,48.28289],[26.61861,48.26718],[26.61789,48.25897],[26.5874,48.24936],[26.46131,48.23039],[26.44467,48.22773],[26.39744,48.22621],[26.38049,48.22321],[26.34731,48.2121],[26.33026,48.20851],[26.31176,48.20972],[26.30349,48.21205],[26.29615,48.179],[26.2975,48.15634],[26.28695,48.12471],[26.27073,48.0936],[26.25533,48.07234],[26.24323,48.06291],[26.21709,48.04802],[26.20479,48.03738],[26.18267,48.00327],[26.17306,47.99314],[26.12572,47.97842],[26.10253,47.97827],[26.02929,47.9778],[25.96573,47.9649],[25.91809,47.96816],[25.90124,47.96596],[25.87096,47.95702],[25.81835,47.95258],[25.75252,47.9346],[25.26174,47.89858],[25.21896,47.87847],[25.12191,47.77031],[25.08026,47.74313],[25.08005,47.74308],[25.07995,47.74293],[25.01742,47.72458],[24.94238,47.71556],[24.92886,47.71394],[24.8966,47.71006],[24.87779,47.71874],[24.85443,47.74313],[24.82074,47.78409],[24.80823,47.79574],[24.79366,47.80447],[24.71284,47.82592],[24.67914,47.84013],[24.66147,47.85388],[24.65692,47.8662],[24.65599,47.8793],[24.64927,47.89522],[24.63367,47.90829],[24.60845,47.92193],[24.56981,47.93729],[24.56163,47.94054],[24.5421,47.94382],[24.48556,47.9432],[24.42851,47.95253],[24.40919,47.95206],[24.38624,47.94369],[24.34718,47.92088],[24.29788,47.91979],[24.23101,47.89703],[24.2093,47.89759],[24.15018,47.91292],[24.14874,47.91212],[24.13117,47.91454],[24.09479,47.93793],[24.07494,47.94418],[24.02523,47.95325],[24.0088,47.96121],[23.97727,47.96229],[23.87661,47.93444],[23.85522,47.93423],[23.84839,47.94966],[23.79651,47.98198],[23.78008,47.98751],[23.71052,47.98508],[23.68727,47.98725],[23.64613,47.99661],[23.58174,48.00157],[23.56324,48.00575],[23.52562,48.00118],[23.51446,47.99898],[23.50371,47.99289],[23.49937,47.98622],[23.49431,47.98054],[23.48852,47.97586],[23.48548,47.97423],[23.48159,47.97216],[23.46082,47.97134],[23.39602,47.99307],[23.39447,47.99345],[23.39302,47.99358],[23.39157,47.99345],[23.39013,47.99307],[23.38217,47.99113],[23.37473,47.99056],[23.36729,47.99121],[23.36005,47.99314],[23.33752,48.01087],[23.28977,48.03821],[23.24864,48.07123],[23.23138,48.07973],[23.16172,48.0959],[23.13908,48.09813],[23.11862,48.09154],[23.09898,48.07123],[23.07655,48.02451],[23.06312,48.00746],[23.02033,47.98472],[23.00442,47.98307],[22.98819,47.98637],[22.97248,47.99289],[22.95708,48.00012],[22.9393,48.00565],[22.92411,48.00482],[22.91574,47.99299],[22.92421,47.97273],[22.91584,47.95919],[22.89786,47.95098],[22.8776,47.94674],[22.84081,47.96679],[22.83244,47.97893],[22.84949,47.99314],[22.85135,48.0088],[22.85796,48.01803],[22.86158,48.02839],[22.85476,48.0473],[22.84432,48.06105],[22.83099,48.07244],[22.80143,48.09097],[22.76557,48.10453],[22.76205,48.10926],[22.74572,48.11629],[22.72857,48.11314],[22.71162,48.10582],[22.69322,48.10177],[22.62118,48.10177],[22.60806,48.09683],[22.60547,48.09704],[22.6001,48.10112],[22.58304,48.12482],[22.56889,48.15652],[22.55576,48.17716],[22.48145,48.24259],[22.47742,48.24393],[22.47328,48.2445],[22.46905,48.24414],[22.44972,48.23768],[22.43422,48.23675],[22.4184,48.23897],[22.39877,48.24434],[22.39453,48.24476],[22.3905,48.24434],[22.38647,48.24305],[22.37861,48.23886],[22.37086,48.23739],[22.36363,48.23871],[22.35712,48.2431],[22.30813,48.29369],[22.29738,48.314],[22.29645,48.3278],[22.29872,48.33932],[22.29872,48.34914],[22.29128,48.35757],[22.28436,48.35839],[22.25676,48.35728],[22.25697,48.37322],[22.27185,48.40346],[22.23609,48.41529],[22.20198,48.41816],[22.16922,48.40953],[22.1593,48.40232],[22.15826,48.40222],[22.15651,48.40206],[22.13284,48.4048],[22.13377,48.47684],[22.14483,48.49311],[22.14834,48.50882],[22.13666,48.54934],[22.13873,48.56959],[22.15372,48.58587],[22.21904,48.62094],[22.22524,48.62822],[22.23568,48.64416],[22.24322,48.65119],[22.25552,48.65677],[22.28218,48.6624],[22.29428,48.66763],[22.3103,48.68168],[22.32249,48.70034],[22.3289,48.72158],[22.32766,48.74302],[22.33076,48.75641],[22.33841,48.76297],[22.34781,48.76788],[22.35649,48.77614],[22.36342,48.78762],[22.36569,48.79439],[22.36352,48.82829],[22.36156,48.83645],[22.36228,48.84425],[22.3689,48.85645],[22.3708,48.85825],[22.37841,48.86544],[22.40238,48.87883],[22.41179,48.88777],[22.41375,48.89386],[22.41365,48.90678],[22.41489,48.91169],[22.42729,48.92947],[22.449,48.97143],[22.46657,48.98053],[22.50501,48.98425],[22.52052,48.99293],[22.5201,49.00983],[22.52475,49.03287],[22.53199,49.05571],[22.53964,49.0722],[22.56072,49.08553],[22.58077,49.08145],[22.61829,49.05422],[22.64289,49.04316],[22.66438,49.04145],[22.68578,49.0428],[22.72195,49.04104],[22.74448,49.04554],[22.75533,49.04471],[22.76546,49.0384],[22.78396,49.02135],[22.79502,49.01902],[22.8129,49.01288],[22.83502,48.99975],[22.85528,48.99401],[22.86696,49.00998],[22.86501,49.01324],[22.86375,49.01536],[22.84753,49.0337],[22.84318,49.04311],[22.84442,49.0567],[22.85352,49.07628],[22.85342,49.08476],[22.84132,49.09489],[22.79647,49.11137],[22.77807,49.12031],[22.74882,49.14558],[22.71637,49.16057],[22.72019,49.16119],[22.72143,49.1616],[22.70573,49.16884],[22.6925,49.15793],[22.68784,49.15592],[22.68175,49.16124],[22.68712,49.17338],[22.70293,49.19503],[22.71709,49.23043],[22.73394,49.26087],[22.73776,49.27539],[22.72423,49.36706],[22.71978,49.38298],[22.7142,49.39063],[22.6926,49.40551],[22.67958,49.41895],[22.67679,49.42448],[22.67307,49.43585],[22.66686,49.47838],[22.66015,49.493],[22.64092,49.52876],[22.66583,49.56736],[22.74169,49.63366],[22.75895,49.6656],[22.76619,49.67423],[22.77735,49.68048],[22.79885,49.68327],[22.8098,49.68632],[22.82665,49.69738],[22.88825,49.76973],[22.89796,49.77743],[22.90675,49.7812],[22.92442,49.78544],[22.9331,49.79107],[22.93775,49.7982],[22.94592,49.81836],[22.95119,49.82662],[22.99305,49.85443],[23.10146,49.95711],[23.14125,49.98548],[23.17784,50.00398],[23.20792,50.03395],[23.43643,50.19347],[23.48159,50.21595],[23.53606,50.24277],[23.53617,50.24277],[23.53627,50.24283],[23.53637,50.24283],[23.56531,50.25781],[23.64417,50.31269],[23.65802,50.32561],[23.65868,50.327],[23.67125,50.35357],[23.6822,50.36825],[23.69574,50.37677],[23.713,50.3824],[23.74752,50.38938],[23.9287,50.39083],[23.98131,50.40478],[24.00322,50.4377],[24.00776,50.4485],[24.00942,50.46147],[24.00787,50.48074],[24.01066,50.49278],[24.07505,50.51428],[24.09396,50.52715],[24.10647,50.53862],[24.10771,50.54084],[24.10254,50.54363],[24.09541,50.55686],[24.08528,50.60441],[24.10843,50.62988],[24.10816,50.63029],[24.0828,50.66916],[24.07494,50.69019],[24.08104,50.71298],[24.05417,50.71716],[24.02688,50.72802],[24.01283,50.74331],[24.02585,50.76083],[24.02585,50.76703],[23.99795,50.7692],[23.97428,50.77618],[23.9595,50.78889],[23.95764,50.80801],[23.96994,50.82517],[23.99288,50.83623],[24.02048,50.83855],[24.04694,50.8291],[24.0673,50.83483],[24.10047,50.83499],[24.13086,50.83907],[24.14316,50.85643],[24.13024,50.86894],[24.04694,50.89803],[23.97934,50.93751],[23.96436,50.95322],[23.95888,50.96635],[23.95784,50.97534],[23.95505,50.98356],[23.944,50.9942],[23.9318,50.99947],[23.91909,51.00273],[23.91175,51.00681],[23.91599,51.01467],[23.91599,51.02087],[23.90421,51.06272],[23.89552,51.07611],[23.86927,51.10174],[23.85449,51.12153],[23.85821,51.13073],[23.87475,51.13613],[23.86359,51.14827],[23.81604,51.17879],[23.76519,51.19902],[23.74266,51.21625],[23.68727,51.2924],[23.67021,51.29938],[23.65089,51.29961],[23.63518,51.3047],[23.62867,51.32596],[23.63404,51.3393],[23.64779,51.354],[23.66556,51.36581],[23.68386,51.37028],[23.67766,51.38379],[23.6789,51.39407],[23.68603,51.40105],[23.6976,51.40443],[23.68944,51.41642],[23.64872,51.45397],[23.64717,51.46019],[23.66277,51.48019],[23.64861,51.48621],[23.63053,51.49042],[23.61482,51.49722],[23.6081,51.51122],[23.60624,51.5174],[23.61544,51.51311],[23.62412,51.5159],[23.62867,51.53122],[23.62629,51.54089],[23.59911,51.58897],[23.59332,51.59696],[23.59435,51.60496],[23.60645,51.61812],[23.61668,51.62478],[23.62898,51.62905],[23.72623,51.64486],[23.74969,51.64447],[23.82028,51.63127],[23.84529,51.62982],[23.88488,51.61987],[23.91289,51.59858],[23.94131,51.58192],[23.98131,51.586],[24.13075,51.66979],[24.24413,51.71821],[24.27235,51.74289],[24.29612,51.80813],[24.31152,51.82756],[24.3479,51.86115],[24.3696,51.8751],[24.39079,51.88001],[24.63977,51.89213],[24.70106,51.88291],[24.72183,51.88234],[25.00274,51.91048],[25.09266,51.93975],[25.13803,51.94895],[25.1833,51.94975],[25.35197,51.92148],[25.5474,51.91944],[25.68348,51.91802],[25.76791,51.92851],[25.98113,51.90347],[26.05059,51.90482],[26.08076,51.90066],[26.14536,51.86485],[26.17533,51.85671],[26.40777,51.85061],[26.41976,51.84686],[26.41997,51.83973],[26.41697,51.83064],[26.41925,51.82092],[26.43154,51.81022],[26.4456,51.8056],[26.66574,51.80139],[26.85477,51.74935],[26.92082,51.74253],[27.02159,51.76454],[27.10995,51.76242],[27.15109,51.75676],[27.17786,51.74708],[27.18416,51.73144],[27.18147,51.71013],[27.18106,51.68341],[27.18902,51.66377],[27.20359,51.65514],[27.22364,51.6537],[27.24793,51.65566],[27.27749,51.65114],[27.27449,51.6338],[27.25971,51.6123],[27.25403,51.59538],[27.26746,51.5875],[27.28927,51.58897],[27.32906,51.59696],[27.38838,51.59073],[27.409,51.59171],[27.43097,51.59843],[27.45877,51.6175],[27.47727,51.62367],[27.51231,51.62313],[27.51243,51.6231],[27.62062,51.5959],[27.67684,51.59481],[27.69265,51.58923],[27.70516,51.56835],[27.69731,51.54319],[27.66413,51.49285],[27.66618,51.49019],[27.67033,51.48482],[27.68377,51.47552],[27.70004,51.46753],[27.71426,51.46371],[27.73012,51.46515],[27.74056,51.47141],[27.78733,51.51091],[27.79255,51.5173],[27.79715,51.5306],[27.79627,51.54153],[27.79374,51.55231],[27.79322,51.56502],[27.79952,51.5852],[27.81255,51.60202],[27.83125,51.61292],[27.8542,51.61533],[27.87559,51.60804],[27.93605,51.56701],[27.95476,51.56078],[27.97315,51.55781],[28.07082,51.55763],[28.09015,51.56205],[28.11423,51.57561],[28.14669,51.6144],[28.16622,51.6331],[28.18761,51.6452],[28.21004,51.65196],[28.2304,51.65114],[28.24513,51.64062],[28.2489,51.6306],[28.24838,51.6221],[28.24937,51.61308],[28.25779,51.60176],[28.26973,51.59427],[28.29851,51.58298],[28.31091,51.57445],[28.31742,51.56396],[28.32817,51.53636],[28.33386,51.52838],[28.34688,51.52515],[28.35964,51.52936],[28.38553,51.54505],[28.43535,51.56613],[28.46124,51.57166],[28.48837,51.57202],[28.57808,51.56011],[28.60392,51.55355],[28.6127,51.53993],[28.61518,51.51957],[28.63089,51.46363],[28.6373,51.44963],[28.64702,51.43901],[28.66355,51.43399],[28.67792,51.43808],[28.69115,51.44342],[28.70396,51.44262],[28.7111,51.43025],[28.71823,51.41162],[28.72877,51.40126],[28.74675,51.41399],[28.75161,51.42875],[28.74944,51.46686],[28.75223,51.48371],[28.77187,51.51128],[28.79988,51.53262],[28.83191,51.54828],[28.86364,51.55892],[28.89289,51.56287],[28.95459,51.56326],[28.98085,51.56946],[28.99997,51.58241],[29.02363,51.61403],[29.04358,51.62618],[29.06322,51.6306],[29.08368,51.63122],[29.12389,51.62504],[29.14797,51.61564],[29.16042,51.60331],[29.18145,51.56701],[29.21484,51.53546],[29.22651,51.51905],[29.23044,51.49288],[29.22104,51.46696],[29.22776,51.45562],[29.2444,51.44789],[29.26486,51.43291],[29.27613,51.41358],[29.2846,51.39175],[29.297,51.37371],[29.31995,51.36557],[29.34057,51.3701],[29.35326,51.37705],[29.37968,51.39154],[29.40273,51.39614],[29.4464,51.3849],[29.46629,51.38506],[29.48087,51.40126],[29.49554,51.42565],[29.50547,51.43746],[29.519,51.4418],[29.54505,51.44366],[29.5682,51.44963],[29.58319,51.46081],[29.59735,51.47396],[29.61802,51.48564],[29.63776,51.49089],[29.6608,51.49314],[29.68272,51.4912],[29.69997,51.48371],[29.71651,51.46567],[29.7253,51.45045],[29.73791,51.4395],[29.82865,51.42996],[29.84663,51.43291],[29.85676,51.43986],[29.87361,51.45919],[29.88627,51.46479],[29.89655,51.4642],[29.91257,51.45743],[29.92508,51.45787],[29.98575,51.47787],[30.00869,51.48208],[30.14863,51.48443],[30.17731,51.4795],[30.20537,51.4665],[30.24278,51.43441],[30.25689,51.42505],[30.30738,51.4096],[30.32019,51.40208],[30.32619,51.39526],[30.32903,51.38862],[30.33012,51.38072],[30.33001,51.37035],[30.32826,51.36247],[30.31988,51.3416],[30.31709,51.34059],[30.32454,51.32997],[30.35513,51.30527],[30.36846,51.29767],[30.38376,51.29392],[30.41352,51.29405],[30.4281,51.29175],[30.44277,51.28305],[30.46504,51.26194],[30.4807,51.25886],[30.49466,51.25992],[30.50809,51.25767],[30.5208,51.2524],[30.53202,51.24462],[30.53961,51.23517],[30.55067,51.2368],[30.55466,51.24251],[30.55532,51.24346],[30.55662,51.26731],[30.55935,51.26933],[30.57723,51.28901],[30.57992,51.30367],[30.61046,51.31754],[30.63831,51.33586],[30.63242,51.3641],[30.64555,51.36746],[30.64452,51.37268],[30.63749,51.3786],[30.63242,51.38397],[30.62261,51.41211],[30.61816,51.41872],[30.60602,51.42456],[30.59558,51.42495],[30.58788,51.42735],[30.584,51.43921],[30.58602,51.45185],[30.59356,51.4589],[30.60483,51.46123],[30.61816,51.45965],[30.61816,51.46714],[30.60762,51.46983],[30.59728,51.47427],[30.58891,51.48182],[30.584,51.49383],[30.58974,51.50197],[30.5854,51.50939],[30.57506,51.51606],[30.56287,51.52177],[30.57145,51.52642],[30.57641,51.53112],[30.584,51.54226],[30.56742,51.54727],[30.53414,51.55326],[30.52256,51.56272],[30.52256,51.56892],[30.52773,51.5713],[30.53109,51.57331],[30.53527,51.57502],[30.54313,51.57639],[30.54313,51.58259],[30.53455,51.58584],[30.51512,51.59626],[30.51512,51.60367],[30.54385,51.62013],[30.55662,51.62362],[30.55284,51.63334],[30.54995,51.63719],[30.55532,51.63977],[30.56349,51.64731],[30.57031,51.6515],[30.56432,51.6653],[30.57599,51.68641],[30.57031,51.69992],[30.58282,51.7023],[30.61382,51.70292],[30.62498,51.7061],[30.63056,51.7156],[30.63201,51.72798],[30.63506,51.73969],[30.64617,51.74708],[30.64617,51.75454],[30.63811,51.75511],[30.61816,51.76134],[30.63046,51.77002],[30.65279,51.77914],[30.67056,51.79053],[30.66963,51.80606],[30.66229,51.8156],[30.66198,51.81942],[30.66632,51.82239],[30.67273,51.8296],[30.69454,51.84728],[30.69733,51.85074],[30.70281,51.85376],[30.70756,51.86038],[30.71397,51.86696],[30.73454,51.87373],[30.73722,51.88224],[30.73784,51.89159],[30.74167,51.89792],[30.74973,51.89962],[30.7795,51.89792],[30.78818,51.90061],[30.79706,51.90673],[30.8106,51.91838],[30.8106,51.92518],[30.80523,51.92934],[30.80254,51.93554],[30.80306,51.93913],[30.83138,51.9459],[30.84564,51.95135],[30.85804,51.95763],[30.8691,51.96502],[30.87933,51.97365],[30.87964,51.97688],[30.87902,51.98202],[30.88088,51.98817],[30.88874,51.99435],[30.8969,51.99833],[30.9028,51.99998],[30.90838,51.99835],[30.9152,51.99259],[30.94124,51.9938],[30.95013,52.00677],[30.94052,52.02008],[30.91127,52.02256],[30.91463,52.02757],[30.91685,52.03236],[30.91974,52.03726],[30.92471,52.04228],[30.91881,52.05918],[30.93442,52.06972],[30.95933,52.07468],[31.09632,52.07961],[31.13482,52.07667],[31.15921,52.06811],[31.2049,52.04393],[31.22898,52.03822],[31.25244,52.0445],[31.26887,52.06124],[31.28427,52.08124],[31.30442,52.09749],[31.38308,52.11749],[31.47485,52.11778],[31.64993,52.09685],[31.76434,52.10057]]],[[[29.91871,45.69066],[30.07569,45.79243],[30.12599,45.81147],[29.90805,45.66645],[29.80747,45.61433],[29.73097,45.59138],[29.78126,45.61066],[29.80144,45.62189],[29.80942,45.63166],[29.81479,45.64106],[29.82765,45.64472],[29.84311,45.64619],[29.8567,45.64912],[29.87273,45.65827],[29.90162,45.68049],[29.91871,45.69066]]],[[[32.98927,46.04263],[32.99936,46.03531],[33.0451,46.03791],[33.05747,46.02521],[33.04005,46.01215],[32.61939,46.06],[32.62672,46.0659],[32.63136,46.06623],[32.63933,46.06],[32.78321,46.04633],[32.85206,46.0563],[32.88168,46.05541],[32.91358,46.0388],[32.95484,46.05174],[32.97869,46.05329],[32.98927,46.04263]]],[[[31.94028,46.20458],[32.07081,46.18244],[32.15309,46.15599],[32.16627,46.14936],[32.14389,46.15266],[32.10182,46.16669],[31.73715,46.22077],[31.58033,46.26276],[31.549,46.28242],[31.52198,46.31322],[31.51401,46.32941],[31.50506,46.35493],[31.5044,46.37336],[31.52198,46.36848],[31.53842,46.32583],[31.55437,46.29633],[31.57797,46.27558],[31.61818,46.25922],[31.94028,46.20458]]]]}},{"type":"Feature","properties":{"name":"Iran","iso_a3":"IRN"},"geometry":{"type":"MultiPolygon","coordinates":[[[[44.80699,39.6399],[44.80965,39.63696],[44.82395,39.63054],[44.82784,39.6288],[44.84923,39.62559],[44.87228,39.62508],[44.86928,39.62053],[44.86535,39.61758],[44.88644,39.60596],[44.89843,39.58436],[44.9284,39.48824],[44.9407,39.46808],[44.96163,39.45377],[44.95331,39.44163],[44.95703,39.43449],[44.98251,39.42018],[44.98772,39.41935],[44.99858,39.41961],[45.00638,39.41796],[45.00995,39.41403],[45.01212,39.40948],[45.01563,39.40597],[45.0517,39.38685],[45.05718,39.38173],[45.06048,39.3746],[45.06865,39.36421],[45.07873,39.35476],[45.08798,39.35073],[45.09604,39.34111],[45.11435,39.30935],[45.12038,39.29889],[45.1289,39.28928],[45.13583,39.27848],[45.14627,39.22867],[45.15273,39.21352],[45.17893,39.21983],[45.28311,39.19306],[45.28569,39.19492],[45.29261,39.19862],[45.30171,39.20138],[45.31112,39.20053],[45.3139,39.19425],[45.31132,39.18484],[45.31112,39.17629],[45.32093,39.1726],[45.33489,39.17043],[45.34822,39.16392],[45.3539,39.15319],[45.34527,39.13844],[45.35194,39.12831],[45.36062,39.12322],[45.36992,39.11896],[45.37933,39.11115],[45.38346,39.10325],[45.39132,39.08175],[45.39638,39.07333],[45.40584,39.06788],[45.42971,39.05948],[45.43452,39.05279],[45.4323,39.04248],[45.42821,39.0341],[45.42527,39.02563],[45.42708,39.01488],[45.4386,39.00424],[45.45984,38.99312],[45.48258,38.98439],[45.49453,38.98192],[45.51028,38.97866],[45.53084,38.96928],[45.53556,38.96845],[45.54314,38.96713],[45.57084,38.96638],[45.62779,38.9555],[45.71688,38.95478],[45.76807,38.93913],[45.79109,38.93209],[46.00182,38.89747],[46.06797,38.87411],[46.12605,38.86267],[46.13587,38.8637],[46.20248,38.87055],[46.21995,38.87716],[46.27193,38.90657],[46.29131,38.91393],[46.30454,38.91626],[46.34335,38.91747],[46.36759,38.92362],[46.37823,38.92471],[46.39188,38.92235],[46.49606,38.88608],[46.51404,38.88218],[46.53207,38.883],[46.55373,38.88982],[46.56985,38.89773],[46.58535,38.9077],[46.5992,38.91969],[46.61067,38.93401],[46.63884,38.97948],[46.65217,38.99294],[46.67041,39.00491],[46.72839,39.02795],[46.74483,39.04025],[46.76162,39.07059],[46.77376,39.08537],[46.78152,39.09038],[46.79805,39.09738],[46.80601,39.1024],[46.8117,39.10852],[46.83738,39.14325],[46.85097,39.15549],[46.86616,39.16536],[46.86639,39.16544],[46.88301,39.17141],[46.89872,39.17174],[46.92662,39.16206],[46.94161,39.1589],[46.95375,39.16066],[47.01363,39.18696],[47.02047,39.18996],[47.03091,39.1996],[47.03607,39.20701],[47.05292,39.24494],[47.08909,39.28985],[47.09251,39.29982],[47.10222,39.3084],[47.15007,39.33114],[47.2497,39.36127],[47.26132,39.36638],[47.29136,39.37961],[47.32442,39.40588],[47.32453,39.40597],[47.37425,39.45558],[47.4069,39.47682],[47.44876,39.4947],[47.51873,39.5132],[47.54116,39.51516],[47.55408,39.52198],[47.60699,39.56358],[47.62498,39.57141],[47.74528,39.62378],[47.78821,39.65765],[47.80378,39.66993],[47.82311,39.68032],[47.84688,39.68528],[47.92294,39.68414],[47.93524,39.68652],[47.94568,39.69396],[47.95726,39.70734],[47.95771,39.70726],[47.97142,39.70455],[47.99074,39.69427],[48.05203,39.65009],[48.22008,39.49403],[48.28861,39.44503],[48.31672,39.41517],[48.33894,39.37894],[48.3284,39.37633],[48.30246,39.3699],[48.24985,39.34235],[48.18722,39.33259],[48.15353,39.31905],[48.12459,39.2976],[48.10619,39.26918],[48.10433,39.23484],[48.11776,39.20805],[48.14216,39.1812],[48.1991,39.13823],[48.25626,39.11978],[48.2713,39.10831],[48.30148,39.05803],[48.3068,39.0454],[48.30628,39.03147],[48.30159,39.01795],[48.30142,39.01746],[48.29367,39.0046],[48.28463,38.994],[48.28447,38.994],[48.28437,38.9938],[48.24318,38.97387],[48.05854,38.94837],[48.05513,38.94191],[48.05534,38.93437],[48.05245,38.92791],[48.00005,38.90259],[47.99074,38.89122],[47.99312,38.85008],[48.01297,38.82156],[48.07797,38.78094],[48.21037,38.72976],[48.22298,38.72146],[48.22563,38.71319],[48.23032,38.69862],[48.22618,38.67909],[48.22804,38.66219],[48.27652,38.63178],[48.29223,38.61356],[48.31031,38.60015],[48.34106,38.59958],[48.39175,38.61811],[48.41527,38.61811],[48.42674,38.59646],[48.43371,38.56997],[48.44663,38.55641],[48.46265,38.54494],[48.47909,38.52476],[48.49593,38.51031],[48.51082,38.49378],[48.53564,38.46915],[48.54864,38.45626],[48.57593,38.42037],[48.60786,38.39598],[48.61296,38.39565],[48.65913,38.39265],[48.68321,38.39802],[48.71029,38.40711],[48.73561,38.41957],[48.75535,38.43523],[48.77772,38.44481],[48.80971,38.44463],[48.87428,38.43407],[48.87721,38.34618],[48.8659,38.31688],[48.87289,38.29556],[48.87485,38.24274],[48.89373,38.2058],[48.90772,38.08348],[48.94907,37.96686],[48.94117,37.94774],[48.9402,37.92499],[48.94451,37.90339],[48.95216,37.88801],[48.98748,37.84248],[48.9878,37.8321],[48.98471,37.82319],[48.98316,37.81598],[48.99366,37.77676],[49.0145,37.73916],[49.0652,37.67886],[49.1325,37.62336],[49.20558,37.58169],[49.36687,37.51496],[49.44174,37.49486],[49.82618,37.45356],[49.86744,37.45856],[49.90154,37.46971],[49.93377,37.47443],[49.96949,37.4597],[49.95997,37.45848],[49.9489,37.46092],[49.94313,37.46162],[49.93531,37.45356],[50.01873,37.42772],[50.14877,37.40388],[50.19565,37.38935],[50.22731,37.36542],[50.22332,37.32933],[50.23211,37.31542],[50.24513,37.27928],[50.25424,37.26484],[50.26873,37.24689],[50.29225,37.19282],[50.32228,37.15327],[50.35719,37.12653],[50.42945,37.08295],[50.47885,37.03498],[50.49399,37.02774],[50.51344,37.02326],[50.62403,36.96328],[50.64479,36.95942],[50.6587,36.95433],[50.68824,36.9287],[50.70314,36.91844],[50.86085,36.84956],[51.00473,36.76765],[51.08863,36.73701],[51.36785,36.69257],[51.54607,36.65095],[51.73097,36.62425],[51.90903,36.58271],[52.09409,36.60252],[52.25856,36.65095],[52.43051,36.68513],[52.60865,36.71239],[52.77931,36.74038],[52.95053,36.78132],[53.11573,36.82225],[53.4476,36.8819],[53.49236,36.88788],[53.88592,36.90583],[53.95777,36.91962],[54.00652,36.95262],[54.00424,36.91462],[53.9476,36.89875],[53.87647,36.89167],[53.83074,36.88028],[53.81821,36.87523],[53.80388,36.87702],[53.77711,36.88373],[53.76205,36.88182],[53.73439,36.87324],[53.71901,36.87067],[53.66041,36.8769],[53.60914,36.8769],[53.61695,36.86567],[53.63103,36.86196],[53.66383,36.86323],[53.64389,36.85782],[53.636,36.857],[53.66017,36.8312],[53.70102,36.8166],[53.85646,36.80549],[53.87208,36.79841],[53.88917,36.79361],[54.01433,36.82111],[54.02622,36.82909],[54.03305,36.84577],[54.03354,36.94912],[54.02809,36.96621],[54.01336,36.97309],[53.99439,36.97915],[53.99724,36.99372],[54.02003,37.02774],[53.99627,37.05732],[53.98032,37.09406],[53.95802,37.17853],[53.92775,37.2438],[53.92319,37.258],[53.91375,37.34276],[54.18659,37.32374],[54.20644,37.3246],[54.22452,37.33075],[54.24303,37.34496],[54.26152,37.35483],[54.28333,37.35565],[54.30638,37.35323],[54.3285,37.35328],[54.36415,37.36268],[54.53334,37.44082],[54.55598,37.44361],[54.61685,37.43301],[54.63897,37.43327],[54.65396,37.4389],[54.67855,37.45999],[54.69829,37.46629],[54.7108,37.4757],[54.75834,37.50055],[54.78366,37.51745],[54.78831,37.52464],[54.79142,37.53993],[54.80506,37.56505],[54.80816,37.57928],[54.8094,37.60334],[54.80816,37.61034],[54.80361,37.61693],[54.79183,37.62535],[54.78831,37.63081],[54.78728,37.65186],[54.80371,37.68292],[54.80816,37.70282],[54.81364,37.71863],[54.82666,37.73527],[54.85663,37.76113],[55.0068,37.84309],[55.05352,37.88441],[55.06137,37.89485],[55.06664,37.90844],[55.07874,37.91371],[55.09279,37.91554],[55.10354,37.9188],[55.11077,37.92647],[55.12173,37.94471],[55.13031,37.95231],[55.14964,37.95748],[55.20741,37.96616],[55.21971,37.96998],[55.2288,37.9858],[55.25051,37.99541],[55.29609,38.00755],[55.30746,38.00879],[55.32813,38.02213],[55.3488,38.0305],[55.42311,38.07589],[55.4474,38.08367],[55.51096,38.08584],[55.70867,38.11866],[55.73844,38.11861],[55.80035,38.1078],[55.83941,38.08992],[55.85409,38.086],[55.90504,38.08558],[55.92189,38.08145],[55.94907,38.07008],[55.96302,38.06652],[55.97842,38.06589],[56.12146,38.08646],[56.16187,38.08238],[56.16674,38.08079],[56.19784,38.07065],[56.21407,38.06884],[56.29975,38.08024],[56.31546,38.08946],[56.32548,38.10522],[56.32899,38.12377],[56.32424,38.14114],[56.29706,38.16578],[56.30336,38.17943],[56.36641,38.22552],[56.4001,38.24413],[56.43648,38.25508],[56.52816,38.25741],[56.54521,38.2541],[56.55916,38.24738],[56.57177,38.2395],[56.58521,38.23457],[56.60133,38.23687],[56.68153,38.26462],[56.72938,38.27105],[56.739,38.2696],[56.77817,38.24449],[56.81238,38.22896],[56.82788,38.22496],[56.97836,38.20273],[57.01805,38.18982],[57.03841,38.18728],[57.0565,38.19524],[57.07045,38.20506],[57.1028,38.22201],[57.11468,38.23211],[57.13484,38.25973],[57.13791,38.26236],[57.14662,38.26981],[57.16398,38.27648],[57.17494,38.27756],[57.18589,38.27648],[57.20729,38.27074],[57.21835,38.26508],[57.22114,38.2586],[57.22155,38.25115],[57.22579,38.24237],[57.24884,38.21152],[57.26692,38.1769],[57.2786,38.16294],[57.31136,38.13501],[57.32294,38.10512],[57.34433,38.08106],[57.34929,38.06357],[57.34681,38.04693],[57.32707,37.99412],[57.3524,37.96753],[57.49626,37.92231],[57.51208,37.92407],[57.52768,37.92784],[57.54463,37.92999],[57.56137,37.92823],[57.61233,37.9166],[57.66111,37.91743],[57.6761,37.92048],[57.69119,37.92027],[57.70462,37.91371],[57.71713,37.90508],[57.72994,37.89864],[57.73483,37.89827],[57.73842,37.898],[57.75475,37.90102],[57.76302,37.89939],[57.77004,37.89389],[57.77914,37.87877],[57.78503,37.87257],[57.80002,37.86764],[57.81645,37.86865],[57.8333,37.87175],[57.84952,37.87273],[57.88415,37.86534],[58.04093,37.8057],[58.10687,37.79343],[58.14056,37.79113],[58.15669,37.78819],[58.17353,37.78162],[58.18118,37.77485],[58.18129,37.76793],[58.17912,37.76077],[58.17994,37.75305],[58.19575,37.72964],[58.19927,37.72219],[58.20185,37.70395],[58.20196,37.6901],[58.20681,37.67874],[58.22387,37.66747],[58.24092,37.66233],[58.31885,37.65305],[58.33146,37.6483],[58.35781,37.63331],[58.37177,37.63037],[58.4623,37.6375],[58.47966,37.64411],[58.4931,37.66067],[58.5023,37.67739],[58.51429,37.69147],[58.52979,37.70039],[58.54933,37.70158],[58.56565,37.69486],[58.61588,37.65951],[58.65909,37.6454],[58.68172,37.64272],[58.70425,37.64463],[58.71293,37.64881],[58.71924,37.65478],[58.72637,37.65938],[58.73774,37.65941],[58.75903,37.65615],[58.76926,37.6568],[58.7798,37.65964],[58.79313,37.67284],[58.79561,37.68773],[58.80109,37.69465],[58.86104,37.66809],[58.93865,37.65393],[58.97814,37.63951],[58.99219,37.63145],[59.00552,37.62801],[59.03457,37.62453],[59.04563,37.61962],[59.07829,37.59275],[59.21171,37.51632],[59.23311,37.51471],[59.28923,37.53518],[59.31228,37.53035],[59.33233,37.51513],[59.35165,37.49384],[59.3563,37.48063],[59.3532,37.45844],[59.3592,37.44751],[59.36199,37.43921],[59.35785,37.43028],[59.35165,37.42043],[59.34835,37.40929],[59.35072,37.38837],[59.37036,37.31943],[59.38204,37.30568],[59.44467,37.26419],[59.46348,37.24744],[59.46937,37.2407],[59.46813,37.23584],[59.46451,37.23246],[59.46307,37.22972],[59.46183,37.223],[59.45883,37.21476],[59.46172,37.2076],[59.47816,37.20414],[59.48467,37.19876],[59.49273,37.1936],[59.5012,37.19021],[59.50947,37.18982],[59.5412,37.19985],[59.55598,37.19778],[59.57272,37.18339],[59.57986,37.16781],[59.58461,37.1489],[59.59154,37.13233],[59.60497,37.12389],[59.61448,37.12549],[59.62151,37.13151],[59.63319,37.14626],[59.64259,37.15024],[59.65324,37.14967],[59.79721,37.11221],[59.86284,37.06782],[59.89953,37.05056],[59.98159,37.03883],[60.01921,37.0258],[60.04887,36.99402],[60.08639,36.93002],[60.13259,36.87341],[60.23852,36.76975],[60.25961,36.74241],[60.28865,36.68107],[60.30922,36.65198],[60.34229,36.63714],[60.50125,36.63947],[60.64108,36.64149],[60.8544,36.64464],[60.97295,36.64634],[61.07548,36.64779],[61.12519,36.64076],[61.16581,36.63632],[61.17397,36.60231],[61.18224,36.58691],[61.18596,36.57767],[61.18761,36.56511],[61.18617,36.55281],[61.18224,36.54165],[61.17686,36.53204],[61.17066,36.52444],[61.16632,36.51385],[61.16798,36.5018],[61.17397,36.48682],[61.15247,36.40631],[61.14669,36.35726],[61.16095,36.32864],[61.15774,36.32466],[61.15619,36.32187],[61.15351,36.31494],[61.16312,36.31158],[61.17108,36.30642],[61.17728,36.30037],[61.18141,36.29448],[61.18544,36.28399],[61.1872,36.27355],[61.18761,36.25035],[61.19092,36.24063],[61.20549,36.2211],[61.22048,36.15893],[61.22306,36.1288],[61.22472,36.12369],[61.22275,36.11754],[61.21221,36.10638],[61.20725,36.0995],[61.20415,36.09056],[61.20239,36.08075],[61.20198,36.0716],[61.19816,36.0608],[61.18968,36.05579],[61.18028,36.05279],[61.17397,36.04803],[61.17108,36.03594],[61.17459,36.01584],[61.17397,36.00648],[61.16177,35.99594],[61.14142,35.98235],[61.12984,35.97052],[61.14359,35.96551],[61.16808,35.96235],[61.18834,35.95357],[61.2058,35.94049],[61.22182,35.92453],[61.23216,35.91068],[61.24105,35.89388],[61.24735,35.87621],[61.2519,35.8404],[61.25552,35.82536],[61.25614,35.80913],[61.24973,35.78671],[61.25614,35.77937],[61.25634,35.7695],[61.24973,35.74578],[61.249,35.7402],[61.24973,35.72247],[61.24673,35.7155],[61.23309,35.70459],[61.22916,35.6986],[61.23174,35.67188],[61.24539,35.6493],[61.26968,35.6185],[61.27701,35.6092],[61.28756,35.56827],[61.29004,35.54806],[61.28384,35.52729],[61.2705,35.50843],[61.24704,35.48507],[61.23598,35.46585],[61.2273,35.43448],[61.22182,35.42425],[61.20084,35.40115],[61.19506,35.39009],[61.1904,35.36957],[61.19506,35.3181],[61.1871,35.30038],[61.16787,35.29139],[61.144,35.28808],[61.12271,35.28767],[61.10834,35.27795],[61.10245,35.25666],[61.10162,35.23532],[61.10235,35.2256],[61.10793,35.22126],[61.11279,35.21165],[61.11237,35.20204],[61.10235,35.1977],[61.09635,35.1932],[61.10152,35.18323],[61.13707,35.1439],[61.13987,35.13967],[61.1379,35.1283],[61.13521,35.11941],[61.13676,35.11119],[61.14731,35.1021],[61.12312,35.07419],[61.11589,35.05988],[61.10989,35.01853],[61.09532,34.98102],[61.09201,34.96149],[61.08891,34.95193],[61.07475,34.93311],[61.07155,34.92056],[61.07258,34.91033],[61.07703,34.89172],[61.07775,34.88304],[61.07341,34.84769],[61.06545,34.81472],[61.03475,34.80625],[61.02907,34.78971],[61.00964,34.76098],[60.97801,34.74062],[60.95993,34.72321],[60.95869,34.69959],[60.96199,34.67375],[60.95796,34.64941],[60.94752,34.63799],[60.93585,34.63567],[60.92282,34.63654],[60.90887,34.63468],[60.89543,34.62833],[60.88892,34.62166],[60.88386,34.6137],[60.83849,34.57091],[60.81895,34.55991],[60.79405,34.55412],[60.73927,34.54802],[60.71436,34.53743],[60.69969,34.5164],[60.71033,34.51513],[60.71891,34.51115],[60.72532,34.50428],[60.73389,34.48043],[60.74278,34.47345],[60.76728,34.46415],[60.77937,34.45508],[60.78909,34.44348],[60.8049,34.41749],[60.87911,34.33765],[60.89047,34.31891],[60.81596,34.31527],[60.71436,34.31013],[60.64367,34.30664],[60.65059,34.28535],[60.63499,34.27122],[60.58744,34.25026],[60.55241,34.22006],[60.52088,34.18613],[60.49277,34.13903],[60.48678,34.09428],[60.48846,34.08093],[60.49939,33.99426],[60.52802,33.84145],[60.52584,33.80215],[60.49494,33.74412],[60.48688,33.71138],[60.51179,33.63839],[60.57483,33.5878],[60.65555,33.55989],[60.73389,33.55485],[60.80738,33.55816],[60.84603,33.55578],[60.87962,33.5487],[60.89513,33.54113],[60.91197,33.52845],[60.92086,33.51411],[60.91979,33.51257],[60.91208,33.50152],[60.89729,33.49703],[60.84986,33.49437],[60.83218,33.4845],[60.82929,33.47013],[60.8328,33.45346],[60.83466,33.43626],[60.82908,33.41628],[60.81864,33.40489],[60.78588,33.38778],[60.75705,33.36634],[60.71901,33.32303],[60.67033,33.26771],[60.61597,33.20619],[60.5676,33.15129],[60.5615,33.13731],[60.56295,33.05827],[60.57752,32.99434],[60.60615,32.91236],[60.64005,32.81552],[60.67488,32.7156],[60.71167,32.61031],[60.75229,32.49458],[60.79632,32.35591],[60.83032,32.24889],[60.82826,32.16744],[60.81482,32.08786],[60.80882,32.07117],[60.78268,32.04254],[60.77493,32.02719],[60.77834,32.02104],[60.78671,32.01691],[60.7926,32.01128],[60.78402,31.98926],[60.78609,31.97898],[60.79105,31.96916],[60.79498,31.95846],[60.79673,31.93676],[60.78929,31.87495],[60.79146,31.82653],[60.80531,31.73398],[60.7926,31.66008],[60.79498,31.63668],[60.80996,31.58836],[60.82174,31.49467],[60.85502,31.48273],[60.956,31.47007],[61.12353,31.44909],[61.12515,31.44889],[61.29479,31.42764],[61.49085,31.4031],[61.60626,31.38874],[61.66118,31.38191],[61.68691,31.37318],[61.70655,31.35984],[61.74231,31.32088],[61.74923,31.30238],[61.74231,31.25944],[61.74272,31.23954],[61.75244,31.21913],[61.7792,31.18109],[61.78768,31.15862],[61.78933,31.12931],[61.79181,31.11893],[61.80928,31.08715],[61.82148,31.05449],[61.82633,31.03459],[61.82644,31.01496],[61.81931,30.99392],[61.80019,30.96142],[61.80453,30.94974],[61.80835,30.88142],[61.80236,30.87853],[61.79988,30.8715],[61.79843,30.85347],[61.79977,30.85238],[61.80225,30.84706],[61.7852,30.8314],[61.70262,30.74552],[61.57622,30.61389],[61.46171,30.49452],[61.38037,30.41029],[61.27216,30.29831],[61.21562,30.23971],[61.13304,30.15429],[60.97843,29.9944],[60.97812,29.99414],[60.90215,29.91688],[60.84438,29.85818],[60.9251,29.77498],[60.97801,29.72062],[61.04333,29.65243],[61.11868,29.57398],[61.19691,29.49228],[61.27918,29.40663],[61.29872,29.39265],[61.3198,29.38539],[61.33737,29.37438],[61.34657,29.34906],[61.34471,29.32953],[61.33282,29.29449],[61.33282,29.27491],[61.34233,29.25452],[61.37416,29.22385],[61.38698,29.20664],[61.39008,29.19543],[61.39277,29.17047],[61.39794,29.15907],[61.40858,29.14856],[61.41768,29.14566],[61.42688,29.14463],[61.43773,29.13962],[61.44796,29.12541],[61.45323,29.10838],[61.46088,29.09388],[61.47803,29.08748],[61.48775,29.08066],[61.49064,29.07203],[61.48723,29.06293],[61.47803,29.05433],[61.4708,29.04787],[61.46801,29.04174],[61.47028,29.0359],[61.47803,29.03066],[61.49095,29.02549],[61.50212,29.01771],[61.5109,29.00738],[61.55317,28.92214],[61.55896,28.90273],[61.56134,28.88594],[61.5665,28.87098],[61.59534,28.84268],[61.62397,28.78765],[61.65301,28.75633],[61.75616,28.67396],[61.79771,28.62657],[61.86116,28.57477],[61.89279,28.5426],[61.91129,28.53374],[61.97113,28.51898],[62.01883,28.4947],[62.04911,28.48632],[62.11557,28.48136],[62.1475,28.47527],[62.2307,28.44245],[62.36279,28.41889],[62.39054,28.40612],[62.40216,28.39411],[62.41074,28.3807],[62.42097,28.36855],[62.4372,28.36044],[62.45384,28.35569],[62.46428,28.34982],[62.4712,28.33969],[62.47772,28.3223],[62.49229,28.3007],[62.55544,28.24032],[62.57564,28.22903],[62.7393,28.25833],[62.76152,28.24644],[62.76638,28.21148],[62.7517,28.10872],[62.73568,27.99498],[62.75418,27.92584],[62.78028,27.82972],[62.78638,27.77027],[62.7947,27.68947],[62.79971,27.63927],[62.80932,27.54705],[62.8147,27.49496],[62.8086,27.45336],[62.75605,27.3481],[62.77568,27.32691],[62.78064,27.31606],[62.77878,27.29983],[62.77413,27.28552],[62.76809,27.27436],[62.75821,27.26769],[62.74235,27.26681],[62.7856,27.2325],[62.80064,27.22516],[62.80855,27.22537],[62.82229,27.2325],[62.82932,27.23364],[62.83738,27.23126],[62.86084,27.21963],[62.89242,27.21348],[62.9196,27.21488],[62.97784,27.22516],[63.00378,27.22878],[63.05618,27.2432],[63.08274,27.24439],[63.09943,27.24283],[63.1123,27.2432],[63.16698,27.2587],[63.1771,27.25844],[63.18956,27.25446],[63.21545,27.23322],[63.22682,27.22697],[63.25152,27.21896],[63.26061,27.21379],[63.27126,27.20341],[63.28557,27.18465],[63.31963,27.11731],[63.30242,27.12336],[63.28056,27.1232],[63.26092,27.11561],[63.24997,27.09954],[63.24625,27.08946],[63.2356,27.07587],[63.23136,27.06584],[63.22992,27.05406],[63.23498,26.94115],[63.24397,26.92244],[63.25648,26.90616],[63.26485,26.89004],[63.26165,26.87175],[63.24666,26.85955],[63.20604,26.85371],[63.18956,26.84601],[63.18227,26.83025],[63.17431,26.68504],[63.16377,26.64509],[63.14134,26.6254],[63.13127,26.62582],[63.12346,26.62944],[63.11623,26.63403],[63.1076,26.6376],[63.09804,26.63837],[63.06889,26.63254],[63.02941,26.63352],[62.99045,26.63889],[62.90002,26.64091],[62.82167,26.64261],[62.75356,26.64416],[62.74271,26.64132],[62.73506,26.63223],[62.72473,26.61512],[62.71801,26.61052],[62.71057,26.6069],[62.70194,26.60401],[62.67104,26.59771],[62.66251,26.59827],[62.65135,26.60318],[62.6406,26.60515],[62.63202,26.60039],[62.62412,26.59295],[62.61579,26.58711],[62.59533,26.5807],[62.428,26.56479],[62.4185,26.56231],[62.41064,26.55683],[62.40248,26.54381],[62.39669,26.53905],[62.38635,26.53662],[62.36527,26.5375],[62.35586,26.53662],[62.34759,26.53332],[62.33467,26.52484],[62.32651,26.52066],[62.30698,26.51368],[62.2983,26.50877],[62.29199,26.50123],[62.29013,26.49244],[62.29313,26.48588],[62.29695,26.48025],[62.29788,26.47404],[62.28755,26.45663],[62.25613,26.42893],[62.249,26.41653],[62.25447,26.39358],[62.26424,26.37519],[62.26512,26.36098],[62.24341,26.35064],[62.2059,26.35534],[62.16146,26.3695],[62.12383,26.374],[62.10689,26.34971],[62.10327,26.32511],[62.09417,26.31483],[62.05278,26.30858],[62.03227,26.30289],[62.01366,26.29462],[61.97775,26.27318],[61.85713,26.24238],[61.83295,26.22538],[61.81838,26.19845],[61.8099,26.16745],[61.8007,26.10663],[61.79274,26.05283],[61.78324,25.99061],[61.77063,25.90741],[61.76008,25.8376],[61.7545,25.81997],[61.73931,25.80328],[61.72195,25.79967],[61.70262,25.80008],[61.68143,25.79548],[61.66035,25.76918],[61.66531,25.73238],[61.67637,25.6928],[61.67348,25.65828],[61.66717,25.65048],[61.6525,25.6373],[61.6466,25.62769],[61.64319,25.61332],[61.63906,25.55493],[61.63306,25.4693],[61.62604,25.36977],[61.62004,25.28549],[61.58823,25.20209],[61.58188,25.2167],[61.57976,25.23347],[61.56235,25.24482],[61.55926,25.25096],[61.55445,25.2541],[61.54469,25.24828],[61.54184,25.24258],[61.54037,25.22651],[61.53728,25.22036],[61.54282,25.21564],[61.55275,25.20506],[61.55836,25.20051],[61.53696,25.2027],[61.52076,25.20865],[61.50424,25.20881],[61.4826,25.19367],[61.5062,25.18683],[61.51596,25.18187],[61.52418,25.17316],[61.51881,25.16352],[61.50318,25.14525],[61.49855,25.13467],[61.49855,25.12938],[61.49741,25.12543],[61.48951,25.1186],[61.47511,25.11164],[61.42058,25.09687],[61.43507,25.08771],[61.41172,25.05941],[61.24353,25.11189],[61.18507,25.12325],[61.18548,25.13961],[61.17027,25.16444],[61.03061,25.20978],[60.86671,25.2346],[60.72771,25.26439],[60.63347,25.27497],[60.61695,25.28319],[60.63233,25.29609],[60.60816,25.32758],[60.60499,25.34105],[60.60475,25.39716],[60.60157,25.40595],[60.5652,25.43862],[60.54965,25.44693],[60.53207,25.44892],[60.51417,25.44733],[60.44565,25.42817],[60.42848,25.41962],[60.41896,25.40599],[60.40333,25.38886],[60.39527,25.37787],[60.39503,25.37132],[60.39812,25.36498],[60.40203,25.34467],[60.40691,25.34195],[60.41375,25.34129],[60.42482,25.33637],[60.43344,25.33649],[60.43767,25.33393],[60.44166,25.32758],[60.45221,25.31739],[60.44125,25.31879],[60.44109,25.3166],[60.47006,25.30309],[60.46725,25.29028],[60.45564,25.29279],[60.42352,25.30496],[60.38282,25.32026],[60.36256,25.33055],[60.31922,25.32985],[60.29029,25.3513],[60.29965,25.36726],[60.30397,25.37116],[60.2894,25.37718],[60.27125,25.37958],[60.23504,25.378],[60.20737,25.37311],[60.20151,25.37116],[60.19256,25.36201],[60.19256,25.35615],[60.19508,25.35122],[60.21597,25.33828],[60.20921,25.31969],[60.18198,25.31989],[60.16188,25.33198],[60.15089,25.33527],[60.11671,25.33983],[60.1089,25.34512],[60.09791,25.35814],[60.08204,25.36595],[60.04532,25.36386],[59.99442,25.35685],[59.94082,25.35491],[59.90381,25.32986],[59.8617,25.34306],[59.81987,25.3792],[59.77487,25.38987],[59.65913,25.38336],[59.614,25.38378],[59.53799,25.39975],[59.49044,25.44347],[59.4539,25.46161],[59.39729,25.45185],[59.27914,25.43472],[59.25107,25.43073],[59.19532,25.42292],[59.13836,25.39851],[59.1172,25.39419],[59.10874,25.3957],[59.10133,25.40225],[59.09409,25.4064],[59.08546,25.40461],[59.07618,25.4007],[59.0669,25.39851],[59.04396,25.3996],[59.02418,25.40322],[59.00733,25.40974],[58.99431,25.41962],[58.94809,25.48652],[58.92351,25.51337],[58.88445,25.52949],[58.84962,25.52879],[58.84034,25.5329],[58.83416,25.54238],[58.83058,25.55231],[58.82521,25.56037],[58.81373,25.56362],[58.72804,25.56362],[58.5464,25.59365],[58.48414,25.58466],[58.43051,25.58796],[58.41179,25.59602],[58.41896,25.61201],[58.38966,25.6103],[58.3576,25.60456],[58.34409,25.59813],[58.32106,25.5808],[58.30592,25.5773],[58.299,25.57982],[58.29558,25.58389],[58.2907,25.58373],[58.27898,25.57388],[58.27101,25.56867],[58.26075,25.56574],[58.25196,25.56684],[58.2483,25.57388],[58.24244,25.57144],[58.20729,25.5493],[58.17042,25.54409],[58.13787,25.54979],[58.10621,25.5589],[58.07309,25.56362],[58.04624,25.57494],[58.02418,25.60187],[57.99431,25.65917],[57.96323,25.69318],[57.9253,25.70132],[57.88404,25.69164],[57.84352,25.67284],[57.80942,25.64777],[57.78745,25.63544],[57.77174,25.63556],[57.77589,25.67967],[57.7798,25.69115],[57.78248,25.69611],[57.78305,25.69977],[57.78151,25.70759],[57.77125,25.73045],[57.75563,25.74274],[57.73471,25.74771],[57.70973,25.74852],[57.68718,25.7464],[57.63185,25.73493],[57.61964,25.73701],[57.59881,25.7464],[57.58717,25.74852],[57.57569,25.7475],[57.55584,25.74282],[57.54558,25.74177],[57.52068,25.74356],[57.45249,25.76289],[57.45997,25.76903],[57.32618,25.777],[57.31153,25.78412],[57.30437,25.79975],[57.29868,25.8487],[57.27443,25.8994],[57.26197,25.93989],[57.25359,25.95897],[57.24366,25.96703],[57.24204,25.97089],[57.21974,25.99502],[57.21534,25.99584],[57.20265,25.99388],[57.19858,25.99502],[57.19679,25.99917],[57.1941,26.01097],[57.18051,26.04686],[57.17652,26.06354],[57.16676,26.08299],[57.16456,26.09492],[57.17091,26.11563],[57.202,26.14623],[57.2129,26.16625],[57.19923,26.19819],[57.13307,26.26374],[57.13844,26.29043],[57.13103,26.29662],[57.12526,26.34186],[57.11818,26.36433],[57.10711,26.38227],[57.0879,26.39899],[57.08318,26.40648],[57.08033,26.41535],[57.07667,26.43822],[57.07635,26.44746],[57.09343,26.57221],[57.09002,26.6188],[57.02491,26.85098],[57.01124,26.86888],[56.97731,26.89533],[56.96518,26.91112],[56.96648,26.92723],[56.93572,26.94554],[56.92555,26.95515],[56.94011,26.95429],[56.95102,26.95816],[56.96111,26.96385],[56.97332,26.96882],[56.96485,26.97565],[56.96355,26.98505],[56.96705,26.99482],[56.97332,27.003],[56.94256,26.99112],[56.93238,26.98933],[56.92311,26.9914],[56.91725,26.99608],[56.9131,27.0008],[56.90821,27.003],[56.90309,27.00642],[56.8978,27.01301],[56.89088,27.01703],[56.87135,27.00845],[56.86549,27.01187],[56.86297,27.02009],[56.86346,27.03026],[56.8506,27.02765],[56.84376,27.0329],[56.84409,27.04023],[56.85353,27.04393],[56.85841,27.04743],[56.87599,27.0644],[56.88461,27.07062],[56.88461,27.07807],[56.85532,27.08169],[56.83139,27.09614],[56.8152,27.11701],[56.80885,27.13955],[56.79721,27.12934],[56.78443,27.12531],[56.75733,27.12523],[56.74236,27.12958],[56.73308,27.13923],[56.7256,27.14883],[56.71607,27.15314],[56.61232,27.15424],[56.58969,27.16063],[56.58286,27.15314],[56.5586,27.16519],[56.52857,27.17072],[56.46616,27.17365],[56.43653,27.17886],[56.38412,27.1975],[56.35304,27.20161],[56.29119,27.19847],[56.25961,27.19123],[56.23658,27.17707],[56.21518,27.16787],[56.15016,27.16535],[56.12371,27.16063],[56.11557,27.15575],[56.09889,27.14102],[56.09555,27.13613],[56.09352,27.12556],[56.08814,27.12222],[56.08041,27.12075],[56.07179,27.11563],[56.05454,27.10261],[55.98732,27.06635],[55.96314,27.04804],[55.96274,27.04393],[55.95753,27.04076],[55.9393,27.02668],[55.9284,27.02342],[55.8838,27.01874],[55.84246,27.00975],[55.8318,27.00873],[55.79835,27.00975],[55.78728,27.00772],[55.77247,26.99828],[55.76368,26.99616],[55.72633,26.99616],[55.69483,27.00275],[55.68482,27.003],[55.66586,26.99543],[55.63233,26.96751],[55.61964,26.96137],[55.60857,26.95368],[55.55445,26.89989],[55.56886,26.90412],[55.57504,26.90717],[55.58237,26.91356],[55.58644,26.88906],[55.58041,26.85912],[55.56853,26.8308],[55.55445,26.81053],[55.52174,26.78457],[55.48406,26.76752],[55.44223,26.75991],[55.39731,26.76215],[55.31674,26.7871],[55.27084,26.79255],[55.23292,26.77643],[55.22104,26.75739],[55.21559,26.73949],[55.2059,26.72639],[55.18165,26.72118],[55.16212,26.71914],[55.11818,26.70759],[55.10328,26.70132],[55.03793,26.64891],[55.02687,26.64265],[54.93068,26.57266],[54.82203,26.51577],[54.8152,26.51044],[54.80893,26.50385],[54.80152,26.49824],[54.79103,26.49584],[54.77849,26.49787],[54.76157,26.50682],[54.74968,26.50894],[54.66383,26.50202],[54.61997,26.50825],[54.60287,26.53099],[54.59059,26.55996],[54.56129,26.58466],[54.51661,26.59251],[54.42563,26.58934],[54.38941,26.60513],[54.37143,26.63085],[54.35662,26.66283],[54.33774,26.69343],[54.30812,26.71499],[54.28688,26.71865],[54.26686,26.71577],[54.24757,26.71084],[54.1714,26.70612],[54.1504,26.7082],[54.08172,26.72614],[54.06446,26.72858],[54.05372,26.73164],[54.03452,26.74531],[54.02622,26.74909],[54.0158,26.74946],[53.99513,26.74559],[53.92937,26.718],[53.88347,26.71235],[53.84278,26.70209],[53.82081,26.70132],[53.77613,26.71426],[53.75172,26.71605],[53.72828,26.70474],[53.71607,26.70856],[53.66383,26.74909],[53.58863,26.78876],[53.49155,26.85431],[53.47722,26.8701],[53.47145,26.88963],[53.46909,26.9372],[53.46111,26.9571],[53.4441,26.97565],[53.41212,26.99356],[53.07203,27.09687],[53.05014,27.09858],[53.02866,27.10407],[53.01531,27.11734],[53.00473,27.13325],[52.9922,27.14696],[52.93263,27.16035],[52.92335,27.17023],[52.91472,27.19196],[52.8943,27.20307],[52.84832,27.21528],[52.76775,27.27973],[52.73219,27.30134],[52.6788,27.32237],[52.60133,27.35293],[52.58074,27.37226],[52.57911,27.39277],[52.58855,27.4055],[52.60524,27.41205],[52.62615,27.41389],[52.64487,27.41332],[52.66651,27.41535],[52.67897,27.42528],[52.6701,27.44863],[52.65414,27.46088],[52.61354,27.47468],[52.5984,27.48583],[52.59051,27.49775],[52.57447,27.53058],[52.56764,27.54072],[52.49252,27.60944],[52.45965,27.63264],[52.42311,27.64663],[52.24488,27.68138],[52.20721,27.69823],[52.0892,27.7954],[52.05258,27.81737],[52.01124,27.83271],[51.96372,27.83845],[51.8943,27.83088],[51.87843,27.83535],[51.85963,27.84589],[51.82386,27.8436],[51.78529,27.83545],[51.7228,27.82512],[51.68344,27.83058],[51.59693,27.84667],[51.58513,27.84931],[51.58009,27.85578],[51.57887,27.8653],[51.57553,27.87279],[51.57032,27.87763],[51.53914,27.88163],[51.49642,27.89304],[51.4751,27.91348],[51.45208,27.94751],[51.42816,27.96115],[51.42041,27.9332],[51.39988,27.93171],[51.38027,27.99142],[51.36061,28.01638],[51.34522,28.05267],[51.30753,28.10713],[51.29037,28.12152],[51.26976,28.14045],[51.26482,28.16055],[51.28688,28.2143],[51.28533,28.24091],[51.26482,28.27045],[51.22999,28.29841],[51.21762,28.31143],[51.18238,28.35977],[51.14943,28.39053],[51.14186,28.40078],[51.08074,28.53392],[51.07252,28.56525],[51.07154,28.69269],[51.05885,28.73591],[51.03639,28.77253],[51.01092,28.79914],[50.97869,28.81664],[50.93653,28.82534],[50.89601,28.82734],[50.87615,28.83202],[50.86769,28.84268],[50.86004,28.86245],[50.813,28.9147],[50.80486,28.93358],[50.79884,28.96113],[50.80258,28.98583],[50.82325,28.99665],[50.84278,28.99067],[50.86248,28.97614],[50.87892,28.95799],[50.88868,28.94139],[50.89926,28.94945],[50.89796,28.95673],[50.8934,28.96503],[50.89487,28.97614],[50.90203,28.98338],[50.92221,28.99921],[50.92897,29.00967],[50.93238,29.03148],[50.92994,29.05463],[50.92018,29.06904],[50.9017,29.06489],[50.89332,29.0939],[50.88657,29.10407],[50.87436,29.11327],[50.86834,29.11205],[50.85914,29.10781],[50.85084,29.10545],[50.84718,29.10993],[50.84596,29.12686],[50.84401,29.1352],[50.84034,29.14061],[50.81642,29.14419],[50.73829,29.14008],[50.72022,29.13719],[50.6937,29.12344],[50.66586,29.12641],[50.64381,29.14346],[50.63494,29.17133],[50.63307,29.1955],[50.63575,29.20771],[50.64479,29.21979],[50.65187,29.23334],[50.65838,29.24995],[50.66749,29.25727],[50.68263,29.24307],[50.68702,29.28388],[50.68946,29.29084],[50.67986,29.29365],[50.67359,29.29963],[50.66147,29.31879],[50.66863,29.34333],[50.66822,29.38227],[50.6631,29.42194],[50.65528,29.44912],[50.6421,29.46979],[50.62273,29.49307],[50.60743,29.4995],[50.60694,29.46963],[50.60108,29.48066],[50.57276,29.51801],[50.52003,29.55598],[50.5114,29.56892],[50.50457,29.58609],[50.48878,29.60537],[50.45607,29.6341],[50.39698,29.65473],[50.38787,29.66511],[50.3816,29.685],[50.36704,29.70409],[50.34002,29.73029],[50.31332,29.76398],[50.26791,29.83637],[50.24383,29.86685],[50.22511,29.88117],[50.18385,29.90314],[50.14487,29.93806],[50.14137,29.94257],[50.13844,29.95466],[50.13754,29.97297],[50.13396,29.98355],[50.14967,29.98518],[50.15333,29.99103],[50.14747,29.99824],[50.13396,30.00406],[50.14479,30.03791],[50.12184,30.09455],[50.1277,30.12067],[50.11362,30.13032],[50.09791,30.14851],[50.08473,30.16889],[50.07936,30.18525],[50.07342,30.19575],[50.05885,30.20458],[50.05063,30.20734],[50.0241,30.21625],[49.98829,30.21992],[49.95102,30.21503],[49.91456,30.20393],[49.60076,30.0301],[49.56446,30.01683],[49.53224,30.02294],[49.50408,30.05866],[49.50164,30.0749],[49.50123,30.12006],[49.49342,30.13744],[49.48618,30.14639],[49.48365,30.1518],[49.47983,30.15607],[49.46909,30.16169],[49.45932,30.16519],[49.44988,30.16718],[49.42823,30.16852],[49.41765,30.16747],[49.39601,30.16279],[49.38396,30.16169],[49.37281,30.16376],[49.35841,30.17316],[49.34995,30.17528],[49.32928,30.17227],[49.29184,30.15852],[49.27125,30.15485],[49.24513,30.15648],[49.23569,30.16511],[49.23707,30.20637],[49.23406,30.20942],[49.22022,30.21792],[49.21599,30.22378],[49.21551,30.22919],[49.21599,30.24421],[49.21754,30.25178],[49.22169,30.25821],[49.2212,30.26455],[49.20916,30.27147],[49.20338,30.25446],[49.19288,30.23774],[49.17848,30.2259],[49.16139,30.22378],[49.14332,30.23355],[49.13478,30.24632],[49.12403,30.25642],[49.1067,30.2578],[49.08351,30.26484],[49.01734,30.29828],[49.00367,30.30939],[48.99708,30.34162],[48.9795,30.36176],[48.9533,30.37352],[48.92115,30.38076],[48.93181,30.39716],[48.94858,30.40107],[48.98943,30.39501],[49.01075,30.39594],[49.04371,30.40567],[49.06202,30.40811],[49.08237,30.40379],[49.12338,30.38508],[49.13746,30.38076],[49.15968,30.37885],[49.17644,30.37275],[49.18995,30.36221],[49.20289,30.34662],[49.20875,30.36009],[49.22771,30.38923],[49.25717,30.42186],[49.26287,30.43256],[49.26385,30.44965],[49.24318,30.44603],[49.22828,30.45441],[49.21901,30.46979],[49.21119,30.50633],[49.19939,30.50161],[49.18385,30.48705],[49.16822,30.477],[49.16969,30.48973],[49.17115,30.49311],[49.17506,30.49746],[49.16676,30.50877],[49.15821,30.50699],[49.14796,30.50039],[49.13404,30.49746],[49.1281,30.50112],[49.11695,30.51488],[49.11012,30.51797],[49.10377,30.51683],[49.09441,30.51219],[49.08937,30.51113],[49.06935,30.51382],[49.05128,30.51838],[49.03435,30.51927],[49.01734,30.51113],[48.98146,30.51561],[48.95297,30.50019],[48.94565,30.47972],[48.97267,30.46947],[49.0044,30.46402],[49.02947,30.45026],[49.03728,30.43252],[49.01734,30.41494],[49.0005,30.41519],[48.94646,30.42158],[48.93482,30.41865],[48.88014,30.37458],[48.87615,30.3701],[48.86736,30.3581],[48.86232,30.34561],[48.87371,30.33666],[48.86964,30.3295],[48.86305,30.32152],[48.85963,30.31623],[48.86704,30.29474],[48.88453,30.27936],[48.9048,30.26602],[48.92115,30.25043],[48.92954,30.23265],[48.93605,30.21011],[48.94166,30.16511],[48.93971,30.15253],[48.93084,30.13199],[48.92799,30.12067],[48.92856,30.11005],[48.93426,30.09101],[48.93482,30.07974],[48.92856,30.06],[48.91529,30.04218],[48.89723,30.02945],[48.87672,30.02448],[48.80885,30.03144],[48.79135,30.02448],[48.77198,30.03237],[48.702,30.03193],[48.65952,30.05223],[48.64332,30.05541],[48.64064,30.03807],[48.64552,30.02611],[48.65895,30.00727],[48.66163,29.99348],[48.6587,29.98363],[48.65138,29.975],[48.64234,29.96796],[48.6338,29.96304],[48.61085,29.95702],[48.53745,29.96304],[48.53745,29.96987],[48.53207,29.96381],[48.53102,29.96133],[48.52399,29.96411],[48.49304,29.97176],[48.47816,29.97962],[48.46431,29.98913],[48.4578,29.99486],[48.45314,30.00143],[48.44426,30.02091],[48.44219,30.03393],[48.42395,30.08364],[48.42121,30.08535],[48.41553,30.09563],[48.39558,30.11522],[48.38307,30.13842],[48.38111,30.14534],[48.38328,30.15646],[48.39113,30.16477],[48.40075,30.17227],[48.40803,30.1809],[48.41062,30.19154],[48.4087,30.20234],[48.40359,30.21252],[48.39702,30.221],[48.35816,30.2518],[48.32602,30.28348],[48.30571,30.31283],[48.29636,30.31975],[48.28427,30.32332],[48.27166,30.32383],[48.23507,30.31851],[48.22298,30.3181],[48.2112,30.31965],[48.20009,30.32394],[48.19208,30.33128],[48.18768,30.34084],[48.17947,30.38487],[48.17048,30.40667],[48.15766,30.42631],[48.14092,30.44192],[48.13058,30.4475],[48.11942,30.4508],[48.01359,30.46388],[48.01203,30.49452],[48.01545,30.97625],[48.01224,30.98907],[48.00155,30.99465],[47.67294,30.9947],[47.67644,31.23652],[47.67893,31.40785],[47.83132,31.76184],[47.83727,31.78447],[47.83447,31.80571],[47.82078,31.82359],[47.78135,31.84886],[47.76528,31.8641],[47.76172,31.87165],[47.75655,31.88917],[47.75097,31.89821],[47.74332,31.90425],[47.72523,31.91433],[47.71841,31.92234],[47.68265,31.97691],[47.67795,31.99453],[47.67795,31.99469],[47.66808,32.01241],[47.63314,32.02694],[47.6178,32.04187],[47.59501,32.08543],[47.58023,32.1035],[47.57806,32.10616],[47.55873,32.11298],[47.54364,32.11458],[47.53475,32.12316],[47.52669,32.13339],[47.51382,32.14031],[47.49817,32.14414],[47.49134,32.14863],[47.49041,32.15654],[47.49248,32.17049],[47.49641,32.18134],[47.50235,32.19013],[47.50767,32.19984],[47.50922,32.2138],[47.504,32.22674],[47.48452,32.23935],[47.47915,32.25206],[47.46943,32.25612],[47.46303,32.26183],[47.44535,32.28263],[47.44158,32.28818],[47.43688,32.29369],[47.40706,32.31777],[47.40246,32.32351],[47.39579,32.33702],[47.39595,32.34198],[47.39998,32.34578],[47.40877,32.36433],[47.41435,32.36986],[47.41796,32.37642],[47.41641,32.38797],[47.41083,32.39529],[47.38412,32.41257],[47.36732,32.43076],[47.35611,32.44619],[47.34334,32.45869],[47.32195,32.46823],[47.26531,32.48468],[47.25126,32.48546],[47.20547,32.46404],[47.1878,32.45838],[47.15255,32.45518],[47.12103,32.46104],[47.09059,32.47456],[47.05866,32.4944],[47.05861,32.49448],[47.0584,32.49448],[46.75733,32.71619],[46.71589,32.75601],[46.65036,32.78937],[46.60442,32.82068],[46.60061,32.82254],[46.50732,32.86802],[46.47931,32.89179],[46.37963,32.93176],[46.27343,32.95949],[46.15556,32.94835],[46.09701,32.95432],[46.07572,32.99434],[46.07572,32.9945],[46.08802,33.00672],[46.10466,33.01806],[46.11949,33.03101],[46.12616,33.04798],[46.12042,33.06168],[46.106,33.0725],[46.08719,33.07922],[46.04327,33.08346],[46.02931,33.09351],[46.0303,33.10568],[46.0504,33.11511],[46.07241,33.11677],[46.08915,33.11568],[46.10538,33.11839],[46.12647,33.13178],[46.15344,33.15426],[46.16719,33.16834],[46.17432,33.18118],[46.1737,33.19022],[46.16212,33.19637],[46.15768,33.20567],[46.15835,33.21386],[46.1644,33.23306],[46.16419,33.24335],[46.1553,33.26022],[46.14135,33.27211],[46.10952,33.29371],[46.06972,33.34086],[46.03624,33.36794],[46.03107,33.38251],[46.0305,33.3992],[46.02745,33.41951],[46.01939,33.4384],[46.00802,33.45566],[45.97443,33.4908],[45.97138,33.49276],[45.96823,33.49424],[45.96449,33.49599],[45.96327,33.49656],[45.95816,33.49739],[45.95314,33.49659],[45.94818,33.49426],[45.92968,33.47951],[45.8994,33.4763],[45.86974,33.48212],[45.85258,33.49437],[45.86819,33.51157],[45.91563,33.53581],[45.92793,33.55087],[45.9209,33.57299],[45.89971,33.58516],[45.88204,33.6002],[45.88596,33.63092],[45.86436,33.62642],[45.81579,33.6258],[45.79754,33.61932],[45.76845,33.59591],[45.75202,33.58676],[45.73455,33.58312],[45.72773,33.5901],[45.72799,33.62565],[45.72463,33.63304],[45.72112,33.64076],[45.67399,33.66903],[45.65879,33.68169],[45.64515,33.69792],[45.63513,33.71417],[45.6282,33.73184],[45.62391,33.75207],[45.61673,33.76869],[45.6036,33.78073],[45.5882,33.7915],[45.57477,33.80393],[45.48578,33.93865],[45.48392,33.94005],[45.48175,33.94087],[45.47927,33.94118],[45.44971,33.93739],[45.42372,33.93878],[45.40103,33.94945],[45.38036,33.97356],[45.40176,33.98162],[45.41147,33.98715],[45.41974,33.99426],[45.41995,33.99426],[45.41995,33.99436],[45.43519,34.02214],[45.44361,34.04766],[45.45488,34.06986],[45.47927,34.08764],[45.49395,34.10068],[45.53436,34.1282],[45.54454,34.13949],[45.54454,34.15063],[45.5388,34.15923],[45.53146,34.16792],[45.52666,34.17931],[45.52867,34.18856],[45.54273,34.20747],[45.54769,34.21649],[45.56102,34.2646],[45.56304,34.28928],[45.55756,34.31196],[45.54221,34.3316],[45.52154,34.3425],[45.49922,34.3424],[45.47927,34.32915],[45.46077,34.34046],[45.44795,34.36209],[45.41705,34.44436],[45.42677,34.45751],[45.47927,34.46725],[45.48651,34.47273],[45.49302,34.47901],[45.4987,34.48624],[45.50346,34.49417],[45.50485,34.52378],[45.49653,34.56425],[45.50066,34.59169],[45.53963,34.58223],[45.57394,34.5673],[45.60484,34.56115],[45.67357,34.55665],[45.69559,34.55024],[45.70153,34.55128],[45.70561,34.55774],[45.7083,34.56838],[45.70856,34.57908],[45.70561,34.58559],[45.69445,34.59856],[45.69125,34.61551],[45.69078,34.63432],[45.68763,34.65324],[45.6835,34.66021],[45.67838,34.66512],[45.67347,34.67117],[45.67037,34.68181],[45.66686,34.68998],[45.65952,34.69721],[45.65053,34.703],[45.64226,34.70687],[45.62738,34.72083],[45.63502,34.73695],[45.66282,34.76325],[45.66593,34.77473],[45.6636,34.79493],[45.66675,34.80692],[45.67657,34.81829],[45.68923,34.82263],[45.71771,34.82511],[45.7454,34.84098],[45.75047,34.86537],[45.7485,34.89074],[45.75512,34.90996],[45.77827,34.91089],[45.7962,34.90306],[45.80804,34.89787],[45.83501,34.89017],[45.8502,34.90681],[45.85785,34.93131],[45.86633,34.94955],[45.86896,34.96836],[45.85971,34.99425],[45.85971,34.9944],[45.85682,35.00805],[45.85703,35.02127],[45.86188,35.0328],[45.87248,35.04143],[45.87904,35.04324],[45.8931,35.04437],[45.89909,35.04691],[45.90116,35.05161],[45.89837,35.06391],[45.8994,35.06861],[45.9132,35.08732],[45.92017,35.08964],[45.93495,35.08546],[45.95604,35.07424],[45.96637,35.07073],[45.97924,35.07155],[46.00921,35.06091],[46.02508,35.06427],[46.03975,35.07554],[46.06657,35.08881],[46.07665,35.08969],[46.09453,35.08582],[46.11995,35.09274],[46.13236,35.09476],[46.14311,35.09951],[46.15106,35.1116],[46.13039,35.1314],[46.14383,35.15961],[46.16548,35.18995],[46.16925,35.21625],[46.15416,35.22664],[46.11541,35.22633],[46.10145,35.23428],[46.09877,35.25005],[46.10766,35.26276],[46.12006,35.2749],[46.12528,35.28499],[46.1274,35.28906],[46.12016,35.31852],[46.09629,35.34115],[46.04099,35.38156],[45.97702,35.46533],[45.96399,35.49417],[45.96358,35.50341],[45.96606,35.51148],[45.97133,35.51804],[45.97924,35.523],[45.98322,35.52698],[45.98456,35.53106],[45.98311,35.5353],[45.97924,35.53949],[45.96803,35.5585],[45.95934,35.57871],[45.96389,35.57974],[45.9687,35.57974],[45.99924,35.57214],[46.00203,35.58594],[45.99231,35.62439],[45.99236,35.64088],[45.99588,35.65839],[46.00379,35.67426],[46.0165,35.68573],[46.03706,35.69157],[46.10704,35.68981],[46.1276,35.69369],[46.17773,35.71539],[46.217,35.71358],[46.23788,35.71555],[46.25349,35.72774],[46.26713,35.74412],[46.29751,35.75989],[46.31338,35.77151],[46.32506,35.78784],[46.32707,35.8035],[46.31963,35.81688],[46.30299,35.82655],[46.28139,35.82831],[46.26351,35.82112],[46.24641,35.81141],[46.22744,35.80572],[46.18496,35.79818],[46.16352,35.79751],[46.14336,35.80453],[46.1352,35.81001],[46.1291,35.81554],[46.12481,35.82247],[46.11985,35.84288],[46.11505,35.84644],[46.10776,35.84743],[46.07696,35.85699],[46.06042,35.85724],[46.0443,35.85228],[46.02497,35.84329],[46.00492,35.83797],[45.94126,35.84035],[45.90911,35.8313],[45.89878,35.83218],[45.8885,35.83487],[45.87832,35.83523],[45.85408,35.81833],[45.83475,35.81053],[45.81419,35.80934],[45.79791,35.81838],[45.78675,35.82024],[45.74902,35.81099],[45.73104,35.81513],[45.71874,35.82831],[45.69321,35.87988],[45.64686,35.93321],[45.61704,35.95543],[45.58986,35.95961],[45.57694,35.96623],[45.53999,35.99398],[45.50142,36.00543],[45.47927,36.01201],[45.45312,36.01165],[45.41995,35.99827],[45.40217,35.99424],[45.40196,35.99408],[45.40186,35.99403],[45.40155,35.99398],[45.38181,35.98297],[45.35959,35.97687],[45.33809,35.9793],[45.32052,35.99398],[45.32031,35.99403],[45.32021,35.99413],[45.32021,35.99429],[45.3137,36.01041],[45.31959,36.03103],[45.33189,36.0516],[45.34419,36.06746],[45.34832,36.08751],[45.33561,36.10772],[45.3046,36.14038],[45.29954,36.16141],[45.30202,36.20756],[45.29737,36.22673],[45.2828,36.23841],[45.26419,36.25019],[45.25851,36.26223],[45.28269,36.27489],[45.26393,36.29427],[45.25701,36.31169],[45.25448,36.35478],[45.24962,36.37794],[45.23887,36.403],[45.2213,36.42093],[45.19598,36.42243],[45.13996,36.40439],[45.11082,36.40253],[45.08374,36.41282],[45.07227,36.42341],[45.06855,36.43251],[45.06689,36.44238],[45.06209,36.45535],[45.05408,36.46496],[45.0455,36.47163],[45.03909,36.47984],[45.03816,36.494],[45.02534,36.50521],[45.00952,36.5162],[45.00591,36.5187],[44.99139,36.53374],[44.99341,36.54966],[44.99785,36.55208],[45.01026,36.55601],[45.01325,36.55792],[45.01418,36.57901],[45.02488,36.61317],[45.04431,36.64934],[45.04591,36.66805],[45.03527,36.6896],[45.01098,36.72556],[44.9962,36.74169],[44.97946,36.74902],[44.96643,36.74933],[44.95475,36.75233],[44.94442,36.75827],[44.93522,36.76711],[44.92271,36.7759],[44.90825,36.77786],[44.87724,36.77646],[44.85119,36.78122],[44.83125,36.79192],[44.82339,36.80933],[44.83414,36.83403],[44.86964,36.86897],[44.88344,36.88685],[44.88882,36.91093],[44.88406,36.93335],[44.87486,36.94966],[44.86918,36.96736],[44.87476,36.99402],[44.88571,37.00508],[44.88737,37.01593],[44.88075,37.02493],[44.85895,37.03412],[44.84758,37.04404],[44.8406,37.0472],[44.83094,37.04684],[44.8112,37.04193],[44.8019,37.04353],[44.7973,37.04849],[44.79223,37.06373],[44.78836,37.07024],[44.78112,37.07448],[44.77363,37.07634],[44.76655,37.07895],[44.76066,37.08564],[44.7527,37.10332],[44.75254,37.11314],[44.76613,37.14192],[44.77234,37.16125],[44.76613,37.17815],[44.75673,37.1952],[44.75353,37.21533],[44.7605,37.23323],[44.77296,37.24168],[44.78675,37.24811],[44.79848,37.26031],[44.80159,37.29269],[44.77895,37.3138],[44.72138,37.34328],[44.71301,37.35679],[44.70712,37.37095],[44.69803,37.38005],[44.66165,37.37565],[44.65224,37.38402],[44.63818,37.4126],[44.62279,37.4219],[44.58558,37.42467],[44.57214,37.43079],[44.56594,37.44717],[44.57927,37.47696],[44.57524,37.49384],[44.57524,37.49399],[44.56992,37.5144],[44.57183,37.53921],[44.57834,37.56391],[44.58744,37.58401],[44.58351,37.60109],[44.56098,37.61466],[44.54088,37.63272],[44.54527,37.66302],[44.55354,37.67181],[44.58816,37.69398],[44.59839,37.70703],[44.59612,37.71638],[44.55938,37.75201],[44.53442,37.76919],[44.50646,37.77935],[44.47923,37.77687],[44.46652,37.77113],[44.4505,37.76664],[44.43644,37.7678],[44.4291,37.77914],[44.42977,37.78514],[44.43375,37.8011],[44.43303,37.80612],[44.42548,37.81077],[44.41897,37.80968],[44.4121,37.80772],[44.4044,37.80974],[44.39324,37.82108],[44.38755,37.8334],[44.38383,37.84498],[44.37794,37.85413],[44.36714,37.86022],[44.33123,37.87397],[44.31924,37.87686],[44.25444,37.87084],[44.21961,37.87531],[44.20209,37.89717],[44.20501,37.90477],[44.20638,37.90833],[44.21671,37.91859],[44.2255,37.92931],[44.22467,37.942],[44.21966,37.95608],[44.22147,37.96882],[44.22756,37.98099],[44.23604,37.99383],[44.23614,37.99401],[44.24539,38.00838],[44.26953,38.03001],[44.27831,38.04533],[44.28658,38.06631],[44.29588,38.07902],[44.30901,38.08724],[44.32828,38.09463],[44.33381,38.10088],[44.3257,38.11969],[44.32709,38.1284],[44.33536,38.13406],[44.35314,38.14],[44.36058,38.14785],[44.36709,38.16248],[44.37324,38.18212],[44.3767,38.20155],[44.37241,38.2495],[44.40058,38.27467],[44.43675,38.29694],[44.45918,38.32242],[44.45876,38.33833],[44.45112,38.35404],[44.43882,38.36756],[44.42466,38.37704],[44.40905,38.38179],[44.39634,38.37967],[44.36337,38.36461],[44.3134,38.37182],[44.29867,38.37719],[44.28952,38.38226],[44.28658,38.39099],[44.28988,38.40737],[44.29051,38.4166],[44.2874,38.44194],[44.28751,38.45373],[44.30017,38.49403],[44.30136,38.51119],[44.29216,38.56204],[44.29681,38.60162],[44.29702,38.62232],[44.28988,38.63888],[44.28255,38.64539],[44.2749,38.64937],[44.25681,38.65392],[44.24431,38.65896],[44.24741,38.66508],[44.25609,38.67196],[44.26048,38.67924],[44.25547,38.69728],[44.25051,38.70922],[44.24865,38.72182],[44.25268,38.74182],[44.27981,38.81422],[44.275,38.84357],[44.22198,38.86344],[44.20576,38.87566],[44.19211,38.89075],[44.1825,38.91313],[44.17816,38.9207],[44.17485,38.92837],[44.17537,38.93669],[44.17465,38.94576],[44.1671,38.95199],[44.15801,38.95747],[44.15196,38.96462],[44.14778,38.98005],[44.14467,38.98682],[44.1392,38.99377],[44.1392,38.99395],[44.15336,39.01255],[44.16953,39.02305],[44.17914,39.03493],[44.16989,39.07436],[44.17496,39.09022],[44.1948,39.12053],[44.18664,39.14513],[44.14809,39.16645],[44.10354,39.18464],[44.0777,39.20006],[44.07657,39.20869],[44.08349,39.22683],[44.08266,39.23567],[44.07057,39.25549],[44.06716,39.26401],[44.06675,39.27295],[44.06923,39.27957],[44.06943,39.28701],[44.05765,39.3068],[44.05176,39.32804],[44.0474,39.33751],[44.04721,39.33791],[44.02096,39.36199],[44.01486,39.37408],[44.02602,39.38618],[44.04639,39.39605],[44.06137,39.40028],[44.07698,39.40059],[44.0992,39.39847],[44.12225,39.40044],[44.17651,39.41155],[44.20043,39.40948],[44.26953,39.38287],[44.29495,39.38121],[44.31696,39.3853],[44.36874,39.40359],[44.38797,39.4145],[44.40481,39.43439],[44.40523,39.45248],[44.40171,39.47134],[44.40667,39.49366],[44.40683,39.49371],[44.4168,39.50555],[44.41742,39.51749],[44.41401,39.53035],[44.41205,39.54446],[44.41401,39.56089],[44.41856,39.57433],[44.45168,39.62585],[44.45763,39.63872],[44.45825,39.64252],[44.46021,39.65448],[44.45504,39.68714],[44.45949,39.69846],[44.56573,39.76589],[44.59043,39.77153],[44.60583,39.76315],[44.63281,39.73163],[44.6465,39.71954],[44.70629,39.69804],[44.72572,39.68533],[44.80699,39.6399]]],[[[54.52638,26.30964],[54.53321,26.30679],[54.53891,26.30272],[54.54371,26.29735],[54.54737,26.29043],[54.52638,26.25194],[54.52101,26.25096],[54.50929,26.25422],[54.49757,26.25971],[54.4922,26.26557],[54.4909,26.27871],[54.48854,26.28872],[54.48813,26.29804],[54.4922,26.30964],[54.49838,26.31737],[54.50685,26.32123],[54.51645,26.3194],[54.52638,26.30964]]],[[[54.03688,26.48843],[53.96306,26.49217],[53.95541,26.49258],[53.92311,26.50654],[53.90284,26.5362],[53.91285,26.5502],[53.92758,26.56013],[53.94549,26.56509],[53.96485,26.56411],[53.9817,26.5589],[54.01881,26.55557],[54.03305,26.55044],[54.03492,26.54613],[54.03582,26.54401],[54.03582,26.54389],[54.03541,26.53486],[54.03557,26.53372],[54.03647,26.52676],[54.03663,26.52668],[54.04371,26.52318],[54.04794,26.51976],[54.05047,26.51777],[54.05136,26.51203],[54.05242,26.5058],[54.05014,26.49982],[54.04803,26.49384],[54.03688,26.48843]]],[[[53.31715,26.79999],[53.29908,26.79072],[53.2798,26.79068],[53.22283,26.79955],[53.20525,26.80622],[53.20314,26.80744],[53.18979,26.81517],[53.15846,26.83857],[53.14943,26.84789],[53.15333,26.8522],[53.16049,26.85371],[53.16847,26.85635],[53.17807,26.85688],[53.26246,26.83365],[53.33741,26.82868],[53.36069,26.8205],[53.37379,26.8098],[53.38201,26.80313],[53.36752,26.79963],[53.32911,26.80256],[53.31715,26.79999]]],[[[56.32228,26.83442],[56.32683,26.86107],[56.34116,26.87934],[56.36655,26.8898],[56.40414,26.89305],[56.40919,26.86225],[56.37916,26.83869],[56.34099,26.82762],[56.32228,26.83442]]],[[[56.21241,27.003],[56.23211,26.99876],[56.25766,26.98871],[56.27361,26.97777],[56.27947,26.97382],[56.28745,26.95515],[56.27133,26.94697],[56.25522,26.93879],[56.19353,26.92455],[56.1714,26.90681],[56.14869,26.86201],[56.13722,26.84467],[56.09588,26.80687],[56.08937,26.79352],[56.08082,26.78535],[56.04282,26.76813],[56.03419,26.75902],[56.02564,26.7541],[55.97641,26.71157],[55.94703,26.69627],[55.924,26.70502],[55.90219,26.72484],[55.87664,26.74291],[55.80982,26.71206],[55.79127,26.6979],[55.77272,26.68838],[55.75131,26.68854],[55.70582,26.69452],[55.68556,26.6905],[55.66424,26.68154],[55.61036,26.64692],[55.55445,26.62564],[55.52052,26.60326],[55.50294,26.59487],[55.44117,26.58861],[55.39731,26.57783],[55.37875,26.56729],[55.36956,26.56411],[55.36948,26.56411],[55.36655,26.5646],[55.36109,26.56562],[55.34978,26.569],[55.33961,26.569],[55.3353,26.56045],[55.33074,26.55362],[55.31983,26.54828],[55.30763,26.54491],[55.29843,26.54365],[55.29835,26.54365],[55.29412,26.54629],[55.29054,26.54849],[55.28541,26.55996],[55.28061,26.58466],[55.28736,26.60228],[55.28924,26.61359],[55.28403,26.6188],[55.27377,26.64981],[55.28468,26.66022],[55.33188,26.64533],[55.34278,26.64981],[55.34897,26.64822],[55.3519,26.64745],[55.35198,26.64749],[55.4048,26.67402],[55.53842,26.71296],[55.55787,26.71499],[55.57049,26.71939],[55.57407,26.72065],[55.57423,26.72069],[55.62045,26.74608],[55.64039,26.76056],[55.70582,26.78327],[55.71607,26.78392],[55.73683,26.78242],[55.74684,26.78327],[55.75416,26.78608],[55.7645,26.79389],[55.77418,26.79694],[55.77117,26.80366],[55.76678,26.81053],[55.78207,26.82616],[55.78565,26.84496],[55.78102,26.88963],[55.7732,26.90672],[55.75611,26.92133],[55.73943,26.93293],[55.7326,26.9409],[55.75799,26.95405],[55.89772,26.90681],[55.93556,26.91478],[56.04103,26.97565],[56.17319,27.00235],[56.21241,27.003]]],[[[56.47299,27.10602],[56.48357,27.09976],[56.49513,27.09577],[56.50465,27.08893],[56.50514,27.08698],[56.50847,27.07437],[56.50473,27.06167],[56.49529,27.05231],[56.48813,27.04914],[56.48178,27.04633],[56.46616,27.04393],[56.43458,27.05484],[56.43686,27.08002],[56.45541,27.10277],[56.47299,27.10602]]],[[[50.30582,29.27127],[50.32384,29.26418],[50.33465,29.25866],[50.33011,29.24137],[50.33302,29.22403],[50.32643,29.20893],[50.31653,29.20757],[50.30663,29.21545],[50.29675,29.23747],[50.29047,29.25714],[50.28327,29.26894],[50.295,29.27522],[50.30582,29.27127]]],[[[54.54656,25.9265],[54.55161,25.91771],[54.55323,25.89985],[54.54322,25.89305],[54.52963,25.89598],[54.51368,25.90265],[54.50978,25.91376],[54.5228,25.92011],[54.54656,25.9265]]],[[[55.8943,26.67943],[55.90203,26.66885],[55.90398,26.64525],[55.88966,26.62376],[55.86931,26.61302],[55.8532,26.62104],[55.85548,26.64411],[55.86834,26.66645],[55.88453,26.67768],[55.8943,26.67943]]],[[[53.63941,26.68879],[53.65122,26.68382],[53.65919,26.66885],[53.64625,26.65717],[53.62867,26.65933],[53.61118,26.6673],[53.60125,26.67959],[53.60922,26.6905],[53.62916,26.69111],[53.63941,26.68879]]],[[[55.04868,25.88577],[55.0499,25.87608],[55.05437,25.86461],[55.04648,25.85838],[55.03826,25.85773],[55.03264,25.85464],[55.02304,25.86286],[55.0184,25.8596],[55.01897,25.86575],[55.01564,25.87185],[55.01205,25.88162],[55.02646,25.88874],[55.04371,25.89289],[55.04868,25.88577]]]]}},{"type":"Feature","properties":{"name":"Yemen","iso_a3":"YEM"},"geometry":{"type":"MultiPolygon","coordinates":[[[[51.97861,18.99564],[51.98569,18.97973],[52.01396,18.91616],[52.05675,18.81963],[52.09954,18.72304],[52.14233,18.62651],[52.18501,18.52993],[52.2278,18.43342],[52.27069,18.33687],[52.31332,18.24028],[52.35616,18.14378],[52.399,18.04727],[52.44174,17.95064],[52.48453,17.85416],[52.52742,17.75763],[52.57021,17.66109],[52.61284,17.56456],[52.65563,17.46798],[52.69842,17.37145],[52.73015,17.29988],[52.72828,17.29936],[52.72301,17.29869],[52.72146,17.29817],[52.73624,17.28918],[52.77386,17.28711],[52.79102,17.28122],[52.80156,17.26742],[52.84032,17.18371],[52.90275,17.04826],[52.96527,16.91292],[53.0279,16.77748],[53.09034,16.6424],[53.09002,16.64224],[53.06918,16.63182],[53.02182,16.61945],[52.98487,16.62816],[52.97389,16.61831],[52.96217,16.61628],[52.95053,16.61563],[52.94028,16.61018],[52.92115,16.59113],[52.90992,16.58308],[52.88526,16.57543],[52.85108,16.55614],[52.80909,16.54833],[52.78883,16.5397],[52.75213,16.5183],[52.73683,16.51195],[52.59767,16.47671],[52.53256,16.44725],[52.42042,16.37124],[52.31861,16.29116],[52.29274,16.26382],[52.27947,16.24388],[52.2614,16.20897],[52.22869,16.17194],[52.22145,16.16088],[52.21705,16.14838],[52.21705,16.13809],[52.21957,16.12596],[52.22267,16.1164],[52.22438,16.11359],[52.21681,16.09516],[52.19435,16.0703],[52.18409,16.02945],[52.16,16.0021],[52.15553,15.98387],[52.16342,15.96479],[52.17742,15.94237],[52.18653,15.91909],[52.17547,15.87792],[52.19158,15.86298],[52.22438,15.84675],[52.22527,15.83194],[52.21705,15.76073],[52.22145,15.71699],[52.23121,15.67475],[52.23829,15.66865],[52.24285,15.66348],[52.24488,15.6577],[52.24383,15.65156],[52.23854,15.64252],[52.23748,15.63752],[52.23658,15.62934],[52.23357,15.62177],[52.22836,15.61612],[52.22071,15.61396],[52.19899,15.61148],[52.04713,15.57001],[52.03875,15.56314],[52.03151,15.55581],[52.02573,15.55121],[52.01694,15.54865],[52.00164,15.54727],[51.99171,15.54507],[51.9131,15.51533],[51.8742,15.49152],[51.87501,15.46939],[51.8742,15.46503],[51.87184,15.46377],[51.86939,15.46377],[51.86818,15.46312],[51.86866,15.45157],[51.86541,15.4501],[51.85987,15.45331],[51.85385,15.45571],[51.84653,15.45954],[51.83872,15.4663],[51.82928,15.4687],[51.81666,15.45942],[51.80942,15.45576],[51.7588,15.44562],[51.67994,15.40347],[51.66725,15.39142],[51.66212,15.37714],[51.66774,15.35765],[51.67652,15.34699],[51.67644,15.34028],[51.65528,15.33275],[51.54949,15.32298],[51.53053,15.31684],[51.51344,15.30805],[51.4983,15.29804],[51.47429,15.2707],[51.45428,15.26952],[51.44654,15.26642],[51.44361,15.2602],[51.43247,15.25967],[51.38201,15.23802],[51.36785,15.22972],[51.34246,15.2377],[51.31446,15.22671],[51.28842,15.21027],[51.26881,15.20181],[51.06983,15.14964],[50.85133,15.10993],[50.66147,15.0585],[50.55405,15.04857],[50.45948,15.01044],[50.43238,14.99543],[50.35825,14.93334],[50.34303,14.92475],[50.30226,14.91747],[50.24383,14.88715],[50.17954,14.84333],[50.16505,14.84248],[50.14625,14.8498],[50.12143,14.84422],[50.07936,14.82567],[50.06039,14.82022],[50.05177,14.81875],[50.04184,14.81826],[50.03582,14.83893],[50.0298,14.85029],[50.02101,14.84927],[50.00603,14.84439],[49.94215,14.83877],[49.79859,14.79218],[49.57814,14.73729],[49.46046,14.67357],[49.41782,14.65693],[49.37241,14.64981],[49.35206,14.6398],[49.31276,14.61278],[49.22885,14.57526],[49.1902,14.54857],[49.18189,14.51659],[49.17189,14.51826],[49.15675,14.52611],[49.13705,14.53266],[49.11354,14.53022],[49.09278,14.5196],[49.07797,14.50609],[49.02809,14.43635],[49.00994,14.40111],[49.00026,14.35956],[49.00799,14.35444],[49.00856,14.343],[49.00603,14.3312],[49.00367,14.32477],[48.99155,14.31688],[48.95053,14.3006],[48.94166,14.29438],[48.9358,14.27045],[48.92156,14.26187],[48.90349,14.25849],[48.88697,14.25031],[48.88233,14.24323],[48.88038,14.23461],[48.88014,14.2121],[48.87696,14.20673],[48.86988,14.20136],[48.86297,14.19465],[48.85255,14.16698],[48.8353,14.15624],[48.79762,14.14045],[48.73829,14.06818],[48.71949,14.05728],[48.71372,14.05541],[48.70183,14.0467],[48.69581,14.04361],[48.6893,14.04243],[48.68149,14.04361],[48.56479,14.04605],[48.54811,14.04051],[48.50343,14.00263],[48.49383,13.99897],[48.48553,13.99848],[48.47755,13.99673],[48.46876,13.98896],[48.45045,14.01065],[48.41537,14.01683],[48.33823,14.0163],[48.34116,14.0124],[48.34571,14.00263],[48.30421,14.0019],[48.18873,13.96914],[48.19361,13.99339],[48.17758,14.00918],[48.15528,14.02021],[48.14039,14.03059],[48.13356,14.02314],[48.10597,14.03604],[48.01686,14.05728],[48.00164,14.04914],[47.94858,14.03339],[47.93116,14.03059],[47.91733,14.02139],[47.86655,13.96166],[47.82097,13.93846],[47.66725,13.88719],[47.64568,13.8732],[47.56422,13.78913],[47.43605,13.67805],[47.3982,13.65485],[47.16684,13.5856],[46.91188,13.53327],[46.82423,13.4763],[46.70069,13.43032],[46.68385,13.42723],[46.66391,13.43008],[46.62827,13.44082],[46.60475,13.4409],[46.58351,13.43513],[46.54021,13.4169],[46.52003,13.41303],[46.313,13.41356],[46.26954,13.42048],[46.24781,13.43211],[46.23455,13.43635],[46.22869,13.43106],[46.22413,13.4287],[46.19752,13.42048],[46.11134,13.40681],[45.9406,13.39936],[45.92319,13.39545],[45.89047,13.38231],[45.87574,13.37946],[45.83375,13.38133],[45.81544,13.37954],[45.80348,13.37202],[45.66578,13.34199],[45.63209,13.3249],[45.5359,13.22866],[45.50847,13.20869],[45.49415,13.19465],[45.48146,13.15754],[45.43409,13.09833],[45.40301,13.07014],[45.36525,13.0537],[45.19353,13.01268],[45.15406,12.99213],[45.11818,12.96174],[45.1045,12.94489],[45.09946,12.93618],[45.09376,12.92626],[45.09319,12.92471],[45.0866,12.90729],[45.084,12.88947],[45.08229,12.88662],[45.05877,12.82714],[45.05665,12.81713],[45.06202,12.77656],[45.0586,12.76203],[45.03932,12.75629],[45.01775,12.75983],[44.99464,12.76919],[44.97934,12.78229],[44.98097,12.79731],[44.99741,12.80345],[45.01775,12.80174],[45.03517,12.80366],[45.04249,12.82087],[45.03858,12.82123],[45.02329,12.84105],[45.02198,12.84512],[45.02003,12.84894],[45.0215,12.85346],[45.0215,12.85716],[45.01515,12.85871],[45.00929,12.85668],[45.00847,12.85224],[45.00929,12.84756],[45.00831,12.84512],[45.00123,12.83348],[44.99806,12.83145],[44.99301,12.83246],[44.98365,12.83714],[44.97755,12.8382],[44.95509,12.83706],[44.94459,12.83397],[44.94011,12.82803],[44.93312,12.81265],[44.91676,12.79946],[44.89829,12.79621],[44.88478,12.81094],[44.87159,12.80353],[44.86744,12.79483],[44.87184,12.76996],[44.8794,12.77643],[44.88543,12.77798],[44.91627,12.77489],[44.92091,12.77139],[44.91896,12.75943],[44.91277,12.7482],[44.89829,12.73676],[44.88136,12.72988],[44.86834,12.73212],[44.83961,12.74348],[44.83082,12.74885],[44.82488,12.75703],[44.82496,12.76162],[44.8226,12.76508],[44.80974,12.76996],[44.78517,12.77228],[44.7649,12.76557],[44.72779,12.74201],[44.72674,12.74653],[44.72291,12.75235],[44.72096,12.75629],[44.7256,12.76651],[44.71925,12.7801],[44.70688,12.79365],[44.69361,12.80345],[44.65235,12.81794],[44.61061,12.81957],[44.57276,12.81159],[44.54282,12.79731],[44.48992,12.75348],[44.43295,12.69359],[44.43084,12.68818],[44.42351,12.67597],[44.41554,12.67015],[44.41179,12.68403],[44.40699,12.68525],[44.38347,12.67634],[44.35434,12.66934],[44.28956,12.63898],[44.26734,12.63679],[44.24732,12.63898],[44.22853,12.63866],[44.19117,12.61913],[44.16912,12.61815],[44.14943,12.62499],[44.13803,12.63898],[44.15162,12.63789],[44.17612,12.63325],[44.18995,12.63215],[44.19842,12.63907],[44.19801,12.65225],[44.19117,12.66047],[44.1797,12.65265],[44.15349,12.65595],[44.12135,12.64338],[44.06235,12.61172],[44.0337,12.60431],[44.0171,12.6037],[43.99171,12.61213],[43.96144,12.5996],[43.9463,12.59805],[43.92709,12.61017],[43.90943,12.64533],[43.89479,12.65265],[43.8742,12.65546],[43.85776,12.66254],[43.8296,12.68061],[43.81349,12.68838],[43.79469,12.69489],[43.77377,12.69941],[43.75147,12.70112],[43.7378,12.70576],[43.69947,12.72785],[43.67945,12.73526],[43.64405,12.73456],[43.63461,12.73867],[43.61939,12.74958],[43.60963,12.75434],[43.6006,12.75629],[43.58774,12.75137],[43.53077,12.6955],[43.52556,12.69037],[43.51173,12.68317],[43.49073,12.68061],[43.46803,12.6839],[43.46225,12.69335],[43.48121,12.77342],[43.48194,12.81208],[43.47315,12.84662],[43.45289,12.87861],[43.42262,12.9062],[43.41871,12.91645],[43.41554,12.9289],[43.40846,12.93696],[43.40138,12.94343],[43.3982,12.95116],[43.39682,12.97085],[43.39291,12.98969],[43.3864,13.00727],[43.37713,13.02318],[43.34181,13.06265],[43.33619,13.07441],[43.33473,13.08218],[43.32252,13.10578],[43.313,13.13125],[43.30885,13.13931],[43.24887,13.21271],[43.22633,13.28388],[43.23959,13.31513],[43.2483,13.34894],[43.25424,13.52656],[43.27467,13.5576],[43.27849,13.5666],[43.28028,13.57412],[43.28452,13.58039],[43.29518,13.5856],[43.28199,13.61713],[43.28533,13.68659],[43.28093,13.72211],[43.24789,13.78368],[43.2435,13.79434],[43.23316,13.87637],[43.22731,13.88544],[43.16172,13.95399],[43.13919,14.00735],[43.11807,14.05249],[43.09552,14.08396],[43.08425,14.15919],[43.07579,14.19476],[43.06592,14.22486],[43.04756,14.27551],[43.01905,14.36835],[43.011,14.38841],[43.00611,14.41942],[42.9935,14.44831],[42.98992,14.48021],[42.98732,14.48924],[42.9817,14.49478],[42.96339,14.50776],[42.95932,14.5135],[42.96119,14.52538],[42.96599,14.53026],[42.97348,14.52847],[42.98365,14.52033],[42.99415,14.50047],[43.00611,14.45478],[43.0215,14.44208],[43.02198,14.4711],[43.02003,14.48461],[43.01401,14.49677],[43.02866,14.53799],[43.01759,14.57123],[42.99806,14.60151],[42.98732,14.63386],[42.98951,14.64106],[42.99879,14.65127],[43.00099,14.65717],[42.99985,14.66332],[42.99732,14.6662],[42.9948,14.66791],[42.99049,14.68008],[42.98365,14.68513],[42.97682,14.68838],[42.97381,14.69188],[42.97145,14.69701],[42.96656,14.70185],[42.96168,14.70856],[42.95411,14.74266],[42.95314,14.75373],[42.94223,14.78889],[42.89454,14.84748],[42.88364,14.88369],[42.8816,14.90461],[42.88331,14.91551],[42.89112,14.9138],[42.89576,14.90599],[42.89405,14.89932],[42.89096,14.89142],[42.89112,14.88032],[42.89829,14.86176],[42.91041,14.84138],[42.92661,14.82323],[42.94565,14.81143],[42.94679,14.82587],[42.95314,14.8592],[42.95232,14.87954],[42.94166,14.91535],[42.93727,14.94847],[42.93214,14.96084],[42.92359,14.97142],[42.89812,14.99527],[42.88722,15.00821],[42.88014,15.02485],[42.87745,15.04853],[42.88233,15.10248],[42.87745,15.11986],[42.86402,15.13642],[42.82895,15.15176],[42.79689,15.1787],[42.7767,15.19139],[42.75473,15.20181],[42.73341,15.2093],[42.71127,15.21426],[42.69142,15.21426],[42.67693,15.2058],[42.6714,15.18537],[42.66041,15.18256],[42.63771,15.19086],[42.61801,15.20751],[42.61671,15.22972],[42.61012,15.2436],[42.62135,15.2447],[42.65463,15.23721],[42.67172,15.23965],[42.68263,15.24649],[42.68873,15.25703],[42.6919,15.2707],[42.69093,15.28124],[42.68068,15.29605],[42.67823,15.30829],[42.70428,15.35545],[42.71241,15.36628],[42.71762,15.35346],[42.7151,15.33698],[42.70786,15.32152],[42.69939,15.31167],[42.71852,15.30313],[42.73374,15.29389],[42.77426,15.26044],[42.77914,15.25332],[42.78126,15.2403],[42.77857,15.22162],[42.78199,15.21507],[42.79493,15.2093],[42.79591,15.21735],[42.79461,15.2226],[42.79168,15.2263],[42.7881,15.22972],[42.80307,15.24518],[42.80909,15.26777],[42.80689,15.34431],[42.79737,15.37971],[42.78126,15.4079],[42.77719,15.42194],[42.77768,15.43281],[42.77996,15.44318],[42.78126,15.45571],[42.78053,15.46748],[42.77833,15.47899],[42.77426,15.49103],[42.75994,15.51606],[42.71925,15.57001],[42.72136,15.57819],[42.73341,15.59223],[42.72389,15.6022],[42.71485,15.61396],[42.70826,15.62783],[42.70558,15.64435],[42.71607,15.67984],[42.71363,15.69473],[42.6919,15.70209],[42.69923,15.71743],[42.70924,15.7259],[42.72104,15.73282],[42.73341,15.74307],[42.74171,15.75324],[42.74578,15.76195],[42.74692,15.77265],[42.74724,15.7884],[42.75245,15.81639],[42.7658,15.83576],[42.78346,15.84943],[42.80177,15.86034],[42.82,15.87495],[42.83033,15.89252],[42.83481,15.91535],[42.84327,16.05219],[42.8401,16.09781],[42.81276,16.23827],[42.80885,16.31265],[42.80763,16.31957],[42.80177,16.34015],[42.80258,16.33942],[42.80307,16.34235],[42.80299,16.34736],[42.80177,16.35322],[42.79884,16.35847],[42.7907,16.36864],[42.78948,16.37096],[42.83731,16.38722],[42.87245,16.40164],[42.89819,16.4189],[42.90677,16.43492],[42.90563,16.45109],[42.90294,16.46628],[42.90677,16.47936],[42.91741,16.4838],[42.95627,16.49073],[42.97095,16.49579],[43.01467,16.5207],[43.03627,16.5363],[43.04877,16.55346],[43.07461,16.61878],[43.07864,16.63769],[43.07999,16.65883],[43.08495,16.67257],[43.09776,16.67779],[43.12277,16.6733],[43.16293,16.66152],[43.17998,16.66462],[43.18608,16.68327],[43.18568,16.68485],[43.17977,16.70823],[43.17068,16.72348],[43.16851,16.73722],[43.18287,16.758],[43.19186,16.76425],[43.20106,16.76813],[43.20861,16.7734],[43.21285,16.78389],[43.2115,16.79686],[43.20473,16.80771],[43.19445,16.81546],[43.15734,16.82538],[43.14582,16.83448],[43.13373,16.87101],[43.11264,16.91003],[43.10872,16.92698],[43.11543,16.95183],[43.13156,16.99044],[43.1359,17.00961],[43.136,17.03142],[43.13032,17.05348],[43.12246,17.07012],[43.11843,17.08625],[43.12432,17.10697],[43.1453,17.14655],[43.15099,17.16686],[43.15006,17.18996],[43.15616,17.2097],[43.17688,17.22551],[43.20334,17.23631],[43.22618,17.24127],[43.2486,17.25192],[43.25217,17.27197],[43.24184,17.29342],[43.2222,17.30783],[43.16504,17.32592],[43.16789,17.33052],[43.21595,17.38721],[43.30307,17.45904],[43.39102,17.51196],[43.41289,17.51996],[43.43495,17.52286],[43.45314,17.51878],[43.48714,17.51749],[43.50337,17.51345],[43.57706,17.48297],[43.61954,17.45883],[43.6893,17.38385],[43.73064,17.35243],[43.75064,17.34566],[43.76878,17.34551],[43.80619,17.34959],[43.84578,17.34618],[43.86324,17.34695],[43.88671,17.35367],[43.89265,17.35103],[43.89265,17.34008],[43.89006,17.32018],[43.89404,17.31217],[43.89735,17.30737],[43.90329,17.30432],[43.91513,17.30184],[43.93869,17.3052],[43.9543,17.32003],[43.96711,17.33956],[43.98231,17.35682],[44.00391,17.36783],[44.02096,17.36602],[44.05936,17.34706],[44.08535,17.34344],[44.10447,17.35196],[44.11966,17.36995],[44.13429,17.3947],[44.14901,17.40483],[44.16938,17.40235],[44.21154,17.39062],[44.23056,17.39186],[44.30735,17.40896],[44.40414,17.41873],[44.46517,17.41646],[44.5338,17.40287],[44.56196,17.40447],[44.62465,17.42721],[44.64645,17.43181],[44.84902,17.43051],[44.97247,17.4297],[44.99734,17.42953],[45.16539,17.42839],[45.22213,17.41739],[45.3847,17.32649],[45.43038,17.31202],[45.64231,17.29109],[45.89082,17.26665],[46.07996,17.24799],[46.32263,17.22407],[46.48789,17.24598],[46.7101,17.27538],[46.7472,17.25476],[46.8118,17.16846],[46.8858,17.06955],[46.97034,16.95685],[46.983,16.9491],[46.99703,16.94851],[47.12878,16.94305],[47.16134,16.94744],[47.1909,16.95891],[47.31358,17.0279],[47.42757,17.09183],[47.42857,17.0931],[47.45796,17.13089],[47.52483,17.30757],[47.57211,17.43232],[47.58901,17.46328],[47.68627,17.57965],[47.83551,17.75819],[47.99359,17.94759],[48.08438,18.0559],[48.16195,18.14892],[48.18443,18.16393],[48.31258,18.22659],[48.48436,18.31041],[48.67597,18.40402],[48.84754,18.48771],[48.9913,18.55789],[49.03585,18.57972],[49.12882,18.6121],[49.25785,18.62951],[49.41805,18.65106],[49.57825,18.67261],[49.73844,18.69416],[49.89854,18.71571],[50.05873,18.73726],[50.21893,18.75886],[50.37913,18.78035],[50.53932,18.8019],[50.69937,18.82353],[50.85972,18.84503],[51.01981,18.86658],[51.1799,18.88815],[51.3401,18.9097],[51.5003,18.93125],[51.66049,18.95282],[51.82069,18.97437],[51.97861,18.99564]]],[[[53.24833,12.1213],[53.26807,12.12883],[53.28688,12.12734],[53.29807,12.12187],[53.30824,12.11839],[53.31027,12.11144],[53.2775,12.11383],[53.26308,12.11487],[53.24833,12.1213]]],[[[53.05307,12.17492],[53.06837,12.17494],[53.08292,12.16479],[53.08707,12.14855],[53.08638,12.13434],[53.07183,12.13028],[53.05659,12.12825],[53.02677,12.13974],[53.0067,12.15664],[52.98526,12.16273],[52.98872,12.1722],[53.00395,12.17694],[53.01705,12.17558],[53.02746,12.17965],[53.03855,12.18033],[53.05307,12.17492]]],[[[52.2892,12.20082],[52.31937,12.18826],[52.37468,12.20059],[52.3895,12.19725],[52.38958,12.19725],[52.39471,12.18732],[52.38148,12.18254],[52.37113,12.17156],[52.37894,12.16569],[52.38846,12.14887],[52.35998,12.15385],[52.3479,12.1513],[52.33058,12.14619],[52.28468,12.15449],[52.24023,12.15688],[52.23503,12.16528],[52.22438,12.18032],[52.21811,12.18061],[52.21176,12.18089],[52.19068,12.17463],[52.17986,12.17284],[52.17579,12.17634],[52.16456,12.19253],[52.16236,12.19741],[52.15699,12.19623],[52.13669,12.20454],[52.12375,12.20198],[52.11232,12.19863],[52.1058,12.2038],[52.10182,12.20702],[52.06849,12.22201],[52.06412,12.23547],[52.07876,12.23974],[52.09409,12.24177],[52.11843,12.24155],[52.14778,12.2349],[52.17888,12.21394],[52.20043,12.20644],[52.2168,12.20734],[52.24611,12.20237],[52.2892,12.20082]]],[[[43.42897,12.67377],[43.44223,12.66722],[43.44386,12.6638],[43.44899,12.65298],[43.44744,12.63866],[43.4358,12.63215],[43.42888,12.63467],[43.41717,12.64672],[43.41139,12.65265],[43.39975,12.64985],[43.39275,12.65306],[43.39015,12.66633],[43.39763,12.6708],[43.40642,12.67304],[43.42897,12.67377]]],[[[54.47066,12.54357],[54.49693,12.54691],[54.51609,12.55843],[54.52683,12.55721],[54.54029,12.55024],[54.52793,12.53745],[54.49804,12.52947],[54.47652,12.52261],[54.45742,12.51923],[54.44665,12.51115],[54.44468,12.48472],[54.40234,12.46722],[54.36866,12.45957],[54.32817,12.44346],[54.28334,12.44729],[54.24594,12.43354],[54.23748,12.4252],[54.21876,12.3994],[54.20973,12.39378],[54.18385,12.38251],[54.15496,12.35981],[54.1405,12.35134],[54.11071,12.35381],[54.06423,12.35055],[54.04755,12.35296],[54.03089,12.34836],[54.00824,12.32986],[53.98593,12.33714],[53.98569,12.33714],[53.96998,12.34186],[53.93928,12.33476],[53.89647,12.32791],[53.77635,12.30497],[53.73116,12.30041],[53.67292,12.30634],[53.61827,12.32271],[53.57215,12.33461],[53.552,12.35438],[53.53598,12.37377],[53.51954,12.39354],[53.50563,12.41633],[53.47937,12.42517],[53.43787,12.45196],[53.33424,12.51553],[53.30974,12.53767],[53.30689,12.5434],[53.31568,12.55028],[53.34249,12.54261],[53.363,12.54491],[53.38453,12.55732],[53.38941,12.56078],[53.39112,12.56965],[53.39959,12.58759],[53.40317,12.59805],[53.39603,12.65647],[53.41074,12.66214],[53.42802,12.66539],[53.47008,12.67142],[53.47958,12.68653],[53.49033,12.70162],[53.49987,12.71207],[53.51895,12.71435],[53.57376,12.70377],[53.6062,12.69998],[53.62994,12.7023],[53.65476,12.70476],[53.69401,12.66978],[53.76289,12.6197],[53.80806,12.608],[53.8461,12.5986],[53.8664,12.62293],[53.876,12.64729],[53.90339,12.65303],[53.92243,12.65066],[53.94018,12.64243],[53.97354,12.64699],[54.0081,12.64574],[54.04513,12.66656],[54.05826,12.67116],[54.08217,12.6862],[54.09303,12.69888],[54.11939,12.70112],[54.13225,12.68837],[54.14651,12.67786],[54.16789,12.66499],[54.18346,12.66844],[54.19549,12.6754],[54.20053,12.673],[54.2107,12.66169],[54.21876,12.65265],[54.23732,12.65204],[54.26002,12.64753],[54.26934,12.63212],[54.28485,12.62625],[54.31947,12.61099],[54.36015,12.60269],[54.40078,12.5804],[54.42191,12.57403],[54.47066,12.54357]]],[[[42.71925,13.74262],[42.76173,13.77216],[42.78256,13.77993],[42.79493,13.76992],[42.79184,13.75072],[42.76149,13.71931],[42.75408,13.6979],[42.74391,13.68842],[42.68857,13.6638],[42.68849,13.66376],[42.68629,13.67597],[42.6858,13.67845],[42.6858,13.67853],[42.69353,13.6992],[42.71925,13.74262]]],[[[42.76026,14.06468],[42.76759,14.07152],[42.79575,14.03718],[42.80177,14.02314],[42.80161,14.01227],[42.7881,13.97533],[42.78663,13.944],[42.78858,13.9267],[42.78175,13.91999],[42.75408,13.92072],[42.76759,13.94868],[42.74659,13.95653],[42.72153,13.96939],[42.71249,13.97744],[42.70069,13.98794],[42.69923,13.99226],[42.6919,14.01317],[42.70086,14.02827],[42.72104,14.04597],[42.74399,14.06013],[42.76026,14.06468]]],[[[42.636,15.44554],[42.61036,15.42939],[42.60719,15.42292],[42.6115,15.42129],[42.61199,15.41657],[42.60808,15.41039],[42.59897,15.40363],[42.58473,15.39663],[42.58155,15.39159],[42.59254,15.38947],[42.60564,15.39301],[42.6185,15.40009],[42.62818,15.39867],[42.6281,15.38646],[42.61622,15.34809],[42.61346,15.3347],[42.61549,15.32636],[42.61329,15.31855],[42.60841,15.31403],[42.60939,15.3122],[42.61525,15.31403],[42.61411,15.30805],[42.59392,15.27871],[42.58221,15.26821],[42.56837,15.26887],[42.55738,15.27757],[42.54575,15.29442],[42.54591,15.31696],[42.55616,15.34146],[42.55893,15.39297],[42.57097,15.4101],[42.58375,15.4228],[42.59343,15.43073],[42.5975,15.43915],[42.6019,15.44627],[42.62387,15.45734],[42.63103,15.45425],[42.636,15.44554]]]]}}]}