{"type":"FeatureCollection","features":[{"type":"Feature","properties":{"name":"Southern","country_iso_a3":"ISR","type":"Mehoz"},"geometry":{"type":"Polygon","coordinates":[[[34.24835,31.21145],[34.2644,31.22419],[34.31587,31.2569],[34.3509,31.28925],[34.3538,31.30636],[34.34553,31.34072],[34.34584,31.35772],[34.36734,31.39281],[34.48041,31.48562],[34.4955,31.49441],[34.4957,31.49441],[34.52826,31.52014],[34.55603,31.53983],[34.52013,31.55833],[34.4812,31.58314],[34.48951,31.60041],[34.51393,31.62714],[34.60271,31.75776],[34.60963,31.76553],[34.66594,31.8739],[34.66985,31.87501],[34.67853,31.8772],[34.68055,31.87798],[34.68458,31.87803],[34.68923,31.87725],[34.69745,31.87449],[34.70148,31.874],[34.70458,31.87402],[34.7066,31.87454],[34.70861,31.87387],[34.71037,31.87211],[34.7113,31.86754],[34.71078,31.86519],[34.70985,31.86343],[34.70706,31.86087],[34.70598,31.85971],[34.70551,31.85818],[34.70567,31.85671],[34.70675,31.85056],[34.7066,31.8487],[34.70613,31.847],[34.70489,31.84364],[34.70489,31.83511],[34.70443,31.83322],[34.70318,31.83193],[34.70179,31.83108],[34.69993,31.83069],[34.69822,31.83062],[34.69652,31.83069],[34.69249,31.83129],[34.68644,31.83317],[34.68225,31.83385],[34.68008,31.83361],[34.67822,31.83307],[34.67683,31.83232],[34.67605,31.8316],[34.6745,31.82956],[34.67404,31.82847],[34.67357,31.82736],[34.67342,31.82573],[34.67357,31.82413],[34.67404,31.82263],[34.67435,31.82162],[34.67621,31.81969],[34.67916,31.81736],[34.68582,31.8133],[34.69001,31.80966],[34.69047,31.80826],[34.69032,31.80656],[34.6897,31.80493],[34.68861,31.80346],[34.68737,31.8023],[34.68582,31.80124],[34.68427,31.80044],[34.67853,31.79821],[34.67528,31.79656],[34.67388,31.79542],[34.6728,31.79408],[34.67202,31.79253],[34.67171,31.79075],[34.67202,31.78943],[34.67233,31.78837],[34.67295,31.78721],[34.67373,31.78636],[34.69776,31.77933],[34.70225,31.77891],[34.70582,31.78008],[34.71605,31.78674],[34.72013,31.78858],[34.72572,31.79],[34.72727,31.7916],[34.72727,31.79292],[34.72602,31.79411],[34.72447,31.79519],[34.72355,31.79664],[34.72261,31.79819],[34.72199,31.79997],[34.72091,31.80137],[34.71936,31.8024],[34.7175,31.80323],[34.71543,31.80377],[34.71388,31.80467],[34.71295,31.80568],[34.71347,31.80687],[34.71636,31.80765],[34.73285,31.80974],[34.73517,31.81087],[34.73827,31.81416],[34.74122,31.81361],[34.74633,31.81206],[34.76323,31.80362],[34.76649,31.80137],[34.7698,31.79726],[34.77228,31.7923],[34.77894,31.77506],[34.78111,31.77145],[34.78282,31.7692],[34.7853,31.76679],[34.78654,31.76584],[34.79476,31.76951],[34.82778,31.79199],[34.8548,31.76258],[34.86395,31.75656],[34.86628,31.75628],[34.87,31.75501],[34.87139,31.75388],[34.87263,31.75207],[34.87341,31.74954],[34.8731,31.74504],[34.87232,31.7424],[34.87062,31.73868],[34.87015,31.73693],[34.87015,31.73512],[34.87062,31.73334],[34.87465,31.7229],[34.87527,31.71881],[34.87527,31.71664],[34.87511,31.71458],[34.87465,31.71269],[34.87217,31.70775],[34.8717,31.70595],[34.87139,31.70388],[34.87139,31.70173],[34.87263,31.68895],[34.87201,31.68305],[34.87217,31.68104],[34.87387,31.67572],[34.87418,31.6737],[34.87403,31.66489],[34.87294,31.6591],[34.88152,31.65233],[34.95278,31.60856],[34.95318,31.60832],[34.93733,31.582],[34.93288,31.55492],[34.93247,31.52697],[34.92679,31.49441],[34.88173,31.42987],[34.86715,31.39643],[34.87883,31.36284],[34.90095,31.34848],[34.92741,31.34491],[34.9549,31.34863],[34.98032,31.35618],[35.04017,31.3632],[35.16491,31.36227],[35.22331,31.38103],[35.33234,31.4588],[35.39012,31.48707],[35.45813,31.49193],[35.45854,31.49162],[35.45713,31.43352],[35.45688,31.42351],[35.45285,31.40082],[35.43508,31.36062],[35.41647,31.33184],[35.42392,31.3246],[35.42226,31.303],[35.40821,31.28202],[35.3957,31.25768],[35.40118,31.23029],[35.41069,31.20461],[35.42133,31.18451],[35.43621,31.15955],[35.44324,31.13221],[35.43849,31.10374],[35.39156,31.02395],[35.38516,30.99465],[35.38526,30.96328],[35.3741,30.94514],[35.34711,30.92271],[35.33493,30.91258],[35.32222,30.88995],[35.31953,30.86732],[35.32005,30.84494],[35.31663,30.82282],[35.31085,30.81331],[35.2939,30.80019],[35.28614,30.79233],[35.27953,30.78024],[35.27612,30.76898],[35.27157,30.74371],[35.26388,30.71997],[35.26382,30.71978],[35.20532,30.6171],[35.16212,30.49468],[35.15737,30.47085],[35.14001,30.43019],[35.14001,30.40615],[35.14496,30.39587],[35.15933,30.37561],[35.16212,30.3614],[35.15995,30.3475],[35.15447,30.33675],[35.14776,30.32647],[35.14176,30.31396],[35.13236,30.26187],[35.12523,30.24467],[35.12481,30.21609],[35.14528,30.1549],[35.14528,30.12338],[35.12905,30.08974],[35.08626,30.03403],[35.07469,29.9946],[35.07406,29.98256],[35.07035,29.97373],[35.06538,29.96598],[35.06146,29.95735],[35.05412,29.92339],[35.05319,29.86262],[35.04895,29.84231],[35.00254,29.7331],[34.9951,29.70816],[34.98983,29.65196],[34.98032,29.627],[34.96699,29.60812],[34.95986,29.58621],[34.95558,29.55899],[34.95135,29.54564],[34.945,29.53685],[34.92775,29.51801],[34.91977,29.50739],[34.91578,29.50023],[34.91407,29.4938],[34.91082,29.48994],[34.90301,29.48969],[34.89373,29.49055],[34.88673,29.49006],[34.87811,29.5043],[34.85527,29.54572],[34.84824,29.56964],[34.8501,29.63876],[34.82437,29.7417],[34.78519,29.8357],[34.74137,29.94024],[34.73507,29.99455],[34.73559,30.0007],[34.73497,30.0067],[34.73321,30.01259],[34.73042,30.01817],[34.69166,30.11454],[34.63264,30.26203],[34.59947,30.34451],[34.58841,30.35882],[34.53384,30.40021],[34.52692,30.40962],[34.52475,30.42114],[34.5265,30.43871],[34.53601,30.46858],[34.53622,30.48217],[34.52629,30.49457],[34.51038,30.51333],[34.50438,30.53033],[34.50221,30.57167],[34.48041,30.65121],[34.41881,30.7913],[34.36785,30.90742],[34.32951,30.99449],[34.29799,31.07878],[34.25861,31.18414],[34.24835,31.21145]]]}},{"type":"Feature","properties":{"name":"Northern","country_iso_a3":"ISR","type":"Mehoz"},"geometry":{"type":"Polygon","coordinates":[[[35.56096,32.38472],[35.48014,32.40242],[35.45668,32.40761],[35.4328,32.40826],[35.40686,32.41479],[35.40138,32.44001],[35.4018,32.47096],[35.39291,32.49448],[35.36314,32.51011],[35.33338,32.51308],[35.27044,32.51047],[35.25225,32.51595],[35.22372,32.5359],[35.21036,32.54187],[35.20796,32.54639],[35.17974,32.56915],[35.17649,32.57101],[35.17199,32.57323],[35.17029,32.57261],[35.16874,32.57176],[35.16626,32.56936],[35.16347,32.56481],[35.16233,32.56341],[35.16109,32.56215],[35.15954,32.56117],[35.15055,32.55732],[35.149,32.55628],[35.1476,32.55512],[35.14683,32.55349],[35.14636,32.55179],[35.14605,32.54985],[35.14497,32.54794],[35.14326,32.54628],[35.13784,32.54336],[35.13613,32.54207],[35.1352,32.54075],[35.13427,32.5392],[35.13225,32.53711],[35.12931,32.53455],[35.12264,32.53039],[35.11861,32.529],[35.11551,32.52861],[35.11334,32.52905],[35.11133,32.52967],[35.08228,32.53447],[35.07779,32.53623],[35.07453,32.53817],[35.06817,32.54122],[35.06523,32.54323],[35.06337,32.54533],[35.06213,32.54721],[35.06027,32.5491],[35.05376,32.55259],[35.05205,32.55411],[35.05143,32.55577],[35.05123,32.55768],[35.05154,32.55954],[35.05391,32.56659],[35.05453,32.57062],[35.05391,32.57279],[35.05236,32.57452],[35.03898,32.58212],[35.03479,32.58514],[35.03402,32.58656],[35.0334,32.5883],[35.03309,32.59026],[35.03309,32.59227],[35.03216,32.59519],[35.03061,32.59871],[35.02627,32.60455],[35.02487,32.60788],[35.02487,32.61015],[35.02596,32.61145],[35.02782,32.61222],[35.02983,32.61271],[35.03448,32.61295],[35.03665,32.61276],[35.03944,32.61207],[35.04502,32.61015],[35.04957,32.60959],[35.04988,32.61098],[35.04833,32.6138],[35.04037,32.62114],[35.03743,32.62517],[35.03572,32.62835],[35.03588,32.63041],[35.03681,32.63408],[35.03743,32.63573],[35.03944,32.6386],[35.04053,32.63992],[35.04332,32.64232],[35.04487,32.64318],[35.04678,32.6438],[35.04895,32.64429],[35.05123,32.64449],[35.05376,32.64434],[35.0581,32.64349],[35.07112,32.6386],[35.07314,32.63837],[35.07515,32.63868],[35.07686,32.63956],[35.07841,32.64064],[35.08151,32.64478],[35.08895,32.65909],[35.09112,32.66183],[35.09236,32.66299],[35.09376,32.66405],[35.10807,32.67064],[35.10879,32.67312],[35.10869,32.67723],[35.10383,32.69496],[35.10383,32.69682],[35.10476,32.70284],[35.10621,32.70617],[35.10724,32.70749],[35.10879,32.70824],[35.11071,32.70834],[35.11225,32.70757],[35.11365,32.70648],[35.1166,32.70222],[35.11784,32.7009],[35.11908,32.69974],[35.12078,32.69912],[35.12249,32.69919],[35.12419,32.69989],[35.12574,32.70087],[35.12838,32.70315],[35.1307,32.70586],[35.13225,32.70873],[35.13241,32.71074],[35.13241,32.71299],[35.13179,32.71805],[35.13241,32.72069],[35.13349,32.72258],[35.13846,32.72519],[35.13985,32.72715],[35.14032,32.7303],[35.13861,32.74431],[35.13892,32.74622],[35.14032,32.74903],[35.14125,32.75017],[35.1414,32.75025],[35.15132,32.76335],[35.15241,32.76606],[35.15365,32.76986],[35.15473,32.77802],[35.15473,32.78198],[35.15442,32.7849],[35.14404,32.80386],[35.14202,32.80875],[35.14094,32.81242],[35.14109,32.81441],[35.14373,32.82683],[35.14357,32.83001],[35.14264,32.83213],[35.14109,32.83322],[35.13752,32.8349],[35.1228,32.83846],[35.11908,32.8398],[35.11753,32.84066],[35.11442,32.8428],[35.11303,32.84404],[35.11024,32.84611],[35.10197,32.85092],[35.10042,32.85288],[35.09996,32.85479],[35.10244,32.86724],[35.10213,32.87027],[35.1012,32.87228],[35.09717,32.87443],[35.09546,32.87639],[35.09345,32.87942],[35.08988,32.88618],[35.0874,32.88892],[35.08476,32.89063],[35.07763,32.89249],[35.07549,32.89308],[35.0796,32.90583],[35.07781,32.91787],[35.06544,32.92308],[35.07154,32.93793],[35.07846,32.99885],[35.09197,33.03119],[35.0962,33.05036],[35.09213,33.06769],[35.09645,33.07136],[35.10182,33.07762],[35.10646,33.08076],[35.09962,33.08759],[35.10426,33.08853],[35.10524,33.08902],[35.18527,33.08398],[35.18961,33.08553],[35.20067,33.09274],[35.20718,33.0948],[35.21318,33.09444],[35.22734,33.09137],[35.23447,33.09093],[35.27147,33.10119],[35.28366,33.10119],[35.28883,33.0992],[35.29462,33.09697],[35.30578,33.08938],[35.3157,33.07922],[35.32263,33.06736],[35.33193,33.05716],[35.34516,33.05558],[35.40159,33.06793],[35.44944,33.08522],[35.48014,33.08739],[35.4851,33.10261],[35.5037,33.13061],[35.51228,33.14741],[35.51766,33.17289],[35.52003,33.22219],[35.52778,33.24425],[35.53688,33.25787],[35.54277,33.27154],[35.54949,33.28102],[35.56117,33.28213],[35.56696,33.27619],[35.58504,33.25221],[35.59775,33.24435],[35.59786,33.24438],[35.59806,33.24425],[35.60385,33.24009],[35.60389,33.24032],[35.60458,33.24425],[35.60458,33.24435],[35.61806,33.25612],[35.62006,33.26954],[35.63109,33.27457],[35.65214,33.27666],[35.66049,33.28926],[35.69852,33.32267],[35.7162,33.32673],[35.72943,33.32781],[35.74369,33.33117],[35.75754,33.33631],[35.76942,33.34264],[35.78575,33.35789],[35.8057,33.39135],[35.8211,33.40672],[35.82244,33.40137],[35.81697,33.3952],[35.81542,33.37887],[35.81231,33.37336],[35.80994,33.36003],[35.79351,33.34993],[35.78575,33.34287],[35.76384,33.3344],[35.80208,33.31249],[35.7686,33.2727],[35.77562,33.2649],[35.80363,33.24846],[35.80766,33.20172],[35.8302,33.18999],[35.8334,33.16113],[35.82244,33.14157],[35.81149,33.12676],[35.81149,33.11191],[35.8489,33.09868],[35.8458,33.08542],[35.85903,32.99021],[35.86461,32.97773],[35.88807,32.94494],[35.87402,32.92233],[35.86689,32.92078],[35.84973,32.89582],[35.83805,32.86603],[35.84187,32.85358],[35.83423,32.82795],[35.7842,32.77795],[35.75759,32.74435],[35.75744,32.74428],[35.74018,32.74054],[35.68519,32.71123],[35.65201,32.68617],[35.636,32.67914],[35.61233,32.68153],[35.61225,32.68159],[35.59383,32.67036],[35.57874,32.65343],[35.56985,32.64677],[35.56272,32.64421],[35.56055,32.6409],[35.56003,32.63269],[35.56406,32.62548],[35.57254,32.62124],[35.57254,32.61501],[35.56561,32.61501],[35.56561,32.60755],[35.5713,32.59855],[35.5744,32.57277],[35.57998,32.56039],[35.57584,32.55497],[35.5744,32.5544],[35.57388,32.55675],[35.57254,32.56039],[35.57016,32.55683],[35.56561,32.5461],[35.55941,32.55295],[35.56282,32.53202],[35.56561,32.52559],[35.55197,32.52559],[35.55197,32.51882],[35.55724,32.51933],[35.56137,32.51918],[35.56851,32.51026],[35.57057,32.50603],[35.57998,32.49773],[35.57998,32.49148],[35.57099,32.48921],[35.56499,32.48391],[35.56127,32.47709],[35.55941,32.4704],[35.56313,32.46817],[35.5654,32.46631],[35.56809,32.46497],[35.57254,32.46419],[35.57254,32.45673],[35.56623,32.45311],[35.55941,32.45053],[35.56561,32.44371],[35.55197,32.43621],[35.55414,32.43445],[35.55621,32.43479],[35.55786,32.43412],[35.55941,32.42944],[35.55197,32.42944],[35.55197,32.42324],[35.55817,32.418],[35.5591,32.41397],[35.55486,32.41118],[35.54515,32.40957],[35.54959,32.39854],[35.55197,32.39529],[35.55683,32.39092],[35.56096,32.38472]]]}},{"type":"Feature","properties":{"name":"Haifa","country_iso_a3":"ISR","type":"Mehoz"},"geometry":{"type":"Polygon","coordinates":[[[35.21036,32.54187],[35.20863,32.54264],[35.19075,32.54171],[35.1768,32.53269],[35.15168,32.50791],[35.12068,32.49133],[35.0907,32.47923],[35.06435,32.46314],[35.04471,32.43412],[35.03273,32.3822],[35.03226,32.38216],[35.0213,32.38118],[35.01448,32.38257],[35.0134,32.38397],[35.01231,32.38544],[35.01107,32.38694],[35.00906,32.38831],[35.0058,32.39001],[34.98994,32.40226],[34.98575,32.4044],[34.9825,32.40552],[34.93268,32.40903],[34.92307,32.40794],[34.9209,32.40748],[34.90942,32.40665],[34.86829,32.40751],[34.8678,32.40751],[34.87322,32.43033],[34.90414,32.56061],[34.90984,32.57026],[34.91586,32.61489],[34.92091,32.62824],[34.91912,32.64297],[34.94207,32.72451],[34.94752,32.81415],[34.95558,32.83438],[34.97047,32.84138],[34.98316,32.83877],[35.00343,32.82754],[35.01873,32.82502],[35.02768,32.82661],[35.06276,32.85834],[35.06707,32.86685],[35.07549,32.89308],[35.07763,32.89249],[35.08476,32.89063],[35.0874,32.88892],[35.08988,32.88618],[35.09345,32.87942],[35.09546,32.87639],[35.09717,32.87443],[35.1012,32.87228],[35.10213,32.87027],[35.10244,32.86724],[35.09996,32.85479],[35.10042,32.85288],[35.10197,32.85092],[35.11024,32.84611],[35.11303,32.84404],[35.11442,32.8428],[35.11753,32.84066],[35.11908,32.8398],[35.1228,32.83846],[35.13752,32.8349],[35.14109,32.83322],[35.14264,32.83213],[35.14357,32.83001],[35.14373,32.82683],[35.14109,32.81441],[35.14094,32.81242],[35.14202,32.80875],[35.14404,32.80386],[35.15442,32.7849],[35.15473,32.78198],[35.15473,32.77802],[35.15365,32.76986],[35.15241,32.76606],[35.15132,32.76335],[35.1414,32.75025],[35.14125,32.75017],[35.14032,32.74903],[35.13892,32.74622],[35.13861,32.74431],[35.14032,32.7303],[35.13985,32.72715],[35.13846,32.72519],[35.13349,32.72258],[35.13241,32.72069],[35.13179,32.71805],[35.13241,32.71299],[35.13241,32.71074],[35.13225,32.70873],[35.1307,32.70586],[35.12838,32.70315],[35.12574,32.70087],[35.12419,32.69989],[35.12249,32.69919],[35.12078,32.69912],[35.11908,32.69974],[35.11784,32.7009],[35.1166,32.70222],[35.11365,32.70648],[35.11225,32.70757],[35.11071,32.70834],[35.10879,32.70824],[35.10724,32.70749],[35.10621,32.70617],[35.10476,32.70284],[35.10383,32.69682],[35.10383,32.69496],[35.10869,32.67723],[35.10879,32.67312],[35.10807,32.67064],[35.09376,32.66405],[35.09236,32.66299],[35.09112,32.66183],[35.08895,32.65909],[35.08151,32.64478],[35.07841,32.64064],[35.07686,32.63956],[35.07515,32.63868],[35.07314,32.63837],[35.07112,32.6386],[35.0581,32.64349],[35.05376,32.64434],[35.05123,32.64449],[35.04895,32.64429],[35.04678,32.6438],[35.04487,32.64318],[35.04332,32.64232],[35.04053,32.63992],[35.03944,32.6386],[35.03743,32.63573],[35.03681,32.63408],[35.03588,32.63041],[35.03572,32.62835],[35.03743,32.62517],[35.04037,32.62114],[35.04833,32.6138],[35.04988,32.61098],[35.04957,32.60959],[35.04502,32.61015],[35.03944,32.61207],[35.03665,32.61276],[35.03448,32.61295],[35.02983,32.61271],[35.02782,32.61222],[35.02596,32.61145],[35.02487,32.61015],[35.02487,32.60788],[35.02627,32.60455],[35.03061,32.59871],[35.03216,32.59519],[35.03309,32.59227],[35.03309,32.59026],[35.0334,32.5883],[35.03402,32.58656],[35.03479,32.58514],[35.03898,32.58212],[35.05236,32.57452],[35.05391,32.57279],[35.05453,32.57062],[35.05391,32.56659],[35.05154,32.55954],[35.05123,32.55768],[35.05143,32.55577],[35.05205,32.55411],[35.05376,32.55259],[35.06027,32.5491],[35.06213,32.54721],[35.06337,32.54533],[35.06523,32.54323],[35.06817,32.54122],[35.07453,32.53817],[35.07779,32.53623],[35.08228,32.53447],[35.11133,32.52967],[35.11334,32.52905],[35.11551,32.52861],[35.11861,32.529],[35.12264,32.53039],[35.12931,32.53455],[35.13225,32.53711],[35.13427,32.5392],[35.1352,32.54075],[35.13613,32.54207],[35.13784,32.54336],[35.14326,32.54628],[35.14497,32.54794],[35.14605,32.54985],[35.14636,32.55179],[35.14683,32.55349],[35.1476,32.55512],[35.149,32.55628],[35.15055,32.55732],[35.15954,32.56117],[35.16109,32.56215],[35.16233,32.56341],[35.16347,32.56481],[35.16626,32.56936],[35.16874,32.57176],[35.17029,32.57261],[35.17199,32.57323],[35.17649,32.57101],[35.17974,32.56915],[35.20796,32.54639],[35.21036,32.54187]]]}},{"type":"Feature","properties":{"name":"Central","country_iso_a3":"ISR","type":"Mehoz"},"geometry":{"type":"Polygon","coordinates":[[[35.03273,32.3822],[35.0288,32.36516],[35.02156,32.34459],[35.01784,32.34221],[35.00451,32.33805],[35.00068,32.33573],[34.99655,32.32304],[34.99304,32.29157],[34.98994,32.27847],[35.00244,32.27514],[35.00937,32.26764],[35.01112,32.2571],[35.00761,32.24439],[35.00027,32.23201],[34.96141,32.20158],[34.95822,32.18645],[34.96268,32.17346],[34.97704,32.14999],[34.98694,32.12399],[34.98422,32.08958],[35.00724,32.02077],[34.99677,32.0111],[34.99883,31.9939],[34.99784,31.97878],[34.98669,31.96723],[35.00122,31.94962],[35.00773,31.94492],[35.00378,31.93921],[35.00542,31.93377],[35.01635,31.92659],[35.0299,31.92443],[35.03901,31.90864],[35.03432,31.86111],[35.03011,31.85701],[35.00657,31.85606],[34.99854,31.85384],[34.99238,31.85479],[34.97127,31.85495],[34.95919,31.85399],[34.94331,31.84742],[34.9313,31.84049],[34.92133,31.84069],[34.91128,31.83237],[34.90865,31.82932],[34.90121,31.81454],[34.89485,31.80935],[34.88865,31.80633],[34.82778,31.79199],[34.79476,31.76951],[34.78654,31.76584],[34.7853,31.76679],[34.78282,31.7692],[34.78111,31.77145],[34.77894,31.77506],[34.77228,31.7923],[34.7698,31.79726],[34.76649,31.80137],[34.76323,31.80362],[34.74633,31.81206],[34.74122,31.81361],[34.73827,31.81416],[34.73517,31.81087],[34.73285,31.80974],[34.71636,31.80765],[34.71347,31.80687],[34.71295,31.80568],[34.71388,31.80467],[34.71543,31.80377],[34.7175,31.80323],[34.71936,31.8024],[34.72091,31.80137],[34.72199,31.79997],[34.72261,31.79819],[34.72355,31.79664],[34.72447,31.79519],[34.72602,31.79411],[34.72727,31.79292],[34.72727,31.7916],[34.72572,31.79],[34.72013,31.78858],[34.71605,31.78674],[34.70582,31.78008],[34.70225,31.77891],[34.69776,31.77933],[34.67373,31.78636],[34.67295,31.78721],[34.67233,31.78837],[34.67202,31.78943],[34.67171,31.79075],[34.67202,31.79253],[34.6728,31.79408],[34.67388,31.79542],[34.67528,31.79656],[34.67853,31.79821],[34.68427,31.80044],[34.68582,31.80124],[34.68737,31.8023],[34.68861,31.80346],[34.6897,31.80493],[34.69032,31.80656],[34.69047,31.80826],[34.69001,31.80966],[34.68582,31.8133],[34.67916,31.81736],[34.67621,31.81969],[34.67435,31.82162],[34.67404,31.82263],[34.67357,31.82413],[34.67342,31.82573],[34.67357,31.82736],[34.67404,31.82847],[34.6745,31.82956],[34.67605,31.8316],[34.67683,31.83232],[34.67822,31.83307],[34.68008,31.83361],[34.68225,31.83385],[34.68644,31.83317],[34.69249,31.83129],[34.69652,31.83069],[34.69822,31.83062],[34.69993,31.83069],[34.70179,31.83108],[34.70318,31.83193],[34.70443,31.83322],[34.70489,31.83511],[34.70489,31.84364],[34.70613,31.847],[34.7066,31.8487],[34.70675,31.85056],[34.70567,31.85671],[34.70551,31.85818],[34.70598,31.85971],[34.70706,31.86087],[34.70985,31.86343],[34.71078,31.86519],[34.7113,31.86754],[34.71037,31.87211],[34.70861,31.87387],[34.7066,31.87454],[34.70458,31.87402],[34.70148,31.874],[34.69745,31.87449],[34.68923,31.87725],[34.68458,31.87803],[34.68055,31.87798],[34.67853,31.8772],[34.66985,31.87501],[34.66594,31.8739],[34.69321,31.92646],[34.71193,31.95161],[34.73389,32.01331],[34.73393,32.01327],[34.74292,32.00456],[34.74788,32.002],[34.78003,31.99844],[34.80049,31.99805],[34.8039,31.99851],[34.80731,31.9996],[34.80809,31.99991],[34.8084,31.99998],[34.8084,32.00006],[34.80855,32.00011],[34.82364,32.01389],[34.82457,32.015],[34.82623,32.01629],[34.82891,32.01794],[34.83511,32.02094],[34.83884,32.02179],[34.84178,32.0219],[34.84364,32.02125],[34.84519,32.02032],[34.84907,32.01668],[34.8531,32.01381],[34.85573,32.01311],[34.86023,32.01381],[34.87775,32.01993],[34.88214,32.02283],[34.88431,32.02538],[34.884,32.02714],[34.88338,32.02846],[34.88276,32.02923],[34.88038,32.03125],[34.87883,32.03231],[34.86984,32.03595],[34.86829,32.03691],[34.86751,32.0383],[34.86689,32.04006],[34.86256,32.06375],[34.86178,32.06551],[34.861,32.06706],[34.85992,32.0684],[34.85713,32.07068],[34.85248,32.07347],[34.85093,32.07455],[34.84798,32.07634],[34.84705,32.07719],[34.84628,32.07789],[34.84535,32.079],[34.84457,32.08044],[34.84395,32.08215],[34.84364,32.08406],[34.84364,32.08587],[34.84457,32.08964],[34.84566,32.09313],[34.84628,32.1031],[34.84705,32.1076],[34.84798,32.10962],[34.85449,32.11659],[34.85666,32.11967],[34.86348,32.13161],[34.86612,32.13925],[34.86612,32.14135],[34.86581,32.14336],[34.86395,32.1477],[34.86364,32.1491],[34.8638,32.15132],[34.86472,32.1547],[34.8655,32.15889],[34.8655,32.16641],[34.86534,32.16842],[34.86472,32.17018],[34.8638,32.17168],[34.86256,32.17282],[34.85713,32.17517],[34.85558,32.17602],[34.85434,32.17716],[34.85201,32.1799],[34.84721,32.18258],[34.84132,32.1869],[34.83961,32.18791],[34.83604,32.18938],[34.8317,32.19033],[34.81057,32.19266],[34.80443,32.19251],[34.83766,32.28071],[34.8678,32.40751],[34.86829,32.40751],[34.90942,32.40665],[34.9209,32.40748],[34.92307,32.40794],[34.93268,32.40903],[34.9825,32.40552],[34.98575,32.4044],[34.98994,32.40226],[35.0058,32.39001],[35.00906,32.38831],[35.01107,32.38694],[35.01231,32.38544],[35.0134,32.38397],[35.01448,32.38257],[35.0213,32.38118],[35.03226,32.38216],[35.03273,32.3822]]]}},{"type":"Feature","properties":{"name":"Nabatieh","country_iso_a3":"LBN","type":"Muhafazah"},"geometry":{"type":"Polygon","coordinates":[[[35.59775,33.24435],[35.58504,33.25221],[35.56696,33.27619],[35.56117,33.28213],[35.54949,33.28102],[35.54277,33.27154],[35.53688,33.25787],[35.52778,33.24425],[35.52003,33.22219],[35.51766,33.17289],[35.51228,33.14741],[35.5037,33.13061],[35.4851,33.10261],[35.48014,33.08739],[35.44944,33.08522],[35.40159,33.06793],[35.34516,33.05558],[35.33193,33.05716],[35.32263,33.06736],[35.3157,33.07922],[35.30578,33.08938],[35.29462,33.09697],[35.28883,33.0992],[35.29023,33.1064],[35.291,33.11782],[35.29054,33.12041],[35.29007,33.12576],[35.29038,33.12798],[35.29178,33.13265],[35.29209,33.13725],[35.2924,33.1395],[35.30465,33.16684],[35.30744,33.17048],[35.31286,33.171],[35.32046,33.1696],[35.32294,33.1696],[35.32496,33.17038],[35.32666,33.17133],[35.33131,33.17511],[35.33379,33.17836],[35.33555,33.18221],[35.33632,33.19237],[35.33725,33.19492],[35.34144,33.19578],[35.35074,33.19583],[35.35353,33.19632],[35.35663,33.19748],[35.3664,33.20257],[35.3678,33.20405],[35.3664,33.20761],[35.36423,33.20932],[35.36159,33.21069],[35.35896,33.21154],[35.35648,33.21265],[35.35462,33.21435],[35.35493,33.2166],[35.35679,33.21906],[35.36237,33.22198],[35.3664,33.22348],[35.37291,33.22539],[35.37772,33.22849],[35.3833,33.23345],[35.41094,33.26283],[35.4156,33.26665],[35.41885,33.27154],[35.42071,33.27678],[35.42056,33.29306],[35.41978,33.29709],[35.42056,33.30267],[35.43017,33.31391],[35.41467,33.31143],[35.41017,33.30861],[35.40614,33.30804],[35.39963,33.3083],[35.37322,33.31244],[35.35384,33.31771],[35.33818,33.33166],[35.34268,33.34747],[35.3402,33.35388],[35.33772,33.3559],[35.33508,33.35747],[35.32433,33.36256],[35.3217,33.36292],[35.31906,33.36261],[35.3079,33.36303],[35.30511,33.36344],[35.30232,33.36442],[35.29968,33.36572],[35.29751,33.36714],[35.29659,33.36814],[35.2986,33.36918],[35.30806,33.36954],[35.31178,33.37101],[35.31472,33.37393],[35.31798,33.38016],[35.31922,33.3837],[35.31968,33.38657],[35.31953,33.38788],[35.31984,33.39212],[35.32046,33.39445],[35.3231,33.39693],[35.3279,33.39925],[35.33803,33.40163],[35.34314,33.40119],[35.34671,33.39972],[35.34826,33.3975],[35.35012,33.39308],[35.35136,33.39104],[35.35353,33.3892],[35.35818,33.38613],[35.35989,33.38442],[35.36097,33.38267],[35.3633,33.37972],[35.36547,33.37861],[35.36764,33.37915],[35.36935,33.38173],[35.3681,33.39026],[35.36966,33.39512],[35.38764,33.42256],[35.38847,33.42486],[35.38878,33.42734],[35.38857,33.42943],[35.38702,33.43106],[35.38485,33.43129],[35.37958,33.43005],[35.37756,33.43057],[35.3771,33.43215],[35.37849,33.43532],[35.38661,33.44633],[35.38888,33.45036],[35.39141,33.45341],[35.3942,33.45512],[35.40552,33.45594],[35.41188,33.45692],[35.41451,33.45806],[35.41684,33.46008],[35.41777,33.46488],[35.41668,33.46767],[35.41436,33.46953],[35.41188,33.47057],[35.41033,33.47186],[35.41994,33.47666],[35.46324,33.48499],[35.47084,33.48359],[35.47719,33.48367],[35.48029,33.48421],[35.48603,33.48581],[35.49719,33.49111],[35.49998,33.49201],[35.50314,33.49258],[35.50887,33.49266],[35.51151,33.49305],[35.5143,33.49398],[35.51678,33.49568],[35.51864,33.49754],[35.52081,33.50002],[35.52096,33.50023],[35.5236,33.50126],[35.52577,33.50126],[35.52763,33.50064],[35.5284,33.50028],[35.52871,33.50002],[35.52887,33.49987],[35.5281,33.49139],[35.52329,33.46664],[35.52313,33.46395],[35.52639,33.3991],[35.52437,33.38566],[35.52748,33.37752],[35.54298,33.34861],[35.55414,33.37528],[35.55915,33.38199],[35.56334,33.383],[35.56535,33.38375],[35.56876,33.38546],[35.57062,33.38602],[35.57279,33.3861],[35.57497,33.38566],[35.57683,33.38489],[35.57931,33.38411],[35.58241,33.3838],[35.58814,33.38453],[35.5914,33.38613],[35.59388,33.38871],[35.59497,33.39073],[35.59931,33.40142],[35.61657,33.4152],[35.62246,33.41719],[35.62649,33.42029],[35.63486,33.43331],[35.65393,33.42778],[35.66168,33.43036],[35.6715,33.44091],[35.67987,33.45225],[35.69057,33.46325],[35.70436,33.47501],[35.71119,33.47897],[35.71615,33.48072],[35.73573,33.47527],[35.75604,33.46511],[35.76178,33.45891],[35.76472,33.4517],[35.77449,33.43424],[35.77873,33.4299],[35.78224,33.42752],[35.82818,33.42256],[35.84446,33.41889],[35.84512,33.41874],[35.8211,33.40672],[35.8057,33.39135],[35.78575,33.35789],[35.76942,33.34264],[35.75754,33.33631],[35.74369,33.33117],[35.72943,33.32781],[35.7162,33.32673],[35.69852,33.32267],[35.66049,33.28926],[35.65214,33.27666],[35.63109,33.27457],[35.62006,33.26954],[35.61806,33.25612],[35.60458,33.24435],[35.60458,33.24425],[35.60389,33.24032],[35.60385,33.24009],[35.59806,33.24425],[35.59786,33.24438],[35.59775,33.24435]]]}},{"type":"Feature","properties":{"name":"South","country_iso_a3":"LBN","type":"Muhafazah"},"geometry":{"type":"Polygon","coordinates":[[[35.28883,33.0992],[35.28366,33.10119],[35.27147,33.10119],[35.23447,33.09093],[35.22734,33.09137],[35.21318,33.09444],[35.20718,33.0948],[35.20067,33.09274],[35.18961,33.08553],[35.18527,33.08398],[35.10524,33.08902],[35.10524,33.09064],[35.10646,33.09504],[35.1019,33.09447],[35.10043,33.09569],[35.10043,33.09821],[35.09962,33.10126],[35.1058,33.11245],[35.11476,33.12373],[35.1255,33.13251],[35.14763,33.14033],[35.1548,33.15029],[35.16098,33.16169],[35.16782,33.17015],[35.16179,33.17695],[35.16782,33.17788],[35.17107,33.17658],[35.17465,33.17015],[35.20476,33.2248],[35.20916,33.25462],[35.18832,33.28001],[35.20973,33.2934],[35.22478,33.312],[35.24366,33.3557],[35.2461,33.36888],[35.24676,33.39582],[35.2505,33.40973],[35.26873,33.4326],[35.27508,33.44497],[35.27101,33.45751],[35.32301,33.49091],[35.34913,33.51386],[35.36036,33.54344],[35.36248,33.55634],[35.37705,33.58949],[35.38206,33.58774],[35.41157,33.58668],[35.4373,33.57552],[35.46185,33.57172],[35.47285,33.57201],[35.47673,33.5717],[35.47828,33.57304],[35.47936,33.57451],[35.48092,33.57557],[35.48355,33.57591],[35.49347,33.57547],[35.5006,33.57684],[35.51228,33.58043],[35.51414,33.58126],[35.51786,33.5825],[35.52034,33.5827],[35.52577,33.58245],[35.53244,33.58384],[35.53693,33.5842],[35.53895,33.58477],[35.54375,33.58756],[35.54515,33.58867],[35.54716,33.59167],[35.5484,33.59283],[35.5528,33.59384],[35.55466,33.59454],[35.5559,33.59578],[35.55683,33.59728],[35.55807,33.59857],[35.55993,33.59942],[35.56194,33.59981],[35.56675,33.59996],[35.57574,33.60146],[35.57822,33.60151],[35.5807,33.60188],[35.58303,33.60283],[35.58551,33.60467],[35.58861,33.60617],[35.59186,33.60692],[35.59636,33.60622],[35.60039,33.60128],[35.60334,33.59351],[35.60287,33.57335],[35.60194,33.56493],[35.59993,33.55883],[35.59962,33.55599],[35.60101,33.55268],[35.60566,33.54899],[35.60881,33.54736],[35.61388,33.54591],[35.61765,33.54441],[35.61858,33.54069],[35.61951,33.53806],[35.61357,33.50974],[35.61626,33.48599],[35.62029,33.473],[35.62199,33.4692],[35.62695,33.46008],[35.63145,33.45475],[35.63486,33.43331],[35.62649,33.42029],[35.62246,33.41719],[35.61657,33.4152],[35.59931,33.40142],[35.59497,33.39073],[35.59388,33.38871],[35.5914,33.38613],[35.58814,33.38453],[35.58241,33.3838],[35.57931,33.38411],[35.57683,33.38489],[35.57497,33.38566],[35.57279,33.3861],[35.57062,33.38602],[35.56876,33.38546],[35.56535,33.38375],[35.56334,33.383],[35.55915,33.38199],[35.55414,33.37528],[35.54298,33.34861],[35.52748,33.37752],[35.52437,33.38566],[35.52639,33.3991],[35.52313,33.46395],[35.52329,33.46664],[35.5281,33.49139],[35.52887,33.49987],[35.52871,33.50002],[35.5284,33.50028],[35.52763,33.50064],[35.52577,33.50126],[35.5236,33.50126],[35.52096,33.50023],[35.52081,33.50002],[35.51864,33.49754],[35.51678,33.49568],[35.5143,33.49398],[35.51151,33.49305],[35.50887,33.49266],[35.50314,33.49258],[35.49998,33.49201],[35.49719,33.49111],[35.48603,33.48581],[35.48029,33.48421],[35.47719,33.48367],[35.47084,33.48359],[35.46324,33.48499],[35.41994,33.47666],[35.41033,33.47186],[35.41188,33.47057],[35.41436,33.46953],[35.41668,33.46767],[35.41777,33.46488],[35.41684,33.46008],[35.41451,33.45806],[35.41188,33.45692],[35.40552,33.45594],[35.3942,33.45512],[35.39141,33.45341],[35.38888,33.45036],[35.38661,33.44633],[35.37849,33.43532],[35.3771,33.43215],[35.37756,33.43057],[35.37958,33.43005],[35.38485,33.43129],[35.38702,33.43106],[35.38857,33.42943],[35.38878,33.42734],[35.38847,33.42486],[35.38764,33.42256],[35.36966,33.39512],[35.3681,33.39026],[35.36935,33.38173],[35.36764,33.37915],[35.36547,33.37861],[35.3633,33.37972],[35.36097,33.38267],[35.35989,33.38442],[35.35818,33.38613],[35.35353,33.3892],[35.35136,33.39104],[35.35012,33.39308],[35.34826,33.3975],[35.34671,33.39972],[35.34314,33.40119],[35.33803,33.40163],[35.3279,33.39925],[35.3231,33.39693],[35.32046,33.39445],[35.31984,33.39212],[35.31953,33.38788],[35.31968,33.38657],[35.31922,33.3837],[35.31798,33.38016],[35.31472,33.37393],[35.31178,33.37101],[35.30806,33.36954],[35.2986,33.36918],[35.29659,33.36814],[35.29751,33.36714],[35.29968,33.36572],[35.30232,33.36442],[35.30511,33.36344],[35.3079,33.36303],[35.31906,33.36261],[35.3217,33.36292],[35.32433,33.36256],[35.33508,33.35747],[35.33772,33.3559],[35.3402,33.35388],[35.34268,33.34747],[35.33818,33.33166],[35.35384,33.31771],[35.37322,33.31244],[35.39963,33.3083],[35.40614,33.30804],[35.41017,33.30861],[35.41467,33.31143],[35.43017,33.31391],[35.42056,33.30267],[35.41978,33.29709],[35.42056,33.29306],[35.42071,33.27678],[35.41885,33.27154],[35.4156,33.26665],[35.41094,33.26283],[35.3833,33.23345],[35.37772,33.22849],[35.37291,33.22539],[35.3664,33.22348],[35.36237,33.22198],[35.35679,33.21906],[35.35493,33.2166],[35.35462,33.21435],[35.35648,33.21265],[35.35896,33.21154],[35.36159,33.21069],[35.36423,33.20932],[35.3664,33.20761],[35.3678,33.20405],[35.3664,33.20257],[35.35663,33.19748],[35.35353,33.19632],[35.35074,33.19583],[35.34144,33.19578],[35.33725,33.19492],[35.33632,33.19237],[35.33555,33.18221],[35.33379,33.17836],[35.33131,33.17511],[35.32666,33.17133],[35.32496,33.17038],[35.32294,33.1696],[35.32046,33.1696],[35.31286,33.171],[35.30744,33.17048],[35.30465,33.16684],[35.2924,33.1395],[35.29209,33.13725],[35.29178,33.13265],[35.29038,33.12798],[35.29007,33.12576],[35.29054,33.12041],[35.291,33.11782],[35.29023,33.1064],[35.28883,33.0992]]]}},{"type":"Feature","properties":{"name":"Chernihiv","country_iso_a3":"UKR","type":"Oblast'"},"geometry":{"type":"Polygon","coordinates":[[[31.47485,52.11778],[31.64993,52.09685],[31.76434,52.10057],[31.82584,52.10406],[31.85871,52.09987],[31.88206,52.08641],[31.88749,52.07003],[31.88775,52.05155],[31.89204,52.03618],[31.91038,52.02907],[31.92723,52.03109],[31.98056,52.04762],[32.01694,52.0498],[32.07714,52.03995],[32.09559,52.04073],[32.23331,52.08085],[32.2777,52.10266],[32.30674,52.14119],[32.31883,52.20141],[32.32824,52.21916],[32.33785,52.22547],[32.35015,52.22989],[32.36131,52.23591],[32.367,52.2472],[32.36328,52.25573],[32.34446,52.27653],[32.3395,52.28725],[32.35356,52.32159],[32.39428,52.32681],[32.48058,52.30714],[32.52843,52.31621],[32.72542,52.25208],[32.7556,52.25239],[32.81482,52.26201],[32.84418,52.26234],[32.86102,52.2572],[32.89079,52.24232],[32.90898,52.2411],[32.92686,52.24692],[33.03011,52.3036],[33.04825,52.30908],[33.05729,52.30864],[33.07041,52.30417],[33.07961,52.30559],[33.08736,52.31076],[33.09904,52.32477],[33.10886,52.32833],[33.12798,52.33272],[33.14085,52.34037],[33.16664,52.36006],[33.18286,52.3673],[33.19651,52.36895],[33.29433,52.3573],[33.35898,52.35755],[33.37618,52.35525],[33.40058,52.34434],[33.39717,52.33965],[33.38952,52.32275],[33.38673,52.30668],[33.38409,52.30037],[33.37122,52.28875],[33.36626,52.28187],[33.36425,52.27423],[33.36177,52.25567],[33.35944,52.24834],[33.34926,52.23834],[33.32311,52.22167],[33.31784,52.20984],[33.32353,52.16235],[33.3259,52.15294],[33.3304,52.15118],[33.37401,52.14199],[33.37867,52.13997],[33.40151,52.12599],[33.41965,52.11],[33.43096,52.10297],[33.43391,52.10033],[33.43623,52.09734],[33.43794,52.09419],[33.44042,52.09129],[33.44398,52.08897],[33.44946,52.08754],[33.48031,52.08628],[33.48465,52.08494],[33.48636,52.08204],[33.48698,52.07847],[33.48574,52.07308],[33.4831,52.06664],[33.47644,52.05625],[33.47086,52.05171],[33.46496,52.0491],[33.44357,52.0454],[33.42011,52.0437],[33.40724,52.04442],[33.40166,52.0454],[33.39779,52.04755],[33.39562,52.05042],[33.39375,52.05362],[33.39138,52.05625],[33.38828,52.05812],[33.38378,52.05812],[33.37929,52.0569],[33.37557,52.05318],[33.3734,52.047],[33.37386,52.01429],[33.37293,52.00985],[33.37091,52.00515],[33.36564,51.999],[33.36099,51.99561],[33.3565,51.993],[33.35355,51.99083],[33.35278,51.98825],[33.35965,51.98587],[33.37463,51.96897],[33.37706,51.95848],[33.36626,51.9467],[33.31025,51.93489],[33.28684,51.93303],[33.27216,51.92877],[33.23661,51.90998],[33.22508,51.90572],[33.18023,51.90779],[33.16069,51.90422],[33.16767,51.89208],[33.16767,51.88464],[33.1425,51.88058],[33.13103,51.86624],[33.12147,51.85084],[33.10215,51.84366],[33.08892,51.8357],[33.07223,51.81648],[33.06204,51.79291],[33.06804,51.77198],[33.07352,51.76454],[33.08509,51.74124],[33.0916,51.73359],[33.09868,51.72718],[33.1532,51.6931],[33.15268,51.68196],[33.13692,51.66847],[33.13491,51.65783],[33.1377,51.64889],[33.14266,51.64519],[33.1484,51.64295],[33.15351,51.64191],[33.15646,51.63886],[33.15801,51.63463],[33.16235,51.59447],[33.16576,51.58993],[33.17062,51.58683],[33.17527,51.58476],[33.17914,51.58246],[33.18162,51.57964],[33.18193,51.5767],[33.18054,51.57396],[33.17449,51.57179],[33.15754,51.56861],[33.15351,51.56512],[33.15103,51.55928],[33.15258,51.54626],[33.15553,51.53983],[33.1594,51.53536],[33.1793,51.52414],[33.18286,51.52166],[33.18534,51.51872],[33.18689,51.51593],[33.1841,51.51205],[33.16969,51.50001],[33.16876,51.49954],[33.16597,51.49856],[33.16255,51.49898],[33.15568,51.50058],[33.12623,51.51035],[33.12266,51.51035],[33.12173,51.50807],[33.13088,51.48784],[33.13165,51.48396],[33.13088,51.47975],[33.12607,51.47427],[33.12127,51.47122],[33.1163,51.46916],[33.11165,51.46761],[33.10881,51.46311],[33.10819,51.45577],[33.11289,51.44001],[33.1177,51.43319],[33.12266,51.42833],[33.12995,51.42415],[33.13088,51.42151],[33.13026,51.41934],[33.12669,51.41562],[33.12313,51.41268],[33.12065,51.40864],[33.11956,51.40343],[33.12189,51.39544],[33.12282,51.38958],[33.12297,51.38423],[33.11941,51.37797],[33.11522,51.37454],[33.11088,51.37201],[33.10137,51.36937],[33.07998,51.36658],[33.06726,51.36666],[33.06106,51.36777],[33.05579,51.36932],[33.05155,51.37139],[33.0483,51.37392],[33.04582,51.37658],[33.039,51.38896],[33.03729,51.39136],[33.03559,51.39283],[33.03218,51.3948],[33.0269,51.39609],[33.02101,51.39676],[33.01543,51.39624],[33.01187,51.39397],[33.00846,51.39102],[33.00164,51.38115],[33.00039,51.37852],[33.0007,51.37611],[33.0021,51.37286],[33.00659,51.36627],[33.01574,51.35542],[33.01962,51.34824],[33.02272,51.34421],[33.02737,51.34209],[33.0328,51.34167],[33.04427,51.34188],[33.04907,51.3409],[33.05269,51.33873],[33.05517,51.33596],[33.0561,51.33175],[33.05564,51.32682],[33.05186,51.31842],[33.0499,51.31268],[33.04938,51.30726],[33.05372,51.30173],[33.05812,51.29832],[33.07067,51.29108],[33.07315,51.28839],[33.07362,51.28509],[33.07067,51.28108],[33.06742,51.27777],[33.06494,51.27374],[33.06416,51.26896],[33.06959,51.25664],[33.07083,51.25243],[33.07021,51.24891],[33.06618,51.24511],[33.06153,51.24256],[33.03326,51.23351],[33.03063,51.22956],[33.02938,51.22364],[33.03109,51.21191],[33.03078,51.20589],[33.02768,51.19812],[33.02349,51.19507],[33.01884,51.19248],[32.96748,51.18215],[32.96329,51.17832],[32.96158,51.17217],[32.96205,51.15863],[32.9667,51.15034],[32.96949,51.14429],[32.97042,51.13983],[32.96748,51.13336],[32.96484,51.12923],[32.94138,51.1037],[32.93983,51.10042],[32.93952,51.09735],[32.94453,51.09479],[32.98298,51.08743],[33.02117,51.076],[33.02706,51.07507],[33.03326,51.07471],[33.05372,51.07833],[33.05858,51.07802],[33.06246,51.07626],[33.06509,51.07365],[33.06602,51.07009],[33.06478,51.06629],[33.05936,51.06182],[33.0452,51.05533],[33.04318,51.05265],[33.04396,51.04918],[33.04866,51.04567],[33.0531,51.04304],[33.06292,51.03895],[33.08385,51.03242],[33.13615,51.0249],[33.14188,51.02557],[33.14607,51.02738],[33.14948,51.03022],[33.16969,51.05776],[33.17325,51.06011],[33.17852,51.0603],[33.19077,51.0581],[33.20178,51.05492],[33.20581,51.05234],[33.20689,51.04836],[33.19883,51.03632],[33.18379,51.01857],[33.17697,51.01379],[33.1731,51.01167],[33.15739,51.00025],[33.15553,50.99735],[33.15491,50.99368],[33.15506,50.9895],[33.15801,50.9851],[33.16173,50.98206],[33.18209,50.97092],[33.18503,50.96751],[33.18659,50.96195],[33.18348,50.95149],[33.18286,50.92906],[33.18348,50.92547],[33.18395,50.91756],[33.1824,50.9118],[33.1793,50.90444],[33.17077,50.89591],[33.1641,50.89292],[33.15801,50.89126],[33.15444,50.88927],[33.15072,50.88594],[33.14746,50.88124],[33.12437,50.82377],[33.12251,50.81346],[33.12204,50.79478],[33.12297,50.7846],[33.12514,50.77693],[33.12855,50.77277],[33.13801,50.76522],[33.15072,50.75915],[33.15785,50.7569],[33.1639,50.75359],[33.167,50.74915],[33.167,50.743],[33.16441,50.73639],[33.15568,50.72884],[33.14793,50.72445],[33.14064,50.72114],[33.13491,50.71649],[33.13057,50.71008],[33.12855,50.69928],[33.12793,50.68378],[33.12669,50.6797],[33.12406,50.67556],[33.11739,50.67117],[33.10654,50.66667],[33.10292,50.66399],[33.10137,50.66016],[33.1023,50.65381],[33.1054,50.64544],[33.10654,50.642],[33.10654,50.63763],[33.10468,50.62523],[33.09548,50.60193],[33.06153,50.53841],[33.0238,50.49159],[33.00923,50.47999],[32.98468,50.47356],[32.97259,50.46844],[32.9667,50.46446],[32.96205,50.45971],[32.95523,50.44762],[32.95089,50.44423],[32.94608,50.44191],[32.92851,50.43837],[32.90588,50.42948],[32.89921,50.42511],[32.89472,50.42085],[32.88882,50.40984],[32.8834,50.40132],[32.87839,50.39744],[32.87342,50.39486],[32.86319,50.39279],[32.82831,50.39093],[32.81214,50.38806],[32.72728,50.35791],[32.69096,50.35835],[32.68568,50.35974],[32.68367,50.36246],[32.68165,50.36566],[32.67623,50.36757],[32.66662,50.36788],[32.62796,50.36269],[32.52631,50.36566],[32.50321,50.37018],[32.50042,50.37165],[32.49841,50.37336],[32.49407,50.37871],[32.49076,50.3854],[32.48952,50.38876],[32.48787,50.39217],[32.48658,50.39553],[32.48316,50.40176],[32.48037,50.40437],[32.47696,50.40638],[32.47169,50.40752],[32.4641,50.40827],[32.45014,50.40829],[32.4427,50.4069],[32.41289,50.39284],[32.40699,50.39207],[32.40265,50.39336],[32.39583,50.39816],[32.39304,50.4008],[32.38638,50.40571],[32.38281,50.40762],[32.37594,50.40891],[32.3502,50.40788],[32.28829,50.38917],[32.28411,50.38721],[32.28054,50.38509],[32.27403,50.37982],[32.25429,50.35842],[32.24328,50.35078],[32.2315,50.34525],[32.22359,50.34323],[32.21662,50.34308],[32.2116,50.3445],[32.20385,50.34876],[32.1992,50.35047],[32.13916,50.3501],[32.0788,50.37388],[32.07275,50.37801],[32.0667,50.38349],[32.06903,50.38628],[32.07213,50.38886],[32.07942,50.39346],[32.08345,50.39537],[32.08701,50.39801],[32.08949,50.40101],[32.08949,50.40576],[32.08655,50.4084],[32.08205,50.41036],[32.07012,50.41124],[32.0588,50.41028],[32.05136,50.41041],[32.04252,50.4115],[32.02712,50.41625],[32.02014,50.41976],[32.01534,50.42281],[32.01317,50.42529],[32.01115,50.42809],[32.01022,50.4315],[32.00991,50.43511],[32.01022,50.43956],[32.00991,50.44452],[32.00759,50.45105],[32.00449,50.45459],[32.00108,50.45697],[31.9773,50.46992],[31.97358,50.47534],[31.97296,50.47992],[31.97498,50.48384],[31.98072,50.49005],[31.99177,50.49961],[31.99301,50.50043],[31.99487,50.50136],[31.99782,50.50227],[32.00092,50.5025],[32.02185,50.50017],[32.0234,50.50012],[32.02402,50.50023],[32.02821,50.50209],[32.03084,50.50441],[32.03286,50.50782],[32.03394,50.51154],[32.03518,50.52516],[32.03255,50.53929],[32.02836,50.54508],[32.02247,50.54823],[31.98009,50.54797],[31.96785,50.54896],[31.96196,50.55009],[31.95389,50.55454],[31.94413,50.56177],[31.90889,50.59283],[31.89602,50.59877],[31.86713,50.61647],[31.85628,50.62136],[31.84744,50.62394],[31.82496,50.62203],[31.8046,50.61784],[31.80026,50.61634],[31.79669,50.61422],[31.79468,50.61128],[31.7939,50.60764],[31.79375,50.60384],[31.79313,50.6003],[31.79127,50.59717],[31.78522,50.59234],[31.78352,50.58942],[31.78321,50.5859],[31.78398,50.58255],[31.78445,50.57934],[31.78336,50.57645],[31.78042,50.57454],[31.77158,50.57169],[31.7674,50.56983],[31.76429,50.56702],[31.76161,50.56368],[31.75556,50.55795],[31.7523,50.55536],[31.74843,50.55319],[31.74347,50.55201],[31.73773,50.55154],[31.69784,50.55394],[31.69179,50.55366],[31.68652,50.55283],[31.68187,50.55139],[31.67799,50.54937],[31.67086,50.54456],[31.66435,50.53919],[31.66063,50.53697],[31.65583,50.53562],[31.64446,50.53462],[31.63934,50.53366],[31.63531,50.5318],[31.63159,50.52934],[31.62198,50.52121],[31.61826,50.51893],[31.61345,50.51764],[31.60771,50.51728],[31.59448,50.5179],[31.5889,50.51749],[31.58425,50.51609],[31.5765,50.5118],[31.57216,50.51015],[31.5672,50.50911],[31.56131,50.50911],[31.50049,50.51795],[31.49661,50.5179],[31.4918,50.51733],[31.48746,50.51593],[31.48338,50.51379],[31.47346,50.50601],[31.46292,50.50023],[31.38442,50.5127],[31.36406,50.5141],[31.35088,50.51376],[31.34577,50.51144],[31.33926,50.50979],[31.32825,50.50844],[31.32143,50.50984],[31.31585,50.51165],[31.30634,50.51612],[31.29812,50.51769],[31.28711,50.5181],[31.2806,50.51919],[31.27518,50.52077],[31.27146,50.52302],[31.2682,50.52547],[31.26525,50.52813],[31.26293,50.53097],[31.26138,50.53428],[31.26153,50.53836],[31.26293,50.54761],[31.262,50.55239],[31.25838,50.55774],[31.25296,50.55976],[31.24567,50.5603],[31.22598,50.55999],[31.21962,50.56154],[31.21451,50.56358],[31.18562,50.58229],[31.18252,50.58487],[31.17988,50.58766],[31.17911,50.59123],[31.17973,50.59531],[31.18283,50.60337],[31.18562,50.60606],[31.18934,50.60714],[31.19957,50.60694],[31.20443,50.60776],[31.20831,50.60968],[31.21141,50.61252],[31.21404,50.61572],[31.21854,50.62288],[31.22024,50.62683],[31.22102,50.63092],[31.22102,50.63469],[31.21823,50.64533],[31.21296,50.65877],[31.20955,50.66481],[31.20521,50.67078],[31.19926,50.67613],[31.18516,50.68564],[31.16221,50.69784],[31.16066,50.69933],[31.15911,50.70197],[31.15973,50.71034],[31.15849,50.71546],[31.15446,50.71791],[31.14888,50.71887],[31.13271,50.71928],[31.11922,50.72109],[31.11317,50.72367],[31.11007,50.72696],[31.11054,50.73052],[31.11193,50.73427],[31.11395,50.73799],[31.11472,50.74158],[31.11364,50.74538],[31.10573,50.75031],[31.10139,50.75458],[31.09767,50.75902],[31.09457,50.7646],[31.0894,50.76729],[31.08366,50.76874],[31.07777,50.76868],[31.07312,50.76739],[31.06878,50.76569],[31.057,50.75959],[31.05235,50.75814],[31.04181,50.75644],[31.02987,50.75582],[30.97571,50.75923],[30.96341,50.75884],[30.9538,50.75628],[30.93876,50.74747],[30.93086,50.74646],[30.91918,50.74698],[30.87174,50.7553],[30.86657,50.75442],[30.86254,50.75241],[30.85448,50.74295],[30.8506,50.74006],[30.84533,50.73786],[30.83634,50.73701],[30.83045,50.73814],[30.82595,50.74011],[30.81929,50.74667],[30.81386,50.75093],[30.80249,50.75711],[30.79397,50.75964],[30.78652,50.76073],[30.75769,50.75556],[30.74648,50.75566],[30.74089,50.75737],[30.73764,50.76021],[30.73795,50.76383],[30.7395,50.76726],[30.74182,50.77065],[30.75567,50.78615],[30.76528,50.79992],[30.77149,50.81116],[30.77474,50.81938],[30.78001,50.84036],[30.78017,50.84356],[30.77598,50.84741],[30.7673,50.85302],[30.73469,50.86901],[30.7257,50.8724],[30.67154,50.88527],[30.66147,50.88873],[30.65511,50.89198],[30.65294,50.89501],[30.6517,50.89839],[30.65108,50.90216],[30.65108,50.90625],[30.65154,50.91041],[30.65263,50.91467],[30.65883,50.93141],[30.66317,50.94916],[30.66395,50.95746],[30.66348,50.96131],[30.66286,50.965],[30.66038,50.97193],[30.65883,50.97523],[30.65666,50.97839],[30.65418,50.98133],[30.64907,50.98557],[30.62467,51.00022],[30.6146,51.00366],[30.60684,51.00487],[30.60049,51.00417],[30.59196,51.00469],[30.57951,51.00704],[30.56773,51.01317],[30.56106,51.01575],[30.55579,51.01717],[30.55098,51.01668],[30.54664,51.01531],[30.54308,51.01291],[30.53812,51.0103],[30.53238,51.00831],[30.52148,51.0081],[30.51667,51.01022],[30.51357,51.01317],[30.51233,51.01668],[30.50814,51.04675],[30.51124,51.10804],[30.51279,51.11675],[30.53078,51.17212],[30.5314,51.18029],[30.53036,51.18783],[30.52788,51.19476],[30.51636,51.21465],[30.51481,51.22034],[30.5159,51.22476],[30.51962,51.2268],[30.52478,51.22773],[30.54416,51.22664],[30.54959,51.22736],[30.55377,51.22912],[30.55641,51.2317],[30.55718,51.23512],[30.55466,51.24251],[30.55532,51.24346],[30.55662,51.26731],[30.55935,51.26933],[30.57723,51.28901],[30.57992,51.30367],[30.61046,51.31754],[30.63831,51.33586],[30.63242,51.3641],[30.64555,51.36746],[30.64452,51.37268],[30.63749,51.3786],[30.63242,51.38397],[30.62261,51.41211],[30.61816,51.41872],[30.60602,51.42456],[30.59558,51.42495],[30.58788,51.42735],[30.584,51.43921],[30.58602,51.45185],[30.59356,51.4589],[30.60483,51.46123],[30.61816,51.45965],[30.61816,51.46714],[30.60762,51.46983],[30.59728,51.47427],[30.58891,51.48182],[30.584,51.49383],[30.58974,51.50197],[30.5854,51.50939],[30.57506,51.51606],[30.56287,51.52177],[30.57145,51.52642],[30.57641,51.53112],[30.584,51.54226],[30.56742,51.54727],[30.53414,51.55326],[30.52256,51.56272],[30.52256,51.56892],[30.52773,51.5713],[30.53109,51.57331],[30.53527,51.57502],[30.54313,51.57639],[30.54313,51.58259],[30.53455,51.58584],[30.51512,51.59626],[30.51512,51.60367],[30.54385,51.62013],[30.55662,51.62362],[30.55284,51.63334],[30.54995,51.63719],[30.55532,51.63977],[30.56349,51.64731],[30.57031,51.6515],[30.56432,51.6653],[30.57599,51.68641],[30.57031,51.69992],[30.58282,51.7023],[30.61382,51.70292],[30.62498,51.7061],[30.63056,51.7156],[30.63201,51.72798],[30.63506,51.73969],[30.64617,51.74708],[30.64617,51.75454],[30.63811,51.75511],[30.61816,51.76134],[30.63046,51.77002],[30.65279,51.77914],[30.67056,51.79053],[30.66963,51.80606],[30.66229,51.8156],[30.66198,51.81942],[30.66632,51.82239],[30.67273,51.8296],[30.69454,51.84728],[30.69733,51.85074],[30.70281,51.85376],[30.70756,51.86038],[30.71397,51.86696],[30.73454,51.87373],[30.73722,51.88224],[30.73784,51.89159],[30.74167,51.89792],[30.74973,51.89962],[30.7795,51.89792],[30.78818,51.90061],[30.79706,51.90673],[30.8106,51.91838],[30.8106,51.92518],[30.80523,51.92934],[30.80254,51.93554],[30.80306,51.93913],[30.83138,51.9459],[30.84564,51.95135],[30.85804,51.95763],[30.8691,51.96502],[30.87933,51.97365],[30.87964,51.97688],[30.87902,51.98202],[30.88088,51.98817],[30.88874,51.99435],[30.8969,51.99833],[30.9028,51.99998],[30.90838,51.99835],[30.9152,51.99259],[30.94124,51.9938],[30.95013,52.00677],[30.94052,52.02008],[30.91127,52.02256],[30.91463,52.02757],[30.91685,52.03236],[30.91974,52.03726],[30.92471,52.04228],[30.91881,52.05918],[30.93442,52.06972],[30.95933,52.07468],[31.09632,52.07961],[31.13482,52.07667],[31.15921,52.06811],[31.2049,52.04393],[31.22898,52.03822],[31.25244,52.0445],[31.26887,52.06124],[31.28427,52.08124],[31.30442,52.09749],[31.38308,52.11749],[31.47485,52.11778]]]}},{"type":"Feature","properties":{"name":"Volyn","country_iso_a3":"UKR","type":"Oblast'"},"geometry":{"type":"Polygon","coordinates":[[[25.1833,51.94975],[25.35197,51.92148],[25.5474,51.91944],[25.55165,51.90185],[25.5639,51.89704],[25.65485,51.89306],[25.66027,51.89223],[25.6626,51.89058],[25.65903,51.88807],[25.64472,51.88275],[25.64053,51.88076],[25.63666,51.87849],[25.63356,51.87593],[25.63092,51.87208],[25.62968,51.86733],[25.62984,51.86019],[25.63154,51.85301],[25.63402,51.84728],[25.63759,51.84076],[25.63976,51.83772],[25.64146,51.83441],[25.6427,51.83089],[25.64301,51.82697],[25.64131,51.82216],[25.63836,51.81679],[25.62813,51.80449],[25.61511,51.79255],[25.60798,51.78772],[25.57273,51.76837],[25.52369,51.72475],[25.51532,51.71498],[25.51269,51.70826],[25.5099,51.69865],[25.50602,51.67819],[25.50447,51.66078],[25.50695,51.6414],[25.50726,51.62853],[25.50803,51.6247],[25.50943,51.62119],[25.5116,51.61812],[25.51455,51.61543],[25.51873,51.61341],[25.52369,51.61184],[25.53646,51.61044],[25.54281,51.6106],[25.55351,51.61235],[25.55785,51.61246],[25.56049,51.61044],[25.56204,51.60719],[25.56281,51.60336],[25.56436,51.5999],[25.56715,51.59716],[25.57196,51.5954],[25.58979,51.59204],[25.59413,51.59024],[25.59805,51.58796],[25.60085,51.58512],[25.60286,51.58192],[25.60271,51.57701],[25.60023,51.57075],[25.59216,51.56037],[25.58653,51.55535],[25.56917,51.54579],[25.56204,51.54089],[25.55615,51.53515],[25.55351,51.53101],[25.55149,51.52543],[25.55056,51.50972],[25.55119,51.50497],[25.5532,51.4966],[25.56421,51.46918],[25.56514,51.46559],[25.56591,51.46182],[25.56607,51.45766],[25.56483,51.44885],[25.56064,51.43185],[25.5594,51.41877],[25.55971,51.41053],[25.56173,51.39888],[25.56142,51.39454],[25.55398,51.35754],[25.5546,51.35296],[25.55568,51.34935],[25.5577,51.34625],[25.56281,51.34051],[25.56607,51.33795],[25.56948,51.33565],[25.57351,51.33387],[25.57785,51.33294],[25.58297,51.33271],[25.58731,51.33397],[25.59087,51.3363],[25.59351,51.33935],[25.59914,51.35035],[25.60162,51.35358],[25.60441,51.3565],[25.60782,51.35901],[25.62131,51.3641],[25.63123,51.36666],[25.64286,51.36821],[25.65578,51.36852],[25.66849,51.36761],[25.68957,51.36224],[25.69515,51.36178],[25.70074,51.36219],[25.70585,51.36335],[25.71009,51.36526],[25.71738,51.36989],[25.72048,51.37304],[25.72668,51.38198],[25.73009,51.38529],[25.73412,51.38764],[25.73877,51.3887],[25.74342,51.38829],[25.74699,51.38648],[25.74916,51.38338],[25.75071,51.38007],[25.75319,51.37707],[25.75644,51.37454],[25.76084,51.37263],[25.76621,51.37123],[25.77262,51.37038],[25.7858,51.37015],[25.79169,51.37084],[25.79649,51.37224],[25.80083,51.37407],[25.81623,51.3827],[25.82026,51.38425],[25.82212,51.38105],[25.8213,51.37252],[25.81184,51.35035],[25.80859,51.33961],[25.8075,51.33206],[25.80889,51.32865],[25.81339,51.3226],[25.81654,51.31994],[25.82006,51.31762],[25.82941,51.31405],[25.84925,51.30829],[25.85235,51.30689],[25.85453,51.30524],[25.85639,51.3026],[25.85747,51.29925],[25.85856,51.29139],[25.85964,51.28775],[25.86181,51.28473],[25.86507,51.28214],[25.86848,51.27987],[25.89737,51.26519],[25.91674,51.2501],[25.92186,51.24437],[25.92496,51.24186],[25.92889,51.23956],[26.00537,51.21584],[26.05643,51.18385],[26.05937,51.18114],[26.06139,51.17791],[26.06278,51.17424],[26.06294,51.16985],[26.06201,51.15926],[26.06061,51.15326],[26.05658,51.14631],[26.04759,51.136],[26.03576,51.12918],[26.028,51.12551],[25.95726,51.11642],[25.95245,51.11414],[25.9509,51.10809],[25.94672,51.08019],[25.94672,51.07518],[25.94982,51.07259],[25.95447,51.07068],[25.97974,51.0637],[25.98501,51.06401],[25.98956,51.06531],[25.99979,51.07058],[26.00273,51.07156],[26.01265,51.07311],[26.02397,51.07347],[26.02893,51.07228],[26.03327,51.07058],[26.04134,51.06634],[26.05844,51.05414],[26.07394,51.03707],[26.0758,51.03384],[26.0772,51.03032],[26.07906,51.02252],[26.08046,51.019],[26.08325,51.01622],[26.0865,51.01373],[26.08929,51.0111],[26.09115,51.00789],[26.09224,51.00469],[26.09394,50.99249],[26.0958,50.98516],[26.09425,50.98076],[26.08976,50.97601],[26.07627,50.9696],[26.0679,50.96676],[26.05999,50.96521],[25.98863,50.95875],[25.98315,50.95637],[25.97896,50.9525],[25.97493,50.94511],[25.9754,50.94071],[25.97788,50.93733],[25.9816,50.93503],[25.99746,50.92736],[26.00227,50.92433],[26.00614,50.92066],[26.01111,50.91746],[26.01343,50.91483],[26.01483,50.91134],[26.01467,50.90723],[26.01421,50.90328],[26.01328,50.89919],[26.01157,50.89547],[26.00661,50.89173],[25.98191,50.87679],[25.9692,50.86434],[25.96579,50.85783],[25.96702,50.85374],[25.97121,50.85173],[25.99514,50.84454],[26.00087,50.84163],[26.0032,50.83974],[26.00428,50.83721],[26.0032,50.83465],[25.99731,50.82842],[25.99359,50.8261],[25.98832,50.82434],[25.97912,50.82418],[25.95974,50.82697],[25.954,50.82718],[25.94827,50.82682],[25.943,50.82589],[25.93509,50.82297],[25.89039,50.80005],[25.88558,50.79871],[25.88031,50.7962],[25.87545,50.79256],[25.87003,50.78532],[25.86832,50.78129],[25.8677,50.77778],[25.86786,50.77442],[25.86538,50.7353],[25.86925,50.71636],[25.86972,50.71241],[25.87049,50.70858],[25.87065,50.70068],[25.86956,50.69691],[25.86786,50.69337],[25.86088,50.6859],[25.85453,50.68089],[25.85065,50.67711],[25.84755,50.67345],[25.84553,50.66993],[25.83654,50.63626],[25.83282,50.63319],[25.82724,50.63117],[25.81696,50.63086],[25.80983,50.63172],[25.80378,50.63329],[25.79556,50.63743],[25.77494,50.65164],[25.76673,50.65577],[25.76177,50.65743],[25.75613,50.65866],[25.71676,50.66311],[25.71226,50.66481],[25.70988,50.66719],[25.71019,50.67032],[25.71086,50.67345],[25.71019,50.67668],[25.70792,50.67949],[25.68849,50.69453],[25.67345,50.70391],[25.66849,50.70551],[25.65562,50.70703],[25.60286,50.70688],[25.5825,50.70016],[25.56111,50.68988],[25.52261,50.67668],[25.48819,50.66833],[25.45837,50.65644],[25.44861,50.65474],[25.44024,50.65427],[25.41538,50.65802],[25.39414,50.66332],[25.38158,50.66864],[25.36696,50.67794],[25.36339,50.67887],[25.35952,50.67794],[25.35843,50.67303],[25.35905,50.6691],[25.36463,50.65897],[25.36386,50.65505],[25.36091,50.64993],[25.35347,50.64324],[25.35146,50.63626],[25.35254,50.63203],[25.35626,50.62911],[25.37926,50.62022],[25.38298,50.61794],[25.38375,50.61492],[25.38158,50.6118],[25.37347,50.60947],[25.36665,50.60926],[25.29497,50.61572],[25.28986,50.61397],[25.28645,50.61066],[25.28536,50.60435],[25.28676,50.60022],[25.29916,50.58521],[25.30272,50.57867],[25.30428,50.57521],[25.30521,50.57154],[25.30551,50.56751],[25.30551,50.56337],[25.30505,50.55906],[25.30226,50.55423],[25.29745,50.54927],[25.2866,50.54304],[25.27854,50.54079],[25.27079,50.53963],[25.19488,50.54477],[25.14806,50.55283],[25.1431,50.55286],[25.13762,50.55164],[25.1325,50.5488],[25.1263,50.54384],[25.12243,50.54009],[25.11979,50.53619],[25.11948,50.53247],[25.1232,50.52741],[25.12739,50.52446],[25.15689,50.50994],[25.16402,50.50534],[25.16666,50.50317],[25.16837,50.50043],[25.16697,50.49816],[25.15131,50.47968],[25.14403,50.47279],[25.14056,50.47031],[25.13684,50.46808],[25.1325,50.46627],[25.12739,50.46524],[25.12134,50.46503],[25.10305,50.46695],[25.09731,50.46661],[25.09343,50.46498],[25.09183,50.4618],[25.09406,50.45759],[25.09731,50.45454],[25.10134,50.45211],[25.11793,50.44416],[25.13297,50.43532],[25.14227,50.42746],[25.1679,50.39904],[25.17147,50.39687],[25.17627,50.39519],[25.19426,50.39279],[25.19911,50.39132],[25.20201,50.3886],[25.20356,50.38535],[25.20356,50.38075],[25.20097,50.37568],[25.19503,50.36974],[25.1817,50.36587],[25.17255,50.36442],[25.16341,50.36199],[25.1555,50.35786],[25.14382,50.34737],[25.12258,50.33119],[25.06346,50.29481],[25.06563,50.32339],[25.06377,50.3345],[25.0616,50.33794],[25.0585,50.34127],[25.0537,50.34483],[25.04889,50.34729],[25.04377,50.34887],[25.0385,50.34943],[25.03416,50.34943],[25.00388,50.34571],[24.98311,50.35212],[24.95515,50.36432],[24.94151,50.36866],[24.9319,50.37016],[24.92941,50.36742],[24.92864,50.36385],[24.93034,50.35222],[24.92399,50.34949],[24.91138,50.34814],[24.84839,50.35491],[24.82544,50.35197],[24.81521,50.34964],[24.80606,50.34664],[24.79779,50.34292],[24.78772,50.34137],[24.77299,50.34054],[24.72379,50.34372],[24.7131,50.34551],[24.70876,50.34737],[24.70519,50.34964],[24.70318,50.35269],[24.70225,50.35631],[24.70364,50.36439],[24.69847,50.37018],[24.68824,50.37672],[24.64685,50.39287],[24.63935,50.39744],[24.63863,50.40096],[24.63894,50.40488],[24.6378,50.40907],[24.63424,50.41336],[24.62912,50.41532],[24.62292,50.41607],[24.59098,50.417],[24.58354,50.41878],[24.57822,50.42126],[24.57357,50.42806],[24.57016,50.43196],[24.56411,50.43671],[24.55822,50.43847],[24.55264,50.43837],[24.54892,50.43628],[24.5469,50.43305],[24.54629,50.42914],[24.54644,50.42119],[24.54613,50.41734],[24.54443,50.41387],[24.54179,50.41093],[24.53652,50.40829],[24.52939,50.40659],[24.51523,50.40612],[24.50856,50.40793],[24.50422,50.41062],[24.50314,50.41398],[24.5036,50.41775],[24.50577,50.4254],[24.50624,50.42927],[24.50531,50.43274],[24.50376,50.43584],[24.49879,50.43966],[24.45673,50.46137],[24.45363,50.4639],[24.4513,50.46674],[24.45037,50.46984],[24.45177,50.47289],[24.45471,50.47537],[24.45875,50.47736],[24.4634,50.47883],[24.51321,50.48674],[24.52205,50.49005],[24.52939,50.49462],[24.53228,50.49697],[24.53543,50.50012],[24.53745,50.50384],[24.53838,50.50738],[24.53838,50.51123],[24.53745,50.5149],[24.53574,50.51826],[24.53063,50.52407],[24.50081,50.54555],[24.49554,50.54803],[24.49104,50.54937],[24.48019,50.5511],[24.47471,50.55076],[24.45751,50.54663],[24.4465,50.54622],[24.43983,50.5473],[24.43425,50.54901],[24.40536,50.56735],[24.40319,50.5703],[24.40288,50.57386],[24.40412,50.57733],[24.40273,50.58244],[24.39761,50.5889],[24.37947,50.60094],[24.36754,50.60663],[24.35854,50.60968],[24.35369,50.61019],[24.34997,50.61004],[24.34594,50.60887],[24.34252,50.60683],[24.33927,50.6043],[24.33384,50.59831],[24.33028,50.59593],[24.32625,50.59392],[24.32144,50.59257],[24.29736,50.59061],[24.2862,50.58875],[24.27612,50.58523],[24.25891,50.58301],[24.25891,50.57557],[24.24785,50.58177],[24.22925,50.58544],[24.21793,50.58921],[24.20884,50.59671],[24.20243,50.60596],[24.19427,50.61386],[24.18005,50.61717],[24.17086,50.62146],[24.16471,50.64022],[24.15246,50.64448],[24.13861,50.64394],[24.1259,50.64182],[24.11536,50.63743],[24.10816,50.63029],[24.0828,50.66916],[24.07494,50.69019],[24.08104,50.71298],[24.05417,50.71716],[24.02688,50.72802],[24.01283,50.74331],[24.02585,50.76083],[24.02585,50.76703],[23.99795,50.7692],[23.97428,50.77618],[23.9595,50.78889],[23.95764,50.80801],[23.96994,50.82517],[23.99288,50.83623],[24.02048,50.83855],[24.04694,50.8291],[24.0673,50.83483],[24.10047,50.83499],[24.13086,50.83907],[24.14316,50.85643],[24.13024,50.86894],[24.04694,50.89803],[23.97934,50.93751],[23.96436,50.95322],[23.95888,50.96635],[23.95784,50.97534],[23.95505,50.98356],[23.944,50.9942],[23.9318,50.99947],[23.91909,51.00273],[23.91175,51.00681],[23.91599,51.01467],[23.91599,51.02087],[23.90421,51.06272],[23.89552,51.07611],[23.86927,51.10174],[23.85449,51.12153],[23.85821,51.13073],[23.87475,51.13613],[23.86359,51.14827],[23.81604,51.17879],[23.76519,51.19902],[23.74266,51.21625],[23.68727,51.2924],[23.67021,51.29938],[23.65089,51.29961],[23.63518,51.3047],[23.62867,51.32596],[23.63404,51.3393],[23.64779,51.354],[23.66556,51.36581],[23.68386,51.37028],[23.67766,51.38379],[23.6789,51.39407],[23.68603,51.40105],[23.6976,51.40443],[23.68944,51.41642],[23.64872,51.45397],[23.64717,51.46019],[23.66277,51.48019],[23.64861,51.48621],[23.63053,51.49042],[23.61482,51.49722],[23.6081,51.51122],[23.60624,51.5174],[23.61544,51.51311],[23.62412,51.5159],[23.62867,51.53122],[23.62629,51.54089],[23.59911,51.58897],[23.59332,51.59696],[23.59435,51.60496],[23.60645,51.61812],[23.61668,51.62478],[23.62898,51.62905],[23.72623,51.64486],[23.74969,51.64447],[23.82028,51.63127],[23.84529,51.62982],[23.88488,51.61987],[23.91289,51.59858],[23.94131,51.58192],[23.98131,51.586],[24.13075,51.66979],[24.24413,51.71821],[24.27235,51.74289],[24.29612,51.80813],[24.31152,51.82756],[24.3479,51.86115],[24.3696,51.8751],[24.39079,51.88001],[24.63977,51.89213],[24.70106,51.88291],[24.72183,51.88234],[25.00274,51.91048],[25.09266,51.93975],[25.13803,51.94895],[25.1833,51.94975]]]}},{"type":"Feature","properties":{"name":"Rivne","country_iso_a3":"UKR","type":"Oblast'"},"geometry":{"type":"Polygon","coordinates":[[[25.5474,51.91944],[25.68348,51.91802],[25.76791,51.92851],[25.98113,51.90347],[26.05059,51.90482],[26.08076,51.90066],[26.14536,51.86485],[26.17533,51.85671],[26.40777,51.85061],[26.41976,51.84686],[26.41997,51.83973],[26.41697,51.83064],[26.41925,51.82092],[26.43154,51.81022],[26.4456,51.8056],[26.66574,51.80139],[26.85477,51.74935],[26.92082,51.74253],[27.02159,51.76454],[27.10995,51.76242],[27.15109,51.75676],[27.17786,51.74708],[27.18416,51.73144],[27.18147,51.71013],[27.18106,51.68341],[27.18902,51.66377],[27.20359,51.65514],[27.22364,51.6537],[27.24793,51.65566],[27.27749,51.65114],[27.27449,51.6338],[27.25971,51.6123],[27.25403,51.59538],[27.26746,51.5875],[27.28927,51.58897],[27.32906,51.59696],[27.38838,51.59073],[27.409,51.59171],[27.43097,51.59843],[27.45877,51.6175],[27.47727,51.62367],[27.51231,51.62313],[27.51243,51.6231],[27.62062,51.5959],[27.67684,51.59481],[27.69265,51.58923],[27.70516,51.56835],[27.69731,51.54319],[27.66413,51.49285],[27.66615,51.49019],[27.63312,51.48673],[27.60935,51.47931],[27.59866,51.4773],[27.58951,51.47427],[27.58594,51.47228],[27.58253,51.46626],[27.57959,51.45735],[27.57571,51.43795],[27.5768,51.42937],[27.57943,51.42374],[27.59416,51.41448],[27.5999,51.40906],[27.60207,51.40598],[27.60362,51.40265],[27.60424,51.39885],[27.60284,51.39498],[27.60021,51.39185],[27.59385,51.39113],[27.58858,51.39198],[27.58362,51.39371],[27.54388,51.41547],[27.54078,51.4181],[27.53799,51.421],[27.53613,51.42438],[27.5321,51.43066],[27.52683,51.43619],[27.52357,51.4387],[27.52001,51.44105],[27.51551,51.4426],[27.50993,51.44306],[27.50543,51.44208],[27.50212,51.44022],[27.49892,51.43236],[27.48864,51.38818],[27.48833,51.37531],[27.49034,51.36712],[27.50621,51.35824],[27.509,51.35563],[27.51132,51.35268],[27.51132,51.34782],[27.50946,51.34209],[27.50357,51.33289],[27.50026,51.32896],[27.49685,51.3256],[27.48678,51.31868],[27.48275,51.31676],[27.47794,51.31529],[27.42208,51.30731],[27.41836,51.30524],[27.41665,51.30214],[27.4182,51.29772],[27.45034,51.25563],[27.4519,51.25307],[27.45267,51.25108],[27.45376,51.24437],[27.45376,51.24031],[27.45236,51.23465],[27.4491,51.22793],[27.44084,51.21698],[27.43526,51.21186],[27.42983,51.20837],[27.40735,51.19998],[27.40363,51.19775],[27.40037,51.19514],[27.39758,51.19217],[27.38482,51.16742],[27.38048,51.16127],[27.37614,51.15706],[27.37226,51.15486],[27.36901,51.15238],[27.36063,51.14491],[27.35816,51.14197],[27.35614,51.13657],[27.35459,51.12928],[27.35211,51.10724],[27.34963,51.09983],[27.34343,51.09228],[27.33893,51.08794],[27.33469,51.08458],[27.32369,51.07786],[27.32028,51.07533],[27.3164,51.07073],[27.30508,51.05249],[27.29966,51.0472],[27.29454,51.04366],[27.27124,51.03606],[27.23232,51.0304],[27.22752,51.029],[27.22318,51.02722],[27.21976,51.02479],[27.21646,51.02071],[27.20654,51.0005],[27.20576,50.99986],[27.19972,50.99591],[27.19879,50.99404],[27.19816,50.99089],[27.20437,50.98175],[27.21491,50.96968],[27.21692,50.96531],[27.21832,50.95978],[27.21976,50.95043],[27.22266,50.94568],[27.22628,50.94227],[27.23387,50.93777],[27.23635,50.93451],[27.23666,50.93069],[27.23279,50.92485],[27.22814,50.92211],[27.2179,50.91891],[27.21599,50.91591],[27.21915,50.91064],[27.22235,50.90707],[27.23527,50.89632],[27.23992,50.89038],[27.24023,50.88325],[27.23868,50.87281],[27.22411,50.82452],[27.22318,50.81907],[27.22328,50.8123],[27.22535,50.80145],[27.22721,50.79545],[27.22922,50.79078],[27.23124,50.7877],[27.241,50.776],[27.261,50.75682],[27.26348,50.75385],[27.26751,50.74755],[27.27061,50.74083],[27.2717,50.73737],[27.27015,50.73008],[27.26643,50.72016],[27.24348,50.68176],[27.23527,50.67272],[27.21522,50.65748],[27.2115,50.65288],[27.20204,50.63412],[27.19522,50.62378],[27.19351,50.62203],[27.19243,50.61849],[27.19258,50.61376],[27.19692,50.60523],[27.20157,50.60092],[27.20685,50.59795],[27.22612,50.59125],[27.23015,50.58911],[27.23341,50.5866],[27.23558,50.58301],[27.22752,50.56761],[27.19227,50.5412],[27.14416,50.54844],[27.13796,50.55097],[27.13176,50.555],[27.13176,50.55909],[27.13222,50.56356],[27.13191,50.56872],[27.13052,50.57423],[27.12618,50.58198],[27.1206,50.58528],[27.11362,50.58714],[27.0976,50.5866],[27.09156,50.58521],[27.08752,50.5828],[27.08442,50.58009],[27.08008,50.57324],[27.07528,50.56146],[27.07218,50.55872],[27.06799,50.55681],[27.06334,50.55534],[27.04205,50.55113],[27.02283,50.54555],[27.01446,50.54188],[26.99828,50.53278],[26.99177,50.52733],[26.98634,50.52376],[26.97642,50.51919],[26.96882,50.51759],[26.96154,50.51707],[26.94929,50.51893],[26.92924,50.52643],[26.90909,50.53154],[26.90149,50.53175],[26.89544,50.53082],[26.87648,50.51991],[26.80713,50.5009],[26.80558,50.49963],[26.80186,50.49607],[26.79953,50.49304],[26.79798,50.48932],[26.79752,50.48529],[26.79798,50.48144],[26.79984,50.4741],[26.80031,50.46999],[26.79953,50.46581],[26.79659,50.46147],[26.79178,50.45945],[26.7862,50.45863],[26.78015,50.45914],[26.75731,50.46586],[26.74553,50.46669],[26.7398,50.46488],[26.73654,50.46147],[26.73561,50.45744],[26.73483,50.44904],[26.7322,50.44411],[26.72786,50.43904],[26.71726,50.43268],[26.71184,50.42834],[26.70874,50.4238],[26.70796,50.41997],[26.703,50.41405],[26.6937,50.4069],[26.65008,50.38442],[26.64822,50.38116],[26.64776,50.37744],[26.64853,50.37065],[26.64838,50.36835],[26.64745,50.36514],[26.64574,50.36199],[26.64311,50.35899],[26.63737,50.35553],[26.59112,50.33398],[26.58477,50.32907],[26.5767,50.31993],[26.56973,50.30993],[26.56384,50.30561],[26.55485,50.30044],[26.51836,50.2837],[26.5151,50.28122],[26.50379,50.27008],[26.49759,50.2651],[26.47986,50.25357],[26.47196,50.25037],[26.46467,50.24846],[26.4408,50.24701],[26.43428,50.24742],[26.42121,50.24954],[26.41268,50.24985],[26.39919,50.24887],[26.38989,50.24647],[26.38354,50.24414],[26.36814,50.23518],[26.36147,50.23027],[26.32039,50.1889],[26.30344,50.17554],[26.28235,50.16678],[26.23316,50.15229],[26.23037,50.18236],[26.22727,50.18634],[26.22107,50.19141],[26.21373,50.19399],[26.20505,50.19942],[26.20241,50.20433],[26.20179,50.20908],[26.20303,50.21316],[26.20458,50.21704],[26.20897,50.22381],[26.21404,50.23006],[26.21719,50.2329],[26.22463,50.23854],[26.22789,50.24239],[26.23099,50.24856],[26.23006,50.25316],[26.22727,50.25735],[26.22184,50.26169],[26.21719,50.26246],[26.21332,50.26127],[26.20319,50.25391],[26.19528,50.24996],[26.16582,50.2421],[26.16055,50.24146],[26.1542,50.24159],[26.14717,50.24262],[26.08309,50.26246],[26.07131,50.26468],[26.06526,50.26525],[26.05906,50.26515],[26.05363,50.26435],[26.04867,50.26313],[26.02196,50.25337],[26.01219,50.25378],[25.99855,50.25569],[25.96997,50.26267],[25.95664,50.26437],[25.94718,50.26453],[25.92326,50.25282],[25.8305,50.18782],[25.82275,50.18376],[25.80905,50.17916],[25.69283,50.17311],[25.67578,50.17058],[25.66679,50.16733],[25.65159,50.15746],[25.6458,50.15446],[25.63588,50.15079],[25.62922,50.15058],[25.62472,50.15213],[25.6179,50.15833],[25.61154,50.1612],[25.60689,50.16089],[25.6024,50.15963],[25.58064,50.14583],[25.57506,50.1434],[25.56669,50.14076],[25.56033,50.14079],[25.5563,50.14252],[25.55119,50.14536],[25.54436,50.14831],[25.51904,50.15247],[25.49749,50.15885],[25.47264,50.16345],[25.46101,50.16412],[25.45341,50.16273],[25.45078,50.15978],[25.44876,50.15627],[25.44287,50.14051],[25.44148,50.13226],[25.44241,50.12867],[25.44396,50.12542],[25.4469,50.12275],[25.45031,50.1204],[25.46225,50.1141],[25.46535,50.11151],[25.46706,50.1086],[25.46706,50.10521],[25.45992,50.09614],[25.45837,50.0924],[25.4545,50.08787],[25.44845,50.08315],[25.41941,50.07188],[25.41631,50.06919],[25.41476,50.06558],[25.41383,50.06165],[25.41414,50.05782],[25.41553,50.05018],[25.41553,50.04599],[25.41445,50.03687],[25.4129,50.03253],[25.41073,50.02795],[25.40747,50.0277],[25.40034,50.03235],[25.39414,50.03493],[25.38127,50.03671],[25.37476,50.0355],[25.37099,50.0324],[25.36996,50.02821],[25.36758,50.01312],[25.2959,50.04134],[25.20232,50.09498],[25.19317,50.1027],[25.18542,50.128],[25.18464,50.13193],[25.18402,50.14009],[25.18511,50.15725],[25.19286,50.18164],[25.19255,50.18696],[25.18821,50.19172],[25.16914,50.20663],[25.16542,50.21265],[25.16495,50.21719],[25.16775,50.22004],[25.19627,50.23854],[25.20263,50.24383],[25.20511,50.24686],[25.20748,50.25011],[25.20826,50.2559],[25.2078,50.26339],[25.20376,50.27709],[25.19984,50.28362],[25.19565,50.28799],[25.19147,50.2899],[25.18666,50.29158],[25.17565,50.29398],[25.16945,50.29455],[25.16341,50.2944],[25.15286,50.29249],[25.12646,50.28231],[25.11622,50.28014],[25.10413,50.27936],[25.08377,50.28055],[25.06997,50.28463],[25.06346,50.29481],[25.12258,50.33119],[25.14382,50.34737],[25.1555,50.35786],[25.16341,50.36199],[25.17255,50.36442],[25.1817,50.36587],[25.19503,50.36974],[25.20097,50.37568],[25.20356,50.38075],[25.20356,50.38535],[25.20201,50.3886],[25.19911,50.39132],[25.19426,50.39279],[25.17627,50.39519],[25.17147,50.39687],[25.1679,50.39904],[25.14227,50.42746],[25.13297,50.43532],[25.11793,50.44416],[25.10134,50.45211],[25.09731,50.45454],[25.09406,50.45759],[25.09183,50.4618],[25.09343,50.46498],[25.09731,50.46661],[25.10305,50.46695],[25.12134,50.46503],[25.12739,50.46524],[25.1325,50.46627],[25.13684,50.46808],[25.14056,50.47031],[25.14403,50.47279],[25.15131,50.47968],[25.16697,50.49816],[25.16837,50.50043],[25.16666,50.50317],[25.16402,50.50534],[25.15689,50.50994],[25.12739,50.52446],[25.1232,50.52741],[25.11948,50.53247],[25.11979,50.53619],[25.12243,50.54009],[25.1263,50.54384],[25.1325,50.5488],[25.13762,50.55164],[25.1431,50.55286],[25.14806,50.55283],[25.19488,50.54477],[25.27079,50.53963],[25.27854,50.54079],[25.2866,50.54304],[25.29745,50.54927],[25.30226,50.55423],[25.30505,50.55906],[25.30551,50.56337],[25.30551,50.56751],[25.30521,50.57154],[25.30428,50.57521],[25.30272,50.57867],[25.29916,50.58521],[25.28676,50.60022],[25.28536,50.60435],[25.28645,50.61066],[25.28986,50.61397],[25.29497,50.61572],[25.36665,50.60926],[25.37347,50.60947],[25.38158,50.6118],[25.38375,50.61492],[25.38298,50.61794],[25.37926,50.62022],[25.35626,50.62911],[25.35254,50.63203],[25.35146,50.63626],[25.35347,50.64324],[25.36091,50.64993],[25.36386,50.65505],[25.36463,50.65897],[25.35905,50.6691],[25.35843,50.67303],[25.35952,50.67794],[25.36339,50.67887],[25.36696,50.67794],[25.38158,50.66864],[25.39414,50.66332],[25.41538,50.65802],[25.44024,50.65427],[25.44861,50.65474],[25.45837,50.65644],[25.48819,50.66833],[25.52261,50.67668],[25.56111,50.68988],[25.5825,50.70016],[25.60286,50.70688],[25.65562,50.70703],[25.66849,50.70551],[25.67345,50.70391],[25.68849,50.69453],[25.70792,50.67949],[25.71019,50.67668],[25.71086,50.67345],[25.71019,50.67032],[25.70988,50.66719],[25.71226,50.66481],[25.71676,50.66311],[25.75613,50.65866],[25.76177,50.65743],[25.76673,50.65577],[25.77494,50.65164],[25.79556,50.63743],[25.80378,50.63329],[25.80983,50.63172],[25.81696,50.63086],[25.82724,50.63117],[25.83282,50.63319],[25.83654,50.63626],[25.84553,50.66993],[25.84755,50.67345],[25.85065,50.67711],[25.85453,50.68089],[25.86088,50.6859],[25.86786,50.69337],[25.86956,50.69691],[25.87065,50.70068],[25.87049,50.70858],[25.86972,50.71241],[25.86925,50.71636],[25.86538,50.7353],[25.86786,50.77442],[25.8677,50.77778],[25.86832,50.78129],[25.87003,50.78532],[25.87545,50.79256],[25.88031,50.7962],[25.88558,50.79871],[25.89039,50.80005],[25.93509,50.82297],[25.943,50.82589],[25.94827,50.82682],[25.954,50.82718],[25.95974,50.82697],[25.97912,50.82418],[25.98832,50.82434],[25.99359,50.8261],[25.99731,50.82842],[26.0032,50.83465],[26.00428,50.83721],[26.0032,50.83974],[26.00087,50.84163],[25.99514,50.84454],[25.97121,50.85173],[25.96702,50.85374],[25.96579,50.85783],[25.9692,50.86434],[25.98191,50.87679],[26.00661,50.89173],[26.01157,50.89547],[26.01328,50.89919],[26.01421,50.90328],[26.01467,50.90723],[26.01483,50.91134],[26.01343,50.91483],[26.01111,50.91746],[26.00614,50.92066],[26.00227,50.92433],[25.99746,50.92736],[25.9816,50.93503],[25.97788,50.93733],[25.9754,50.94071],[25.97493,50.94511],[25.97896,50.9525],[25.98315,50.95637],[25.98863,50.95875],[26.05999,50.96521],[26.0679,50.96676],[26.07627,50.9696],[26.08976,50.97601],[26.09425,50.98076],[26.0958,50.98516],[26.09394,50.99249],[26.09224,51.00469],[26.09115,51.00789],[26.08929,51.0111],[26.0865,51.01373],[26.08325,51.01622],[26.08046,51.019],[26.07906,51.02252],[26.0772,51.03032],[26.0758,51.03384],[26.07394,51.03707],[26.05844,51.05414],[26.04134,51.06634],[26.03327,51.07058],[26.02893,51.07228],[26.02397,51.07347],[26.01265,51.07311],[26.00273,51.07156],[25.99979,51.07058],[25.98956,51.06531],[25.98501,51.06401],[25.97974,51.0637],[25.95447,51.07068],[25.94982,51.07259],[25.94672,51.07518],[25.94672,51.08019],[25.9509,51.10809],[25.95245,51.11414],[25.95726,51.11642],[26.028,51.12551],[26.03576,51.12918],[26.04759,51.136],[26.05658,51.14631],[26.06061,51.15326],[26.06201,51.15926],[26.06294,51.16985],[26.06278,51.17424],[26.06139,51.17791],[26.05937,51.18114],[26.05643,51.18385],[26.00537,51.21584],[25.92889,51.23956],[25.92496,51.24186],[25.92186,51.24437],[25.91674,51.2501],[25.89737,51.26519],[25.86848,51.27987],[25.86507,51.28214],[25.86181,51.28473],[25.85964,51.28775],[25.85856,51.29139],[25.85747,51.29925],[25.85639,51.3026],[25.85453,51.30524],[25.85235,51.30689],[25.84925,51.30829],[25.82941,51.31405],[25.82006,51.31762],[25.81654,51.31994],[25.81339,51.3226],[25.80889,51.32865],[25.8075,51.33206],[25.80859,51.33961],[25.81184,51.35035],[25.8213,51.37252],[25.82212,51.38105],[25.82026,51.38425],[25.81623,51.3827],[25.80083,51.37407],[25.79649,51.37224],[25.79169,51.37084],[25.7858,51.37015],[25.77262,51.37038],[25.76621,51.37123],[25.76084,51.37263],[25.75644,51.37454],[25.75319,51.37707],[25.75071,51.38007],[25.74916,51.38338],[25.74699,51.38648],[25.74342,51.38829],[25.73877,51.3887],[25.73412,51.38764],[25.73009,51.38529],[25.72668,51.38198],[25.72048,51.37304],[25.71738,51.36989],[25.71009,51.36526],[25.70585,51.36335],[25.70074,51.36219],[25.69515,51.36178],[25.68957,51.36224],[25.66849,51.36761],[25.65578,51.36852],[25.64286,51.36821],[25.63123,51.36666],[25.62131,51.3641],[25.60782,51.35901],[25.60441,51.3565],[25.60162,51.35358],[25.59914,51.35035],[25.59351,51.33935],[25.59087,51.3363],[25.58731,51.33397],[25.58297,51.33271],[25.57785,51.33294],[25.57351,51.33387],[25.56948,51.33565],[25.56607,51.33795],[25.56281,51.34051],[25.5577,51.34625],[25.55568,51.34935],[25.5546,51.35296],[25.55398,51.35754],[25.56142,51.39454],[25.56173,51.39888],[25.55971,51.41053],[25.5594,51.41877],[25.56064,51.43185],[25.56483,51.44885],[25.56607,51.45766],[25.56591,51.46182],[25.56514,51.46559],[25.56421,51.46918],[25.5532,51.4966],[25.55119,51.50497],[25.55056,51.50972],[25.55149,51.52543],[25.55351,51.53101],[25.55615,51.53515],[25.56204,51.54089],[25.56917,51.54579],[25.58653,51.55535],[25.59216,51.56037],[25.60023,51.57075],[25.60271,51.57701],[25.60286,51.58192],[25.60085,51.58512],[25.59805,51.58796],[25.59413,51.59024],[25.58979,51.59204],[25.57196,51.5954],[25.56715,51.59716],[25.56436,51.5999],[25.56281,51.60336],[25.56204,51.60719],[25.56049,51.61044],[25.55785,51.61246],[25.55351,51.61235],[25.54281,51.6106],[25.53646,51.61044],[25.52369,51.61184],[25.51873,51.61341],[25.51455,51.61543],[25.5116,51.61812],[25.50943,51.62119],[25.50803,51.6247],[25.50726,51.62853],[25.50695,51.6414],[25.50447,51.66078],[25.50602,51.67819],[25.5099,51.69865],[25.51269,51.70826],[25.51532,51.71498],[25.52369,51.72475],[25.57273,51.76837],[25.60798,51.78772],[25.61511,51.79255],[25.62813,51.80449],[25.63836,51.81679],[25.64131,51.82216],[25.64301,51.82697],[25.6427,51.83089],[25.64146,51.83441],[25.63976,51.83772],[25.63759,51.84076],[25.63402,51.84728],[25.63154,51.85301],[25.62984,51.86019],[25.62968,51.86733],[25.63092,51.87208],[25.63356,51.87593],[25.63666,51.87849],[25.64053,51.88076],[25.64472,51.88275],[25.65903,51.88807],[25.6626,51.89058],[25.66027,51.89223],[25.65485,51.89306],[25.5639,51.89704],[25.55165,51.90185],[25.5474,51.91944]]]}},{"type":"Feature","properties":{"name":"Zhytomyr","country_iso_a3":"UKR","type":"Oblast'"},"geometry":{"type":"Polygon","coordinates":[[[28.21004,51.65196],[28.2304,51.65114],[28.24513,51.64062],[28.2489,51.6306],[28.24838,51.6221],[28.24937,51.61308],[28.25779,51.60176],[28.26973,51.59427],[28.29851,51.58298],[28.31091,51.57445],[28.31742,51.56396],[28.32817,51.53636],[28.33386,51.52838],[28.34688,51.52515],[28.35964,51.52936],[28.38553,51.54505],[28.43535,51.56613],[28.46124,51.57166],[28.48837,51.57202],[28.57808,51.56011],[28.60392,51.55355],[28.6127,51.53993],[28.61518,51.51957],[28.63089,51.46363],[28.6373,51.44963],[28.64702,51.43901],[28.66355,51.43399],[28.67792,51.43808],[28.69115,51.44342],[28.70396,51.44262],[28.7111,51.43025],[28.71823,51.41162],[28.72877,51.40126],[28.74675,51.41399],[28.75161,51.42875],[28.74944,51.46686],[28.75223,51.48371],[28.77187,51.51128],[28.79988,51.53262],[28.83191,51.54828],[28.86364,51.55892],[28.89289,51.56287],[28.95459,51.56326],[28.98085,51.56946],[28.99997,51.58241],[29.02363,51.61403],[29.04358,51.62618],[29.06322,51.6306],[29.08368,51.63122],[29.12389,51.62504],[29.14797,51.61564],[29.16042,51.60331],[29.18145,51.56701],[29.21484,51.53546],[29.22651,51.51905],[29.23044,51.49288],[29.22104,51.46696],[29.22776,51.45562],[29.2444,51.44789],[29.26486,51.43291],[29.27613,51.41358],[29.2846,51.39175],[29.297,51.37371],[29.31995,51.36557],[29.34057,51.3701],[29.35326,51.37705],[29.354,51.37537],[29.35958,51.36777],[29.36206,51.36539],[29.36578,51.36301],[29.37044,51.36242],[29.37478,51.36348],[29.38268,51.36697],[29.38609,51.36751],[29.38857,51.36658],[29.39012,51.36508],[29.39136,51.36211],[29.39183,51.35433],[29.38919,51.31746],[29.38718,51.30596],[29.3847,51.29816],[29.37478,51.2848],[29.36222,51.27382],[29.34945,51.26597],[29.31814,51.25124],[29.29933,51.24519],[29.28863,51.24341],[29.27638,51.24282],[29.27173,51.24106],[29.27049,51.23687],[29.28925,51.19357],[29.3,51.14197],[29.30496,51.12781],[29.30868,51.12132],[29.31085,51.11874],[29.31318,51.11709],[29.31612,51.11781],[29.31907,51.12008],[29.33907,51.1415],[29.34248,51.14375],[29.34697,51.14478],[29.35214,51.14422],[29.36284,51.14163],[29.38113,51.13419],[29.41234,51.11636],[29.41839,51.1112],[29.42072,51.1084],[29.42258,51.10551],[29.42444,51.10205],[29.42723,51.09507],[29.42924,51.092],[29.43296,51.08967],[29.43808,51.0881],[29.46211,51.08319],[29.47208,51.07941],[29.47611,51.07722],[29.48294,51.07234],[29.48541,51.06949],[29.48758,51.06655],[29.48914,51.06329],[29.48976,51.05911],[29.48898,51.05445],[29.48495,51.04794],[29.47177,51.03487],[29.46645,51.02851],[29.46459,51.02417],[29.46356,51.01937],[29.46294,51.01317],[29.46325,51.00619],[29.46635,50.98345],[29.46604,50.97596],[29.46201,50.96971],[29.4573,50.9695],[29.45296,50.97064],[29.44924,50.97301],[29.44118,50.9773],[29.43606,50.97885],[29.42971,50.97973],[29.39819,50.97942],[29.39384,50.97632],[29.39307,50.97012],[29.39757,50.95658],[29.40315,50.95183],[29.40909,50.94955],[29.41467,50.94904],[29.41917,50.94754],[29.42258,50.94511],[29.47813,50.89005],[29.50231,50.87258],[29.5051,50.87025],[29.50696,50.8656],[29.50758,50.85889],[29.48852,50.78874],[29.48852,50.7845],[29.48991,50.78083],[29.49487,50.77832],[29.49906,50.77755],[29.53616,50.78083],[29.54934,50.77956],[29.56019,50.77669],[29.56748,50.7721],[29.57027,50.76931],[29.57213,50.76615],[29.57507,50.75938],[29.57848,50.74527],[29.59233,50.71109],[29.59249,50.70647],[29.59094,50.70078],[29.58474,50.69158],[29.57993,50.68698],[29.57507,50.68373],[29.54391,50.67241],[29.54035,50.67003],[29.5374,50.66714],[29.52794,50.65355],[29.49983,50.62642],[29.49038,50.61521],[29.48076,50.60169],[29.47937,50.59789],[29.47937,50.59376],[29.48371,50.58846],[29.48774,50.58513],[29.49224,50.58242],[29.5096,50.57443],[29.51239,50.57133],[29.51317,50.56735],[29.50851,50.55596],[29.49859,50.53717],[29.49658,50.53438],[29.49332,50.53196],[29.48867,50.53056],[29.47704,50.52963],[29.47348,50.5271],[29.47317,50.52234],[29.47735,50.51506],[29.48278,50.51165],[29.49348,50.50751],[29.49658,50.50503],[29.49859,50.50265],[29.49968,50.50074],[29.50014,50.4995],[29.49999,50.49661],[29.4989,50.4917],[29.48991,50.47216],[29.48758,50.46875],[29.48464,50.46586],[29.48107,50.46354],[29.47658,50.46204],[29.471,50.4618],[29.45312,50.46436],[29.448,50.46426],[29.44413,50.46258],[29.44226,50.45956],[29.44289,50.45609],[29.44723,50.45258],[29.46242,50.44671],[29.46604,50.44452],[29.46676,50.44129],[29.46366,50.43721],[29.46056,50.43398],[29.45606,50.43186],[29.45079,50.43093],[29.42831,50.42932],[29.42568,50.42638],[29.42614,50.42199],[29.43265,50.41436],[29.43886,50.41181],[29.4449,50.41111],[29.45017,50.41201],[29.48867,50.42235],[29.4941,50.4232],[29.53663,50.42421],[29.54236,50.4232],[29.54717,50.42157],[29.55507,50.41718],[29.56732,50.4069],[29.56965,50.40405],[29.57244,50.40137],[29.57497,50.3985],[29.57755,50.39594],[29.58117,50.39132],[29.58768,50.36359],[29.60071,50.34266],[29.60365,50.32693],[29.6083,50.32148],[29.61326,50.31894],[29.6252,50.31946],[29.63171,50.31894],[29.63781,50.31788],[29.64215,50.31589],[29.64541,50.31347],[29.64789,50.31052],[29.65982,50.29205],[29.6685,50.28158],[29.67145,50.27905],[29.67502,50.27667],[29.67998,50.27502],[29.69145,50.27244],[29.69491,50.26685],[29.69646,50.25776],[29.69114,50.21838],[29.69243,50.20691],[29.69243,50.20278],[29.69176,50.19851],[29.69114,50.18562],[29.69145,50.18216],[29.6929,50.1789],[29.69491,50.1757],[29.6977,50.17306],[29.70127,50.17074],[29.7053,50.16857],[29.71925,50.16324],[29.72328,50.16112],[29.72561,50.15632],[29.72731,50.14968],[29.72731,50.13627],[29.7315,50.13087],[29.73413,50.12583],[29.73444,50.12149],[29.72561,50.11136],[29.7191,50.10704],[29.71289,50.10407],[29.67936,50.09875],[29.67688,50.09803],[29.67393,50.09679],[29.67114,50.09394],[29.66928,50.08978],[29.66913,50.08291],[29.67083,50.07384],[29.68447,50.03684],[29.6837,50.03441],[29.68122,50.03131],[29.67517,50.02682],[29.67191,50.02263],[29.67191,50.01628],[29.67378,50.01219],[29.6761,50.00852],[29.73351,49.94744],[29.73537,49.94426],[29.7363,49.94083],[29.7332,49.9353],[29.72747,49.92879],[29.70514,49.91292],[29.69832,49.90941],[29.67114,49.90037],[29.66664,49.89752],[29.66122,49.89261],[29.65486,49.8829],[29.63874,49.86869],[29.63388,49.86543],[29.63006,49.86347],[29.62535,49.86197],[29.61047,49.85853],[29.60629,49.85675],[29.59435,49.84926],[29.58753,49.84595],[29.55507,49.83618],[29.51875,49.81846],[29.51394,49.81743],[29.50882,49.81712],[29.50014,49.8181],[29.4958,49.81712],[29.49038,49.81458],[29.48355,49.80766],[29.47813,49.80435],[29.47208,49.80275],[29.45978,49.80352],[29.45451,49.80342],[29.44971,49.80233],[29.44196,49.79836],[29.43901,49.79507],[29.43746,49.79084],[29.4404,49.78218],[29.44335,49.77743],[29.44862,49.7705],[29.4494,49.76531],[29.44909,49.75856],[29.44521,49.74549],[29.44242,49.73867],[29.43963,49.73327],[29.43203,49.72376],[29.42661,49.71818],[29.41948,49.71242],[29.41839,49.71012],[29.41932,49.70808],[29.43265,49.70663],[29.44521,49.70684],[29.4679,49.70952],[29.47332,49.70963],[29.47844,49.70896],[29.48154,49.70673],[29.48278,49.70265],[29.48309,49.69743],[29.48216,49.6894],[29.48092,49.68397],[29.47797,49.67927],[29.47379,49.67568],[29.45854,49.67097],[29.45327,49.66792],[29.45002,49.66544],[29.44723,49.65087],[29.42227,49.65129],[29.41167,49.64798],[29.40826,49.64545],[29.40516,49.64271],[29.37276,49.62286],[29.36268,49.61891],[29.3538,49.61713],[29.33705,49.6178],[29.29395,49.6147],[29.28181,49.61165],[29.27421,49.60824],[29.27266,49.60431],[29.27158,49.60025],[29.27065,49.59129],[29.26863,49.58622],[29.26429,49.58454],[29.25887,49.58454],[29.23887,49.58679],[29.13241,49.58201],[29.06084,49.58933],[29.02301,49.58736],[29.00203,49.59046],[28.99289,49.59325],[28.98684,49.59584],[28.98266,49.59832],[28.98002,49.60095],[28.97878,49.60382],[28.98002,49.60692],[28.98281,49.60963],[28.99258,49.61723],[28.99537,49.62012],[28.99723,49.62312],[28.99723,49.62617],[28.99568,49.62912],[28.98219,49.64286],[28.98049,49.64601],[28.97924,49.64937],[28.97831,49.65296],[28.97614,49.65749],[28.9718,49.66216],[28.95299,49.67118],[28.9485,49.67382],[28.94757,49.67557],[28.94741,49.67847],[28.94865,49.68183],[28.95067,49.68534],[28.95609,49.69133],[29.0042,49.73092],[29.00451,49.7342],[29.00203,49.73831],[28.97351,49.75216],[28.97025,49.75417],[28.96731,49.75665],[28.95909,49.76472],[28.9423,49.78797],[28.94137,49.78988],[28.94044,49.79267],[28.94012,49.79624],[28.9409,49.80456],[28.94044,49.80843],[28.9392,49.81189],[28.93764,49.8152],[28.93641,49.81861],[28.9361,49.82218],[28.93702,49.82574],[28.93966,49.83114],[28.93718,49.8353],[28.93222,49.84065],[28.91532,49.85091],[28.91005,49.85652],[28.9085,49.86114],[28.91021,49.86476],[28.91129,49.86835],[28.90958,49.87238],[28.90504,49.87453],[28.89915,49.87587],[28.83538,49.8814],[28.82825,49.88057],[28.82406,49.87783],[28.82065,49.87024],[28.81646,49.863],[28.81398,49.85975],[28.81104,49.8568],[28.80329,49.85233],[28.79455,49.849],[28.77037,49.8428],[28.7575,49.83724],[28.75393,49.83489],[28.75099,49.83208],[28.73905,49.81649],[28.73047,49.80236],[28.72815,49.79918],[28.72536,49.79681],[28.72288,49.7952],[28.72024,49.79396],[28.71047,49.79355],[28.63461,49.80115],[28.6295,49.80104],[28.62495,49.80001],[28.60728,49.7935],[28.59224,49.78962],[28.571,49.78665],[28.56635,49.78797],[28.56273,49.79019],[28.55994,49.79277],[28.55405,49.79624],[28.52847,49.80577],[28.51901,49.8073],[28.43085,49.80776],[28.42016,49.80657],[28.41675,49.80414],[28.39799,49.78285],[28.39251,49.77851],[28.3905,49.77714],[28.37422,49.77327],[28.35344,49.77148],[28.34207,49.77159],[28.33339,49.77252],[28.28595,49.78663],[28.27536,49.78818],[28.26745,49.78823],[28.24916,49.78239],[28.23908,49.78017],[28.14286,49.77831],[28.05811,49.7627],[28.0254,49.76037],[27.95683,49.76722],[27.86805,49.76006],[27.66072,49.79895],[27.65436,49.80394],[27.65157,49.80662],[27.64925,49.80952],[27.64754,49.81282],[27.64553,49.81996],[27.64227,49.82657],[27.63173,49.83773],[27.60424,49.86078],[27.59912,49.86647],[27.59773,49.86972],[27.59742,49.87318],[27.5985,49.87675],[27.60005,49.88021],[27.60098,49.88409],[27.60052,49.88747],[27.59742,49.89282],[27.59323,49.89571],[27.58811,49.89794],[27.55117,49.90667],[27.5445,49.91083],[27.54093,49.91509],[27.54404,49.93711],[27.54558,49.94098],[27.54869,49.94362],[27.55365,49.94473],[27.57153,49.94579],[27.57664,49.94672],[27.58005,49.94848],[27.58083,49.95145],[27.58021,49.95483],[27.57881,49.95827],[27.57509,49.9646],[27.54698,49.9978],[27.5445,50.00323],[27.54388,50.00708],[27.54776,50.00754],[27.59773,50.00274],[27.60393,50.00292],[27.60935,50.00367],[27.61437,50.00485],[27.61855,50.00666],[27.62227,50.00883],[27.62832,50.01431],[27.63173,50.01684],[27.63545,50.01896],[27.64026,50.02036],[27.657,50.02248],[27.66041,50.0248],[27.66243,50.02826],[27.66367,50.03255],[27.66475,50.04397],[27.6632,50.05291],[27.66056,50.05769],[27.657,50.06116],[27.6525,50.06294],[27.63343,50.06795],[27.62584,50.07214],[27.62243,50.0757],[27.62119,50.07935],[27.6215,50.08196],[27.62212,50.08501],[27.62351,50.08849],[27.62723,50.09488],[27.63312,50.10172],[27.6463,50.11224],[27.64785,50.11671],[27.6463,50.11978],[27.64212,50.12278],[27.62971,50.13002],[27.62723,50.13394],[27.62723,50.13787],[27.62956,50.14079],[27.63359,50.14288],[27.64289,50.14583],[27.64692,50.14857],[27.64956,50.15265],[27.64971,50.16056],[27.64816,50.16521],[27.64599,50.16911],[27.63452,50.17978],[27.61824,50.19141],[27.61106,50.19761],[27.6078,50.20216],[27.60594,50.20665],[27.60594,50.21079],[27.60935,50.2343],[27.6092,50.24024],[27.60749,50.24934],[27.60408,50.25383],[27.59866,50.25636],[27.59246,50.25688],[27.58672,50.25636],[27.58253,50.25456],[27.57974,50.25158],[27.57494,50.24494],[27.57199,50.2421],[27.56843,50.23975],[27.56548,50.23699],[27.55938,50.22613],[27.55711,50.22293],[27.55401,50.22035],[27.54993,50.21838],[27.54434,50.21768],[27.49965,50.22055],[27.49484,50.22153],[27.48848,50.22376],[27.48647,50.22794],[27.48569,50.2405],[27.48352,50.24468],[27.48058,50.24794],[27.47655,50.24996],[27.47189,50.25176],[27.45205,50.25554],[27.44259,50.25936],[27.43727,50.26404],[27.43169,50.27176],[27.42626,50.27466],[27.42084,50.27556],[27.4103,50.27383],[27.40363,50.27471],[27.40006,50.27698],[27.39836,50.2799],[27.39944,50.28308],[27.40564,50.28892],[27.40844,50.29282],[27.40704,50.29574],[27.40378,50.29817],[27.39448,50.30179],[27.36156,50.31807],[27.31935,50.33414],[27.30818,50.34034],[27.30276,50.34452],[27.29904,50.34915],[27.29516,50.3607],[27.29222,50.36473],[27.28865,50.36788],[27.27919,50.37134],[27.25155,50.3745],[27.24379,50.3761],[27.23496,50.37972],[27.23062,50.38313],[27.22829,50.38685],[27.22814,50.39077],[27.22891,50.39488],[27.24845,50.44129],[27.25062,50.44485],[27.2531,50.44803],[27.25604,50.45093],[27.2593,50.45351],[27.26658,50.45808],[27.27454,50.46211],[27.29718,50.46992],[27.30121,50.47211],[27.304,50.47457],[27.30462,50.47798],[27.3009,50.47981],[27.29563,50.48131],[27.27589,50.48439],[27.26891,50.48643],[27.26038,50.49015],[27.25558,50.4949],[27.25139,50.50056],[27.24581,50.50984],[27.23961,50.51371],[27.22504,50.52059],[27.2115,50.5326],[27.20638,50.53609],[27.19227,50.5412],[27.22752,50.56761],[27.23558,50.58301],[27.23341,50.5866],[27.23015,50.58911],[27.22612,50.59125],[27.20685,50.59795],[27.20157,50.60092],[27.19692,50.60523],[27.19258,50.61376],[27.19243,50.61849],[27.19351,50.62203],[27.19522,50.62378],[27.20204,50.63412],[27.2115,50.65288],[27.21522,50.65748],[27.23527,50.67272],[27.24348,50.68176],[27.26643,50.72016],[27.27015,50.73008],[27.2717,50.73737],[27.27061,50.74083],[27.26751,50.74755],[27.26348,50.75385],[27.261,50.75682],[27.241,50.776],[27.23124,50.7877],[27.22922,50.79078],[27.22721,50.79545],[27.22535,50.80145],[27.22328,50.8123],[27.22318,50.81907],[27.22411,50.82452],[27.23868,50.87281],[27.24023,50.88325],[27.23992,50.89038],[27.23527,50.89632],[27.22235,50.90707],[27.21915,50.91064],[27.21599,50.91591],[27.2179,50.91891],[27.22814,50.92211],[27.23279,50.92485],[27.23666,50.93069],[27.23635,50.93451],[27.23387,50.93777],[27.22628,50.94227],[27.22266,50.94568],[27.21976,50.95043],[27.21832,50.95978],[27.21692,50.96531],[27.21491,50.96968],[27.20437,50.98175],[27.19816,50.99089],[27.19879,50.99404],[27.19972,50.99591],[27.20576,50.99986],[27.20654,51.0005],[27.21646,51.02071],[27.21976,51.02479],[27.22318,51.02722],[27.22752,51.029],[27.23232,51.0304],[27.27124,51.03606],[27.29454,51.04366],[27.29966,51.0472],[27.30508,51.05249],[27.3164,51.07073],[27.32028,51.07533],[27.32369,51.07786],[27.33469,51.08458],[27.33893,51.08794],[27.34343,51.09228],[27.34963,51.09983],[27.35211,51.10724],[27.35459,51.12928],[27.35614,51.13657],[27.35816,51.14197],[27.36063,51.14491],[27.36901,51.15238],[27.37226,51.15486],[27.37614,51.15706],[27.38048,51.16127],[27.38482,51.16742],[27.39758,51.19217],[27.40037,51.19514],[27.40363,51.19775],[27.40735,51.19998],[27.42983,51.20837],[27.43526,51.21186],[27.44084,51.21698],[27.4491,51.22793],[27.45236,51.23465],[27.45376,51.24031],[27.45376,51.24437],[27.45267,51.25108],[27.4519,51.25307],[27.45034,51.25563],[27.4182,51.29772],[27.41665,51.30214],[27.41836,51.30524],[27.42208,51.30731],[27.47794,51.31529],[27.48275,51.31676],[27.48678,51.31868],[27.49685,51.3256],[27.50026,51.32896],[27.50357,51.33289],[27.50946,51.34209],[27.51132,51.34782],[27.51132,51.35268],[27.509,51.35563],[27.50621,51.35824],[27.49034,51.36712],[27.48833,51.37531],[27.48864,51.38818],[27.49892,51.43236],[27.50212,51.44022],[27.50543,51.44208],[27.50993,51.44306],[27.51551,51.4426],[27.52001,51.44105],[27.52357,51.4387],[27.52683,51.43619],[27.5321,51.43066],[27.53613,51.42438],[27.53799,51.421],[27.54078,51.4181],[27.54388,51.41547],[27.58362,51.39371],[27.58858,51.39198],[27.59385,51.39113],[27.60021,51.39185],[27.60284,51.39498],[27.60424,51.39885],[27.60362,51.40265],[27.60207,51.40598],[27.5999,51.40906],[27.59416,51.41448],[27.57943,51.42374],[27.5768,51.42937],[27.57571,51.43795],[27.57959,51.45735],[27.58253,51.46626],[27.58594,51.47228],[27.58951,51.47427],[27.59866,51.4773],[27.60935,51.47931],[27.63312,51.48673],[27.66615,51.49019],[27.67033,51.48482],[27.68377,51.47552],[27.70004,51.46753],[27.71426,51.46371],[27.73012,51.46515],[27.74056,51.47141],[27.78733,51.51091],[27.79255,51.5173],[27.79715,51.5306],[27.79627,51.54153],[27.79374,51.55231],[27.79322,51.56502],[27.79952,51.5852],[27.81255,51.60202],[27.83125,51.61292],[27.8542,51.61533],[27.87559,51.60804],[27.93605,51.56701],[27.95476,51.56078],[27.97315,51.55781],[28.07082,51.55763],[28.09015,51.56205],[28.11423,51.57561],[28.14669,51.6144],[28.16622,51.6331],[28.18761,51.6452],[28.21004,51.65196]]]}},{"type":"Feature","properties":{"name":"Kyiv","country_iso_a3":"UKR","type":"Oblast'"},"geometry":{"type":"Polygon","coordinates":[[[29.6608,51.49314],[29.68272,51.4912],[29.69997,51.48371],[29.71651,51.46567],[29.7253,51.45045],[29.73791,51.4395],[29.82865,51.42996],[29.84663,51.43291],[29.85676,51.43986],[29.87361,51.45919],[29.88627,51.46479],[29.89655,51.4642],[29.91257,51.45743],[29.92508,51.45787],[29.98575,51.47787],[30.00869,51.48208],[30.14863,51.48443],[30.17731,51.4795],[30.20537,51.4665],[30.24278,51.43441],[30.25689,51.42505],[30.30738,51.4096],[30.32019,51.40208],[30.32619,51.39526],[30.32903,51.38862],[30.33012,51.38072],[30.33001,51.37035],[30.32826,51.36247],[30.31988,51.3416],[30.31709,51.34059],[30.32454,51.32997],[30.35513,51.30527],[30.36846,51.29767],[30.38376,51.29392],[30.41352,51.29405],[30.4281,51.29175],[30.44277,51.28305],[30.46504,51.26194],[30.4807,51.25886],[30.49466,51.25992],[30.50809,51.25767],[30.5208,51.2524],[30.53202,51.24462],[30.53961,51.23517],[30.55067,51.2368],[30.55466,51.24251],[30.55718,51.23512],[30.55641,51.2317],[30.55377,51.22912],[30.54959,51.22736],[30.54416,51.22664],[30.52478,51.22773],[30.51962,51.2268],[30.5159,51.22476],[30.51481,51.22034],[30.51636,51.21465],[30.52788,51.19476],[30.53036,51.18783],[30.5314,51.18029],[30.53078,51.17212],[30.51279,51.11675],[30.51124,51.10804],[30.50814,51.04675],[30.51233,51.01668],[30.51357,51.01317],[30.51667,51.01022],[30.52148,51.0081],[30.53238,51.00831],[30.53812,51.0103],[30.54308,51.01291],[30.54664,51.01531],[30.55098,51.01668],[30.55579,51.01717],[30.56106,51.01575],[30.56773,51.01317],[30.57951,51.00704],[30.59196,51.00469],[30.60049,51.00417],[30.60684,51.00487],[30.6146,51.00366],[30.62467,51.00022],[30.64907,50.98557],[30.65418,50.98133],[30.65666,50.97839],[30.65883,50.97523],[30.66038,50.97193],[30.66286,50.965],[30.66348,50.96131],[30.66395,50.95746],[30.66317,50.94916],[30.65883,50.93141],[30.65263,50.91467],[30.65154,50.91041],[30.65108,50.90625],[30.65108,50.90216],[30.6517,50.89839],[30.65294,50.89501],[30.65511,50.89198],[30.66147,50.88873],[30.67154,50.88527],[30.7257,50.8724],[30.73469,50.86901],[30.7673,50.85302],[30.77598,50.84741],[30.78017,50.84356],[30.78001,50.84036],[30.77474,50.81938],[30.77149,50.81116],[30.76528,50.79992],[30.75567,50.78615],[30.74182,50.77065],[30.7395,50.76726],[30.73795,50.76383],[30.73764,50.76021],[30.74089,50.75737],[30.74648,50.75566],[30.75769,50.75556],[30.78652,50.76073],[30.79397,50.75964],[30.80249,50.75711],[30.81386,50.75093],[30.81929,50.74667],[30.82595,50.74011],[30.83045,50.73814],[30.83634,50.73701],[30.84533,50.73786],[30.8506,50.74006],[30.85448,50.74295],[30.86254,50.75241],[30.86657,50.75442],[30.87174,50.7553],[30.91918,50.74698],[30.93086,50.74646],[30.93876,50.74747],[30.9538,50.75628],[30.96341,50.75884],[30.97571,50.75923],[31.02987,50.75582],[31.04181,50.75644],[31.05235,50.75814],[31.057,50.75959],[31.06878,50.76569],[31.07312,50.76739],[31.07777,50.76868],[31.08366,50.76874],[31.0894,50.76729],[31.09457,50.7646],[31.09767,50.75902],[31.10139,50.75458],[31.10573,50.75031],[31.11364,50.74538],[31.11472,50.74158],[31.11395,50.73799],[31.11193,50.73427],[31.11054,50.73052],[31.11007,50.72696],[31.11317,50.72367],[31.11922,50.72109],[31.13271,50.71928],[31.14888,50.71887],[31.15446,50.71791],[31.15849,50.71546],[31.15973,50.71034],[31.15911,50.70197],[31.16066,50.69933],[31.16221,50.69784],[31.18516,50.68564],[31.19926,50.67613],[31.20521,50.67078],[31.20955,50.66481],[31.21296,50.65877],[31.21823,50.64533],[31.22102,50.63469],[31.22102,50.63092],[31.22024,50.62683],[31.21854,50.62288],[31.21404,50.61572],[31.21141,50.61252],[31.20831,50.60968],[31.20443,50.60776],[31.19957,50.60694],[31.18934,50.60714],[31.18562,50.60606],[31.18283,50.60337],[31.17973,50.59531],[31.17911,50.59123],[31.17988,50.58766],[31.18252,50.58487],[31.18562,50.58229],[31.21451,50.56358],[31.21962,50.56154],[31.22598,50.55999],[31.24567,50.5603],[31.25296,50.55976],[31.25838,50.55774],[31.262,50.55239],[31.26293,50.54761],[31.26153,50.53836],[31.26138,50.53428],[31.26293,50.53097],[31.26525,50.52813],[31.2682,50.52547],[31.27146,50.52302],[31.27518,50.52077],[31.2806,50.51919],[31.28711,50.5181],[31.29812,50.51769],[31.30634,50.51612],[31.31585,50.51165],[31.32143,50.50984],[31.32825,50.50844],[31.33926,50.50979],[31.34577,50.51144],[31.35088,50.51376],[31.36406,50.5141],[31.38442,50.5127],[31.46292,50.50023],[31.47346,50.50601],[31.48338,50.51379],[31.48746,50.51593],[31.4918,50.51733],[31.49661,50.5179],[31.50049,50.51795],[31.56131,50.50911],[31.5672,50.50911],[31.57216,50.51015],[31.5765,50.5118],[31.58425,50.51609],[31.5889,50.51749],[31.59448,50.5179],[31.60771,50.51728],[31.61345,50.51764],[31.61826,50.51893],[31.62198,50.52121],[31.63159,50.52934],[31.63531,50.5318],[31.63934,50.53366],[31.64446,50.53462],[31.65583,50.53562],[31.66063,50.53697],[31.66435,50.53919],[31.67086,50.54456],[31.67799,50.54937],[31.68187,50.55139],[31.68652,50.55283],[31.69179,50.55366],[31.69784,50.55394],[31.73773,50.55154],[31.74347,50.55201],[31.74843,50.55319],[31.7523,50.55536],[31.75556,50.55795],[31.76161,50.56368],[31.76429,50.56702],[31.7674,50.56983],[31.77158,50.57169],[31.78042,50.57454],[31.78336,50.57645],[31.78445,50.57934],[31.78398,50.58255],[31.78321,50.5859],[31.78352,50.58942],[31.78522,50.59234],[31.79127,50.59717],[31.79313,50.6003],[31.79375,50.60384],[31.7939,50.60764],[31.79468,50.61128],[31.79669,50.61422],[31.80026,50.61634],[31.8046,50.61784],[31.82496,50.62203],[31.84744,50.62394],[31.85628,50.62136],[31.86713,50.61647],[31.89602,50.59877],[31.90889,50.59283],[31.94413,50.56177],[31.95389,50.55454],[31.96196,50.55009],[31.96785,50.54896],[31.98009,50.54797],[32.02247,50.54823],[32.02836,50.54508],[32.03255,50.53929],[32.03518,50.52516],[32.03394,50.51154],[32.03286,50.50782],[32.03084,50.50441],[32.02821,50.50209],[32.02402,50.50023],[32.0234,50.50012],[32.02185,50.50017],[32.00092,50.5025],[31.99782,50.50227],[31.99487,50.50136],[31.99301,50.50043],[31.99177,50.49961],[31.98072,50.49005],[31.97498,50.48384],[31.97296,50.47992],[31.97358,50.47534],[31.9773,50.46992],[32.00108,50.45697],[32.00449,50.45459],[32.00759,50.45105],[32.00991,50.44452],[32.01022,50.43956],[32.00991,50.43511],[32.01022,50.4315],[32.01115,50.42809],[32.01317,50.42529],[32.01534,50.42281],[32.02014,50.41976],[32.02712,50.41625],[32.04252,50.4115],[32.05136,50.41041],[32.0588,50.41028],[32.07012,50.41124],[32.08205,50.41036],[32.08655,50.4084],[32.08949,50.40576],[32.08949,50.40101],[32.08701,50.39801],[32.08345,50.39537],[32.07942,50.39346],[32.07213,50.38886],[32.06903,50.38628],[32.0667,50.38349],[32.07275,50.37801],[32.0788,50.37388],[32.13916,50.3501],[32.11435,50.30605],[32.09895,50.2913],[32.09492,50.28856],[32.09337,50.28554],[32.09523,50.28161],[32.09802,50.27864],[32.10019,50.27549],[32.10102,50.27231],[32.09802,50.2667],[32.09575,50.26344],[32.0695,50.23869],[32.05663,50.24195],[32.04779,50.24593],[32.03782,50.24929],[32.03177,50.25058],[32.01921,50.25145],[32.01363,50.25094],[32.00433,50.24892],[31.99937,50.24655],[31.99425,50.24314],[31.98351,50.23461],[31.97855,50.22923],[31.97513,50.22407],[31.97389,50.22009],[31.97327,50.21606],[31.97358,50.21249],[31.97436,50.20954],[31.97544,50.20758],[31.97715,50.20536],[31.98242,50.20045],[31.98588,50.19802],[31.99162,50.19278],[31.99394,50.18983],[31.99534,50.1865],[31.99565,50.1828],[31.99503,50.17906],[31.99301,50.17554],[31.98754,50.16929],[31.98134,50.16386],[31.95994,50.14965],[31.95436,50.14753],[31.94769,50.14567],[31.9356,50.14454],[31.92842,50.14534],[31.9185,50.14789],[31.91431,50.14728],[31.90997,50.14149],[31.90485,50.13226],[31.90005,50.12542],[31.89323,50.12113],[31.86201,50.10583],[31.85349,50.09999],[31.84961,50.09498],[31.8507,50.09162],[31.85814,50.07911],[31.85938,50.07578],[31.86,50.07209],[31.86046,50.06423],[31.86217,50.05694],[31.86434,50.05002],[31.87116,50.03741],[31.87385,50.03077],[31.87333,50.02702],[31.87199,50.02346],[31.86635,50.02023],[31.85798,50.01739],[31.81938,50.00966],[31.81437,50.00801],[31.81003,50.00563],[31.80662,50.00137],[31.80584,49.99824],[31.80677,49.99488],[31.80786,49.99163],[31.80941,49.98444],[31.80972,49.9768],[31.80925,49.96863],[31.80677,49.96021],[31.80243,49.95297],[31.79266,49.93946],[31.76724,49.91781],[31.76491,49.91483],[31.76378,49.91148],[31.76502,49.9007],[31.7644,49.89695],[31.76274,49.89344],[31.75975,49.89065],[31.74207,49.87897],[31.73122,49.8674],[31.72145,49.85373],[31.71665,49.84853],[31.71339,49.8475],[31.70745,49.84667],[31.61314,49.85815],[31.60864,49.86011],[31.60616,49.86295],[31.60539,49.86647],[31.60663,49.88677],[31.60601,49.89044],[31.60446,49.89365],[31.6012,49.89613],[31.59655,49.89763],[31.59108,49.89732],[31.58642,49.89561],[31.58317,49.89111],[31.58193,49.88776],[31.58069,49.88112],[31.57821,49.87272],[31.57635,49.86879],[31.57387,49.86543],[31.57092,49.86269],[31.56534,49.86055],[31.55805,49.859],[31.54503,49.85861],[31.53775,49.8598],[31.53242,49.86187],[31.52855,49.86411],[31.52452,49.86603],[31.5194,49.86647],[31.51428,49.8646],[31.50917,49.85918],[31.50653,49.85427],[31.5039,49.84546],[31.50219,49.84207],[31.49971,49.84034],[31.49692,49.84003],[31.4918,49.84171],[31.48855,49.84425],[31.48328,49.84931],[31.47594,49.85466],[31.47361,49.85737],[31.47222,49.86068],[31.47113,49.86817],[31.47005,49.87158],[31.46803,49.87463],[31.46462,49.87706],[31.46059,49.87923],[31.45703,49.88155],[31.45439,49.88429],[31.45222,49.88714],[31.45051,49.89034],[31.44928,49.8938],[31.4485,49.89742],[31.4471,49.9007],[31.44447,49.90321],[31.44075,49.90491],[31.43517,49.90582],[31.43021,49.9061],[31.42261,49.90507],[31.40504,49.90088],[31.39403,49.89975],[31.35724,49.89985],[31.34592,49.89887],[31.336,49.89675],[31.2589,49.86171],[31.22366,49.85908],[31.21776,49.85714],[31.21203,49.85396],[31.20453,49.84732],[31.19508,49.83469],[31.19182,49.83192],[31.1819,49.8245],[31.17957,49.82146],[31.17864,49.81825],[31.18051,49.81544],[31.18392,49.81308],[31.19244,49.80916],[31.19616,49.80701],[31.19885,49.80435],[31.19833,49.80089],[31.19678,49.79737],[31.18516,49.78249],[31.18423,49.78061],[31.18283,49.77727],[31.18206,49.77381],[31.18237,49.77019],[31.18485,49.76753],[31.18841,49.76513],[31.19229,49.76301],[31.19539,49.76048],[31.19709,49.75727],[31.19694,49.75345],[31.1881,49.71764],[31.18593,49.71407],[31.17198,49.69893],[31.16981,49.69552],[31.16888,49.69195],[31.1695,49.68865],[31.17353,49.68257],[31.17508,49.6794],[31.17554,49.6757],[31.17461,49.67175],[31.17275,49.66808],[31.16252,49.65501],[31.15028,49.63268],[31.14697,49.62922],[31.13472,49.62198],[31.13069,49.61837],[31.12821,49.61444],[31.12743,49.60274],[31.12805,49.59901],[31.12976,49.59578],[31.13286,49.59338],[31.13767,49.59175],[31.14935,49.58979],[31.15384,49.58793],[31.15679,49.58519],[31.15803,49.58186],[31.15865,49.57816],[31.15896,49.57434],[31.15787,49.56225],[31.15694,49.55868],[31.15586,49.55638],[31.15012,49.55253],[31.11906,49.53842],[31.10992,49.53269],[31.10402,49.5277],[31.08754,49.50117],[31.08335,49.496],[31.08056,49.49334],[31.07731,49.4907],[31.03462,49.4715],[31.02873,49.46765],[31.02284,49.46205],[30.99819,49.44691],[30.98796,49.43921],[30.97881,49.43089],[30.97385,49.42763],[30.95597,49.41853],[30.95039,49.4143],[30.9462,49.41047],[30.92228,49.38208],[30.92042,49.37854],[30.91918,49.37445],[30.91876,49.37047],[30.91949,49.35895],[30.91918,49.35456],[30.9153,49.35035],[30.90802,49.34614],[30.89437,49.34769],[30.88833,49.35017],[30.88414,49.35345],[30.88197,49.35647],[30.87949,49.35926],[30.87484,49.36091],[30.86817,49.36063],[30.85851,49.35673],[30.84828,49.3496],[30.84239,49.34758],[30.832,49.34717],[30.8165,49.35187],[30.81024,49.35244],[30.8011,49.34872],[30.79583,49.34557],[30.78482,49.33699],[30.7811,49.33513],[30.74834,49.32872],[30.73004,49.32159],[30.72539,49.32079],[30.72028,49.32107],[30.715,49.32366],[30.71159,49.32652],[30.69185,49.34942],[30.6886,49.35187],[30.68457,49.35383],[30.67821,49.35438],[30.66922,49.35363],[30.65465,49.35058],[30.6424,49.35161],[30.63522,49.35327],[30.62715,49.35797],[30.62343,49.35911],[30.6194,49.35854],[30.61522,49.35487],[30.60219,49.33776],[30.59646,49.33185],[30.59274,49.32993],[30.58793,49.3296],[30.55998,49.34004],[30.55532,49.34097],[30.55021,49.34066],[30.53905,49.33384],[30.53393,49.33192],[30.50101,49.32412],[30.49822,49.32386],[30.49419,49.32407],[30.48938,49.32691],[30.48613,49.32975],[30.48365,49.33311],[30.47853,49.33875],[30.47528,49.34112],[30.46747,49.34551],[30.46298,49.34738],[30.45786,49.34887],[30.45213,49.35001],[30.44499,49.35001],[30.43771,49.34851],[30.42794,49.34396],[30.42314,49.34004],[30.41988,49.33595],[30.41719,49.32784],[30.41626,49.31968],[30.41657,49.3119],[30.41616,49.308],[30.41461,49.30423],[30.40882,49.29317],[30.38991,49.2386],[30.38727,49.23503],[30.382,49.23296],[30.37332,49.23302],[30.36324,49.23661],[30.35952,49.24061],[30.35797,49.24475],[30.35838,49.24888],[30.35838,49.25245],[30.35735,49.25513],[30.3542,49.25673],[30.34955,49.25805],[30.17421,49.28247],[30.16925,49.28412],[30.16584,49.2865],[30.16444,49.2896],[30.16444,49.29327],[30.16615,49.29689],[30.1708,49.30361],[30.18196,49.31534],[30.18336,49.31854],[30.18289,49.32149],[30.17917,49.3234],[30.15762,49.32908],[30.15189,49.32955],[30.14646,49.32862],[30.13587,49.31926],[30.1292,49.31435],[30.11494,49.30898],[30.10843,49.30495],[30.1044,49.30128],[30.10409,49.29828],[30.10486,49.29648],[30.10672,49.29402],[30.11385,49.28573],[30.11571,49.28263],[30.11695,49.27942],[30.11571,49.27668],[30.11153,49.27498],[30.10269,49.27601],[30.09788,49.27725],[30.08827,49.28082],[30.08254,49.28195],[30.05272,49.2834],[30.04543,49.28474],[30.03861,49.28511],[30.03241,49.2834],[30.02435,49.27772],[30.0136,49.26676],[30.00693,49.26464],[29.99686,49.26356],[29.96363,49.26307],[29.95355,49.26131],[29.932,49.25059],[29.92007,49.24625],[29.91681,49.24374],[29.91428,49.24041],[29.90932,49.22981],[29.90637,49.22511],[29.89815,49.21663],[29.89149,49.21157],[29.87707,49.20253],[29.87412,49.19979],[29.87149,49.19684],[29.87009,49.19338],[29.86994,49.18971],[29.87211,49.17904],[29.86901,49.17591],[29.86234,49.17385],[29.83687,49.17457],[29.7779,49.17064],[29.76147,49.17462],[29.74095,49.18447],[29.73382,49.18981],[29.72948,49.19521],[29.72824,49.20191],[29.73057,49.20547],[29.7346,49.20769],[29.73925,49.20904],[29.74333,49.21069],[29.7453,49.21338],[29.7408,49.21681],[29.7363,49.21963],[29.69724,49.22728],[29.68773,49.24123],[29.67688,49.24439],[29.66168,49.24296],[29.64804,49.24314],[29.642,49.24511],[29.63858,49.24751],[29.63657,49.25281],[29.62975,49.26211],[29.6114,49.27999],[29.59776,49.29957],[29.59357,49.30371],[29.58954,49.30635],[29.58474,49.30756],[29.55647,49.31053],[29.5467,49.31255],[29.53151,49.31766],[29.52546,49.32185],[29.52267,49.32621],[29.52205,49.33417],[29.51957,49.33968],[29.51565,49.34632],[29.49983,49.36567],[29.49937,49.3681],[29.49952,49.37479],[29.50014,49.37851],[29.50061,49.37991],[29.50154,49.38215],[29.50262,49.38378],[29.50495,49.38634],[29.50774,49.38879],[29.51115,49.39125],[29.56081,49.41272],[29.56453,49.41497],[29.56717,49.41802],[29.56887,49.42164],[29.5698,49.43063],[29.56965,49.4438],[29.56624,49.45088],[29.54314,49.48194],[29.54004,49.48778],[29.54004,49.4914],[29.54159,49.49476],[29.54469,49.49724],[29.54841,49.49889],[29.55446,49.50034],[29.55864,49.50209],[29.5619,49.50385],[29.56469,49.50597],[29.56624,49.5084],[29.56748,49.52065],[29.56717,49.52809],[29.56531,49.53248],[29.56205,49.53569],[29.52185,49.54891],[29.51611,49.55168],[29.51037,49.55571],[29.50231,49.56336],[29.49859,49.56834],[29.49627,49.57279],[29.49456,49.58411],[29.49487,49.59232],[29.49596,49.59661],[29.4972,49.60041],[29.4989,49.60382],[29.50929,49.61723],[29.51177,49.62136],[29.51363,49.62594],[29.51472,49.63284],[29.51332,49.63694],[29.51068,49.64028],[29.50324,49.64405],[29.49627,49.64612],[29.44723,49.65087],[29.45002,49.66544],[29.45327,49.66792],[29.45854,49.67097],[29.47379,49.67568],[29.47797,49.67927],[29.48092,49.68397],[29.48216,49.6894],[29.48309,49.69743],[29.48278,49.70265],[29.48154,49.70673],[29.47844,49.70896],[29.47332,49.70963],[29.4679,49.70952],[29.44521,49.70684],[29.43265,49.70663],[29.41932,49.70808],[29.41839,49.71012],[29.41948,49.71242],[29.42661,49.71818],[29.43203,49.72376],[29.43963,49.73327],[29.44242,49.73867],[29.44521,49.74549],[29.44909,49.75856],[29.4494,49.76531],[29.44862,49.7705],[29.44335,49.77743],[29.4404,49.78218],[29.43746,49.79084],[29.43901,49.79507],[29.44196,49.79836],[29.44971,49.80233],[29.45451,49.80342],[29.45978,49.80352],[29.47208,49.80275],[29.47813,49.80435],[29.48355,49.80766],[29.49038,49.81458],[29.4958,49.81712],[29.50014,49.8181],[29.50882,49.81712],[29.51394,49.81743],[29.51875,49.81846],[29.55507,49.83618],[29.58753,49.84595],[29.59435,49.84926],[29.60629,49.85675],[29.61047,49.85853],[29.62535,49.86197],[29.63006,49.86347],[29.63388,49.86543],[29.63874,49.86869],[29.65486,49.8829],[29.66122,49.89261],[29.66664,49.89752],[29.67114,49.90037],[29.69832,49.90941],[29.70514,49.91292],[29.72747,49.92879],[29.7332,49.9353],[29.7363,49.94083],[29.73537,49.94426],[29.73351,49.94744],[29.6761,50.00852],[29.67378,50.01219],[29.67191,50.01628],[29.67191,50.02263],[29.67517,50.02682],[29.68122,50.03131],[29.6837,50.03441],[29.68447,50.03684],[29.67083,50.07384],[29.66913,50.08291],[29.66928,50.08978],[29.67114,50.09394],[29.67393,50.09679],[29.67688,50.09803],[29.67936,50.09875],[29.71289,50.10407],[29.7191,50.10704],[29.72561,50.11136],[29.73444,50.12149],[29.73413,50.12583],[29.7315,50.13087],[29.72731,50.13627],[29.72731,50.14968],[29.72561,50.15632],[29.72328,50.16112],[29.71925,50.16324],[29.7053,50.16857],[29.70127,50.17074],[29.6977,50.17306],[29.69491,50.1757],[29.6929,50.1789],[29.69145,50.18216],[29.69114,50.18562],[29.69176,50.19851],[29.69243,50.20278],[29.69243,50.20691],[29.69114,50.21838],[29.69646,50.25776],[29.69491,50.26685],[29.69145,50.27244],[29.67998,50.27502],[29.67502,50.27667],[29.67145,50.27905],[29.6685,50.28158],[29.65982,50.29205],[29.64789,50.31052],[29.64541,50.31347],[29.64215,50.31589],[29.63781,50.31788],[29.63171,50.31894],[29.6252,50.31946],[29.61326,50.31894],[29.6083,50.32148],[29.60365,50.32693],[29.60071,50.34266],[29.58768,50.36359],[29.58117,50.39132],[29.57755,50.39594],[29.57497,50.3985],[29.57244,50.40137],[29.56965,50.40405],[29.56732,50.4069],[29.55507,50.41718],[29.54717,50.42157],[29.54236,50.4232],[29.53663,50.42421],[29.4941,50.4232],[29.48867,50.42235],[29.45017,50.41201],[29.4449,50.41111],[29.43886,50.41181],[29.43265,50.41436],[29.42614,50.42199],[29.42568,50.42638],[29.42831,50.42932],[29.45079,50.43093],[29.45606,50.43186],[29.46056,50.43398],[29.46366,50.43721],[29.46676,50.44129],[29.46604,50.44452],[29.46242,50.44671],[29.44723,50.45258],[29.44289,50.45609],[29.44226,50.45956],[29.44413,50.46258],[29.448,50.46426],[29.45312,50.46436],[29.471,50.4618],[29.47658,50.46204],[29.48107,50.46354],[29.48464,50.46586],[29.48758,50.46875],[29.48991,50.47216],[29.4989,50.4917],[29.49999,50.49661],[29.50014,50.4995],[29.49968,50.50074],[29.49859,50.50265],[29.49658,50.50503],[29.49348,50.50751],[29.48278,50.51165],[29.47735,50.51506],[29.47317,50.52234],[29.47348,50.5271],[29.47704,50.52963],[29.48867,50.53056],[29.49332,50.53196],[29.49658,50.53438],[29.49859,50.53717],[29.50851,50.55596],[29.51317,50.56735],[29.51239,50.57133],[29.5096,50.57443],[29.49224,50.58242],[29.48774,50.58513],[29.48371,50.58846],[29.47937,50.59376],[29.47937,50.59789],[29.48076,50.60169],[29.49038,50.61521],[29.49983,50.62642],[29.52794,50.65355],[29.5374,50.66714],[29.54035,50.67003],[29.54391,50.67241],[29.57507,50.68373],[29.57993,50.68698],[29.58474,50.69158],[29.59094,50.70078],[29.59249,50.70647],[29.59233,50.71109],[29.57848,50.74527],[29.57507,50.75938],[29.57213,50.76615],[29.57027,50.76931],[29.56748,50.7721],[29.56019,50.77669],[29.54934,50.77956],[29.53616,50.78083],[29.49906,50.77755],[29.49487,50.77832],[29.48991,50.78083],[29.48852,50.7845],[29.48852,50.78874],[29.50758,50.85889],[29.50696,50.8656],[29.5051,50.87025],[29.50231,50.87258],[29.47813,50.89005],[29.42258,50.94511],[29.41917,50.94754],[29.41467,50.94904],[29.40909,50.94955],[29.40315,50.95183],[29.39757,50.95658],[29.39307,50.97012],[29.39384,50.97632],[29.39819,50.97942],[29.42971,50.97973],[29.43606,50.97885],[29.44118,50.9773],[29.44924,50.97301],[29.45296,50.97064],[29.4573,50.9695],[29.46201,50.96971],[29.46604,50.97596],[29.46635,50.98345],[29.46325,51.00619],[29.46294,51.01317],[29.46356,51.01937],[29.46459,51.02417],[29.46645,51.02851],[29.47177,51.03487],[29.48495,51.04794],[29.48898,51.05445],[29.48976,51.05911],[29.48914,51.06329],[29.48758,51.06655],[29.48541,51.06949],[29.48294,51.07234],[29.47611,51.07722],[29.47208,51.07941],[29.46211,51.08319],[29.43808,51.0881],[29.43296,51.08967],[29.42924,51.092],[29.42723,51.09507],[29.42444,51.10205],[29.42258,51.10551],[29.42072,51.1084],[29.41839,51.1112],[29.41234,51.11636],[29.38113,51.13419],[29.36284,51.14163],[29.35214,51.14422],[29.34697,51.14478],[29.34248,51.14375],[29.33907,51.1415],[29.31907,51.12008],[29.31612,51.11781],[29.31318,51.11709],[29.31085,51.11874],[29.30868,51.12132],[29.30496,51.12781],[29.3,51.14197],[29.28925,51.19357],[29.27049,51.23687],[29.27173,51.24106],[29.27638,51.24282],[29.28863,51.24341],[29.29933,51.24519],[29.31814,51.25124],[29.34945,51.26597],[29.36222,51.27382],[29.37478,51.2848],[29.3847,51.29816],[29.38718,51.30596],[29.38919,51.31746],[29.39183,51.35433],[29.39136,51.36211],[29.39012,51.36508],[29.38857,51.36658],[29.38609,51.36751],[29.38268,51.36697],[29.37478,51.36348],[29.37044,51.36242],[29.36578,51.36301],[29.36206,51.36539],[29.35958,51.36777],[29.354,51.37537],[29.35326,51.37705],[29.37968,51.39154],[29.40273,51.39614],[29.4464,51.3849],[29.46629,51.38506],[29.48087,51.40126],[29.49554,51.42565],[29.50547,51.43746],[29.519,51.4418],[29.54505,51.44366],[29.5682,51.44963],[29.58319,51.46081],[29.59735,51.47396],[29.61802,51.48564],[29.63776,51.49089],[29.6608,51.49314]],[[30.75368,50.28916],[30.79197,50.29256],[30.79016,50.33259],[30.83027,50.33273],[30.84605,50.35349],[30.81701,50.36723],[30.81518,50.38457],[30.76025,50.43988],[30.7571,50.47645],[30.76808,50.4887],[30.75057,50.5063],[30.75323,50.52146],[30.7756,50.5442],[30.80467,50.55643],[30.84234,50.58398],[30.83485,50.6388],[30.79287,50.65395],[30.73858,50.66815],[30.7156,50.65181],[30.71854,50.62353],[30.69637,50.61116],[30.66433,50.60269],[30.64718,50.57518],[30.55181,50.58078],[30.53869,50.57196],[30.54808,50.54898],[30.52261,50.55786],[30.50328,50.57872],[30.47577,50.59586],[30.46251,50.63037],[30.43727,50.63424],[30.43265,50.66245],[30.33401,50.66301],[30.33347,50.63792],[30.27016,50.63339],[30.29131,50.60927],[30.28556,50.58895],[30.26787,50.608],[30.24991,50.60072],[30.259,50.58442],[30.25863,50.56588],[30.24026,50.55516],[30.21744,50.54243],[30.21319,50.52553],[30.21742,50.50566],[30.21158,50.48701],[30.20028,50.47814],[30.20103,50.46146],[30.20345,50.44486],[30.19245,50.42932],[30.19154,50.41257],[30.18599,50.38725],[30.1966,50.37435],[30.20616,50.38481],[30.2233,50.38202],[30.23824,50.41467],[30.28039,50.40654],[30.30344,50.41427],[30.31876,50.40827],[30.33224,50.36877],[30.35824,50.34821],[30.38909,50.33122],[30.41372,50.30392],[30.40454,50.28512],[30.41059,50.26199],[30.42902,50.26115],[30.44562,50.26357],[30.45335,50.24052],[30.45584,50.22224],[30.4736,50.21703],[30.47691,50.1998],[30.49377,50.20551],[30.52081,50.19007],[30.51109,50.14618],[30.53618,50.14564],[30.5417,50.09742],[30.56848,50.09107],[30.58179,50.06078],[30.58556,50.01416],[30.6482,50.03369],[30.63911,50.05],[30.65033,50.06053],[30.62699,50.09625],[30.62078,50.12271],[30.63976,50.12409],[30.65438,50.15598],[30.63764,50.19367],[30.6087,50.24251],[30.61833,50.2513],[30.6059,50.26745],[30.6423,50.27578],[30.64798,50.26099],[30.66951,50.26531],[30.69753,50.25792],[30.71811,50.26248],[30.71675,50.29251],[30.72434,50.30956],[30.75368,50.28916]]]}},{"type":"Feature","properties":{"name":"Beqaa","country_iso_a3":"LBN","type":"Muhafazah"},"geometry":{"type":"Polygon","coordinates":[[[35.87009,33.43124],[35.84512,33.41874],[35.84446,33.41889],[35.82818,33.42256],[35.78224,33.42752],[35.77873,33.4299],[35.77449,33.43424],[35.76472,33.4517],[35.76178,33.45891],[35.75604,33.46511],[35.73573,33.47527],[35.71615,33.48072],[35.71119,33.47897],[35.70436,33.47501],[35.69057,33.46325],[35.67987,33.45225],[35.6715,33.44091],[35.66168,33.43036],[35.65393,33.42778],[35.63486,33.43331],[35.63145,33.45475],[35.62695,33.46008],[35.62199,33.4692],[35.62029,33.473],[35.61626,33.48599],[35.61357,33.50974],[35.6223,33.51586],[35.62649,33.51958],[35.63393,33.52834],[35.63656,33.53281],[35.6392,33.53906],[35.653,33.58712],[35.66452,33.61283],[35.67119,33.6234],[35.72891,33.69624],[35.73868,33.70058],[35.74255,33.70311],[35.74767,33.70905],[35.75588,33.71665],[35.75666,33.71944],[35.7565,33.72158],[35.741,33.73474],[35.76844,33.76807],[35.77588,33.76809],[35.78725,33.76703],[35.7902,33.76709],[35.79314,33.7674],[35.79624,33.7684],[35.79888,33.76996],[35.80105,33.77197],[35.80756,33.78094],[35.80322,33.78833],[35.77015,33.80807],[35.83516,33.87253],[35.85211,33.89723],[35.85645,33.90542],[35.85722,33.90775],[35.86839,33.9192],[35.91355,33.95338],[35.92518,33.9578],[35.95313,33.99312],[35.99794,34.06779],[36.00156,34.12851],[36.00321,34.13562],[36.01132,34.15223],[36.03427,34.15386],[36.03706,34.15448],[36.03954,34.15559],[36.04341,34.15905],[36.06424,34.1884],[36.06734,34.19724],[36.07075,34.22305],[36.10796,34.26225],[36.13855,34.2886],[36.14971,34.32106],[36.15173,34.32442],[36.15529,34.32858],[36.16397,34.33607],[36.18433,34.3494],[36.19255,34.3562],[36.19751,34.36116],[36.22495,34.40795],[36.22593,34.41046],[36.22185,34.42276],[36.24097,34.44309],[36.24237,34.4455],[36.24299,34.44772],[36.24314,34.45206],[36.24345,34.45402],[36.24407,34.45567],[36.24516,34.45728],[36.24903,34.46157],[36.29358,34.49004],[36.2959,34.49221],[36.30846,34.4964],[36.32949,34.49857],[36.32985,34.4986],[36.3327,34.49417],[36.33538,34.49348],[36.33817,34.4933],[36.34096,34.49348],[36.34365,34.49417],[36.36308,34.49903],[36.39233,34.50014],[36.41972,34.49833],[36.43347,34.49433],[36.43347,34.49417],[36.43987,34.47746],[36.4498,34.46454],[36.46323,34.45524],[36.48018,34.44914],[36.49465,34.43426],[36.50189,34.4303],[36.50922,34.43242],[36.52514,34.42294],[36.53062,34.41418],[36.52979,34.4031],[36.52628,34.38669],[36.52359,34.37979],[36.51997,34.37506],[36.51677,34.36987],[36.51594,34.36165],[36.51863,34.35364],[36.52359,34.34589],[36.54519,34.32072],[36.55584,34.31108],[36.56297,34.3085],[36.5703,34.30897],[36.57682,34.30767],[36.58198,34.2999],[36.57992,34.2869],[36.5703,34.27587],[36.56276,34.26295],[36.56751,34.24414],[36.57403,34.22975],[36.59821,34.20985],[36.60355,34.2001],[36.6041,34.1991],[36.57589,34.17326],[36.55273,34.14099],[36.50798,34.10918],[36.48845,34.08864],[36.48266,34.07451],[36.4807,34.06275],[36.47522,34.0535],[36.45889,34.04671],[36.44514,34.04614],[36.42365,34.05281],[36.41217,34.05363],[36.39109,34.04472],[36.35781,34.00955],[36.31802,33.98051],[36.30231,33.96439],[36.28856,33.94651],[36.26717,33.91039],[36.26893,33.90677],[36.27534,33.89721],[36.28164,33.89111],[36.3111,33.87199],[36.35037,33.86641],[36.36763,33.85755],[36.36959,33.83701],[36.3575,33.82378],[36.33828,33.82119],[36.30055,33.82869],[36.24919,33.84974],[36.23182,33.85253],[36.21663,33.84775],[36.20268,33.8383],[36.18656,33.83021],[36.16568,33.8298],[36.15762,33.83406],[36.1449,33.84742],[36.13829,33.85062],[36.10243,33.83228],[36.08506,33.82605],[36.06646,33.82199],[36.05044,33.81644],[36.04052,33.80561],[36.02708,33.7843],[35.99401,33.76071],[35.98026,33.74355],[35.97416,33.73215],[35.95587,33.71812],[35.94843,33.70921],[35.94698,33.70084],[35.94988,33.6827],[35.94719,33.67309],[35.94244,33.66921],[35.92941,33.66508],[35.92538,33.66167],[35.92156,33.6403],[35.93479,33.6334],[35.95691,33.62994],[35.98026,33.61901],[35.99453,33.6157],[36.01292,33.60803],[36.02967,33.59764],[36.03845,33.58635],[36.03525,33.5678],[36.01985,33.55263],[35.99928,33.54126],[35.98026,33.53395],[35.9568,33.53421],[35.93324,33.52782],[35.92187,33.51457],[35.93541,33.49426],[35.91949,33.46235],[35.88849,33.44042],[35.87009,33.43124]]]}},{"type":"Feature","properties":{"name":"North","country_iso_a3":"LBN","type":"Muhafazah"},"geometry":{"type":"Polygon","coordinates":[[[36.30893,34.68755],[36.32381,34.67949],[36.34737,34.64414],[36.36753,34.6292],[36.39119,34.62249],[36.416,34.6229],[36.44018,34.62936],[36.43626,34.59784],[36.42912,34.59319],[36.41848,34.60032],[36.4037,34.60383],[36.38892,34.59624],[36.38685,34.58425],[36.38809,34.56952],[36.38355,34.55381],[36.36401,34.5411],[36.33662,34.52885],[36.31988,34.51412],[36.32985,34.4986],[36.32949,34.49857],[36.30846,34.4964],[36.2959,34.49221],[36.29358,34.49004],[36.24903,34.46157],[36.24516,34.45728],[36.24407,34.45567],[36.24345,34.45402],[36.24314,34.45206],[36.24299,34.44772],[36.24237,34.4455],[36.24097,34.44309],[36.22185,34.42276],[36.22593,34.41046],[36.22495,34.40795],[36.19751,34.36116],[36.19255,34.3562],[36.18433,34.3494],[36.16397,34.33607],[36.15529,34.32858],[36.15173,34.32442],[36.14971,34.32106],[36.13855,34.2886],[36.10796,34.26225],[36.07075,34.22305],[36.06734,34.19724],[36.06424,34.1884],[36.04341,34.15905],[36.03954,34.15559],[36.03706,34.15448],[36.03427,34.15386],[36.01132,34.15223],[36.00166,34.15642],[35.99546,34.15476],[35.98895,34.1551],[35.98212,34.15618],[35.94874,34.16972],[35.94316,34.17406],[35.9413,34.17492],[35.93618,34.17642],[35.93339,34.17667],[35.93076,34.17621],[35.92843,34.17321],[35.92595,34.1683],[35.92409,34.16654],[35.92177,34.16546],[35.91898,34.16502],[35.91634,34.16502],[35.9089,34.1668],[35.90285,34.16923],[35.89557,34.16895],[35.88983,34.1705],[35.86993,34.18091],[35.86218,34.18373],[35.84963,34.19176],[35.8442,34.19306],[35.83671,34.19349],[35.82337,34.19241],[35.81082,34.18993],[35.80369,34.18758],[35.79919,34.18714],[35.77449,34.18784],[35.76007,34.18515],[35.7565,34.18505],[35.73837,34.18722],[35.67196,34.21512],[35.64618,34.21724],[35.64496,34.21766],[35.64772,34.22215],[35.64829,34.25361],[35.65301,34.28486],[35.66521,34.31135],[35.68873,34.32832],[35.70582,34.3166],[35.72218,34.33747],[35.73732,34.36921],[35.75074,34.3898],[35.80616,34.41498],[35.82358,34.43452],[35.80543,34.45869],[35.80543,34.46491],[35.82399,34.46084],[35.90333,34.47797],[35.9568,34.52009],[35.97291,34.52977],[35.98316,34.53864],[35.98878,34.55272],[35.98959,34.59968],[35.98683,34.6208],[35.98064,34.63849],[35.9699,34.64985],[35.98264,34.65024],[35.99142,34.64822],[35.99876,34.64538],[36.01623,34.63365],[36.03793,34.62843],[36.06077,34.62791],[36.08723,34.63101],[36.11214,34.62953],[36.15586,34.62693],[36.1602,34.62807],[36.17219,34.63406],[36.17829,34.6353],[36.18335,34.63349],[36.19513,34.62621],[36.20123,34.62445],[36.26159,34.62724],[36.27151,34.63096],[36.28071,34.63913],[36.28443,34.64833],[36.28484,34.66791],[36.28815,34.67556],[36.30893,34.68755]]]}},{"type":"Feature","properties":{"name":"Zakarpattia","country_iso_a3":"UKR","type":"Oblast'"},"geometry":{"type":"Polygon","coordinates":[[[22.13284,48.4048],[22.13377,48.47684],[22.14483,48.49311],[22.14834,48.50882],[22.13666,48.54934],[22.13873,48.56959],[22.15372,48.58587],[22.21904,48.62094],[22.22524,48.62822],[22.23568,48.64416],[22.24322,48.65119],[22.25552,48.65677],[22.28218,48.6624],[22.29428,48.66763],[22.3103,48.68168],[22.32249,48.70034],[22.3289,48.72158],[22.32766,48.74302],[22.33076,48.75641],[22.33841,48.76297],[22.34781,48.76788],[22.35649,48.77614],[22.36342,48.78762],[22.36569,48.79439],[22.36352,48.82829],[22.36156,48.83645],[22.36228,48.84425],[22.3689,48.85645],[22.3708,48.85825],[22.37841,48.86544],[22.40238,48.87883],[22.41179,48.88777],[22.41375,48.89386],[22.41365,48.90678],[22.41489,48.91169],[22.42729,48.92947],[22.449,48.97143],[22.46657,48.98053],[22.50501,48.98425],[22.52052,48.99293],[22.5201,49.00983],[22.52475,49.03287],[22.53199,49.05571],[22.53964,49.0722],[22.56072,49.08553],[22.58077,49.08145],[22.61829,49.05422],[22.64289,49.04316],[22.66438,49.04145],[22.68578,49.0428],[22.72195,49.04104],[22.74448,49.04554],[22.75533,49.04471],[22.76546,49.0384],[22.78396,49.02135],[22.79502,49.01902],[22.8129,49.01288],[22.83502,48.99975],[22.85528,48.99401],[22.86696,49.00998],[22.86501,49.01324],[22.88313,49.00595],[22.90127,48.99135],[22.90241,48.98329],[22.89305,48.97022],[22.88995,48.9629],[22.88933,48.95882],[22.88887,48.95055],[22.88918,48.94657],[22.89197,48.93536],[22.89538,48.92931],[22.90055,48.92363],[22.92597,48.90407],[22.96121,48.8843],[22.96711,48.87862],[22.97036,48.87374],[22.97191,48.87025],[22.97377,48.86704],[22.97904,48.86144],[22.98214,48.85898],[22.98819,48.85692],[22.99594,48.85531],[23.01165,48.85472],[23.02033,48.85531],[23.02731,48.8564],[23.03646,48.85942],[23.07681,48.86834],[23.10503,48.87133],[23.11232,48.87009],[23.11945,48.8672],[23.12937,48.86053],[23.13764,48.85221],[23.16043,48.81356],[23.17981,48.79033],[23.18621,48.7854],[23.1935,48.78098],[23.20156,48.7771],[23.21164,48.77521],[23.25758,48.77222],[23.27153,48.77294],[23.28083,48.77459],[23.29075,48.78095],[23.29453,48.78173],[23.29825,48.78116],[23.30104,48.77604],[23.30197,48.77304],[23.30228,48.76178],[23.3029,48.75814],[23.30414,48.75506],[23.30538,48.75315],[23.30662,48.75173],[23.30817,48.75046],[23.30848,48.75018],[23.3139,48.75049],[23.32181,48.75268],[23.32662,48.75516],[23.34212,48.76896],[23.34553,48.77134],[23.35054,48.77201],[23.35675,48.77072],[23.36574,48.76434],[23.3693,48.75956],[23.37085,48.75496],[23.37039,48.74969],[23.37132,48.74565],[23.37287,48.74271],[23.37488,48.73958],[23.37798,48.73708],[23.38574,48.73434],[23.39721,48.7316],[23.42563,48.72767],[23.44578,48.72674],[23.49855,48.73121],[23.50862,48.73046],[23.53286,48.72369],[23.57379,48.71581],[23.61244,48.70382],[23.6745,48.65447],[23.693,48.64468],[23.70153,48.64308],[23.70897,48.64297],[23.72416,48.64639],[23.73533,48.64781],[23.74778,48.64796],[23.76049,48.64685],[23.7715,48.64471],[23.77662,48.64215],[23.78049,48.63806],[23.78297,48.62972],[23.78297,48.62442],[23.78096,48.61548],[23.78049,48.6113],[23.7808,48.60721],[23.78173,48.60344],[23.78545,48.59892],[23.7915,48.5938],[23.84705,48.56282],[23.85635,48.55962],[23.86478,48.55781],[23.87733,48.55652],[23.88245,48.55533],[23.88695,48.55363],[23.89485,48.54962],[23.89811,48.54727],[23.90229,48.54329],[23.90679,48.53797],[23.91361,48.52753],[23.91599,48.52107],[23.91676,48.51544],[23.91454,48.50732],[23.91299,48.50412],[23.91051,48.50024],[23.90818,48.49267],[23.90741,48.48872],[23.90741,48.48474],[23.90849,48.48115],[23.91175,48.47756],[23.91723,48.47435],[23.92839,48.471],[23.93599,48.47022],[23.94265,48.47037],[23.95242,48.47286],[23.96048,48.47637],[23.96405,48.47859],[23.98053,48.49068],[24.00146,48.50014],[24.04616,48.5051],[24.06492,48.51053],[24.1138,48.53223],[24.11861,48.53342],[24.12388,48.53394],[24.12931,48.53342],[24.13365,48.5311],[24.13696,48.52748],[24.13768,48.52029],[24.13727,48.51508],[24.13541,48.50637],[24.13489,48.5004],[24.13541,48.49337],[24.13603,48.48955],[24.13882,48.48255],[24.14083,48.47528],[24.14068,48.4712],[24.13985,48.46712],[24.13882,48.46309],[24.13727,48.45932],[24.13117,48.43449],[24.13086,48.42598],[24.13241,48.414],[24.13944,48.38376],[24.14083,48.37994],[24.14455,48.37508],[24.15106,48.36888],[24.16331,48.36087],[24.17091,48.35695],[24.17773,48.35462],[24.20832,48.35074],[24.23406,48.35054],[24.25659,48.3531],[24.2662,48.35555],[24.27069,48.35715],[24.27845,48.36087],[24.2848,48.36599],[24.29007,48.37167],[24.29255,48.37477],[24.2986,48.38498],[24.3016,48.38738],[24.30542,48.38831],[24.3095,48.38738],[24.31322,48.38547],[24.31989,48.38082],[24.33167,48.37483],[24.3357,48.37074],[24.33942,48.36501],[24.34299,48.35276],[24.34423,48.3456],[24.34578,48.3402],[24.34826,48.33754],[24.35291,48.33679],[24.37792,48.33638],[24.3849,48.33452],[24.39157,48.33113],[24.40009,48.32382],[24.41063,48.31682],[24.43038,48.30682],[24.49492,48.26662],[24.49941,48.26295],[24.50251,48.25964],[24.52096,48.23512],[24.54148,48.21277],[24.54318,48.20915],[24.54349,48.20486],[24.5407,48.1983],[24.53497,48.1905],[24.5297,48.18476],[24.52499,48.17845],[24.52313,48.17491],[24.52158,48.17106],[24.52081,48.16678],[24.52127,48.16135],[24.52313,48.1553],[24.52846,48.14613],[24.53197,48.14104],[24.53838,48.13448],[24.6068,48.08864],[24.64028,48.05676],[24.64111,48.05278],[24.63925,48.04761],[24.58819,47.99593],[24.58241,47.98436],[24.57233,47.94953],[24.56985,47.93749],[24.56981,47.93729],[24.56163,47.94054],[24.5421,47.94382],[24.48556,47.9432],[24.42851,47.95253],[24.40919,47.95206],[24.38624,47.94369],[24.34718,47.92088],[24.29788,47.91979],[24.23101,47.89703],[24.2093,47.89759],[24.15018,47.91292],[24.14874,47.91212],[24.13117,47.91454],[24.09479,47.93793],[24.07494,47.94418],[24.02523,47.95325],[24.0088,47.96121],[23.97727,47.96229],[23.87661,47.93444],[23.85522,47.93423],[23.84839,47.94966],[23.79651,47.98198],[23.78008,47.98751],[23.71052,47.98508],[23.68727,47.98725],[23.64613,47.99661],[23.58174,48.00157],[23.56324,48.00575],[23.52562,48.00118],[23.51446,47.99898],[23.50371,47.99289],[23.49937,47.98622],[23.49431,47.98054],[23.48852,47.97586],[23.48548,47.97423],[23.48159,47.97216],[23.46082,47.97134],[23.39602,47.99307],[23.39447,47.99345],[23.39302,47.99358],[23.39157,47.99345],[23.39013,47.99307],[23.38217,47.99113],[23.37473,47.99056],[23.36729,47.99121],[23.36005,47.99314],[23.33752,48.01087],[23.28977,48.03821],[23.24864,48.07123],[23.23138,48.07973],[23.16172,48.0959],[23.13908,48.09813],[23.11862,48.09154],[23.09898,48.07123],[23.07655,48.02451],[23.06312,48.00746],[23.02033,47.98472],[23.00442,47.98307],[22.98819,47.98637],[22.97248,47.99289],[22.95708,48.00012],[22.9393,48.00565],[22.92411,48.00482],[22.91574,47.99299],[22.92421,47.97273],[22.91584,47.95919],[22.89786,47.95098],[22.8776,47.94674],[22.84081,47.96679],[22.83244,47.97893],[22.84949,47.99314],[22.85135,48.0088],[22.85796,48.01803],[22.86158,48.02839],[22.85476,48.0473],[22.84432,48.06105],[22.83099,48.07244],[22.80143,48.09097],[22.76557,48.10453],[22.76205,48.10926],[22.74572,48.11629],[22.72857,48.11314],[22.71162,48.10582],[22.69322,48.10177],[22.62118,48.10177],[22.60806,48.09683],[22.60547,48.09704],[22.6001,48.10112],[22.58304,48.12482],[22.56889,48.15652],[22.55576,48.17716],[22.48145,48.24259],[22.47742,48.24393],[22.47328,48.2445],[22.46905,48.24414],[22.44972,48.23768],[22.43422,48.23675],[22.4184,48.23897],[22.39877,48.24434],[22.39453,48.24476],[22.3905,48.24434],[22.38647,48.24305],[22.37861,48.23886],[22.37086,48.23739],[22.36363,48.23871],[22.35712,48.2431],[22.30813,48.29369],[22.29738,48.314],[22.29645,48.3278],[22.29872,48.33932],[22.29872,48.34914],[22.29128,48.35757],[22.28436,48.35839],[22.25676,48.35728],[22.25697,48.37322],[22.27185,48.40346],[22.23609,48.41529],[22.20198,48.41816],[22.16922,48.40953],[22.1593,48.40232],[22.15826,48.40222],[22.15651,48.40206],[22.13284,48.4048]]]}},{"type":"Feature","properties":{"name":"West Azerbaijan","country_iso_a3":"IRN","type":"Ostan"},"geometry":{"type":"Polygon","coordinates":[[[44.59043,39.77153],[44.60583,39.76315],[44.63281,39.73163],[44.6465,39.71954],[44.70629,39.69804],[44.72572,39.68533],[44.80699,39.6399],[44.80965,39.63696],[44.82395,39.63054],[44.82784,39.6288],[44.84923,39.62559],[44.87228,39.62508],[44.86928,39.62053],[44.86535,39.61758],[44.88644,39.60596],[44.89843,39.58436],[44.9284,39.48824],[44.9407,39.46808],[44.96163,39.45377],[44.95331,39.44163],[44.95703,39.43449],[44.98251,39.42018],[44.98772,39.41935],[44.99858,39.41961],[45.00638,39.41796],[45.00995,39.41403],[45.01212,39.40948],[45.01563,39.40597],[45.05124,39.38709],[45.0517,39.38685],[45.05718,39.38173],[45.06048,39.3746],[45.06865,39.36421],[45.07873,39.35476],[45.08798,39.35073],[45.09604,39.34111],[45.11435,39.30935],[45.12038,39.29889],[45.1289,39.28928],[45.13583,39.27848],[45.14627,39.22867],[45.15273,39.21352],[45.17893,39.21983],[45.28311,39.19306],[45.28569,39.19492],[45.29261,39.19862],[45.30171,39.20138],[45.31112,39.20053],[45.3139,39.19425],[45.31132,39.18484],[45.31112,39.17629],[45.32093,39.1726],[45.33489,39.17043],[45.34822,39.16392],[45.3539,39.15319],[45.34527,39.13844],[45.35194,39.12831],[45.36062,39.12322],[45.36992,39.11896],[45.37933,39.11115],[45.38346,39.10325],[45.39132,39.08175],[45.39638,39.07333],[45.40584,39.06788],[45.42971,39.05948],[45.43452,39.05279],[45.4323,39.04248],[45.42821,39.0341],[45.42527,39.02563],[45.42708,39.01488],[45.4386,39.00424],[45.45984,38.99312],[45.48258,38.98439],[45.49453,38.98192],[45.48821,38.9769],[45.37783,38.88517],[45.35582,38.84342],[45.32677,38.73738],[45.34052,38.68022],[45.36605,38.62744],[45.36563,38.5778],[45.32822,38.52475],[45.15655,38.38536],[45.10033,38.31048],[45.08937,38.26702],[45.1026,38.23369],[45.16596,38.16599],[45.17278,38.16599],[45.17288,38.15219],[45.17867,38.14485],[45.18673,38.13943],[45.19324,38.13126],[45.19944,38.11341],[45.20099,38.10253],[45.19696,38.09773],[45.19386,38.09251],[45.19324,38.05925],[45.22848,37.78958],[45.24854,37.76813],[45.25298,37.76007],[45.25422,37.75604],[45.26218,37.69584],[45.25794,37.69052],[45.24854,37.68633],[45.23913,37.68013],[45.23489,37.66884],[45.24244,37.65315],[45.25618,37.63321],[45.2627,37.61496],[45.32977,37.55104],[45.35447,37.50531],[45.3431,37.3811],[45.35685,37.32718],[45.39468,37.28186],[45.68655,37.12915],[45.81667,37.11063],[45.92353,37.10921],[46.06213,37.00841],[46.07898,36.98162],[46.20331,36.92545],[46.24641,36.89336],[46.29292,36.87775],[46.32227,36.89387],[46.3387,36.91472],[46.3418,36.92364],[46.35668,36.95172],[46.38955,36.98441],[46.4495,37.01567],[46.4989,37.02399],[46.52319,37.02198],[46.55068,37.04278],[46.59274,37.06497],[46.63884,37.05893],[46.67067,37.03324],[46.71036,37.0135],[46.76131,37.00441],[46.79283,36.98265],[46.79728,36.96154],[46.78415,36.94658],[46.82384,36.85398],[46.82291,36.78747],[46.85888,36.74541],[46.95644,36.73476],[47.19384,36.75683],[47.33234,36.50769],[47.30794,36.50149],[47.27839,36.48702],[47.27415,36.46731],[47.28128,36.45072],[47.27601,36.43509],[47.25875,36.40765],[47.21648,36.36819],[47.14103,36.34125],[47.02765,36.34928],[46.92378,36.37246],[46.88554,36.39388],[46.86849,36.4091],[46.84833,36.42258],[46.83428,36.43778],[46.82694,36.44987],[46.81516,36.45777],[46.29788,36.41912],[46.04642,36.44811],[45.95878,36.42021],[45.93666,36.39716],[45.93521,36.34894],[45.88705,36.28988],[45.72448,36.24761],[45.6944,36.22104],[45.68272,36.20497],[45.66081,36.18673],[45.64696,36.138],[45.59156,36.08695],[45.57503,36.05436],[45.53586,36.02256],[45.50196,36.00597],[45.50142,36.00543],[45.47927,36.01201],[45.45312,36.01165],[45.41995,35.99827],[45.40217,35.99424],[45.40196,35.99408],[45.40186,35.99403],[45.4016,35.99403],[45.40155,35.99398],[45.38181,35.98297],[45.35959,35.97687],[45.33809,35.9793],[45.32052,35.99398],[45.32031,35.99403],[45.32021,35.99408],[45.32021,35.99429],[45.3137,36.01041],[45.31959,36.03103],[45.33189,36.0516],[45.34419,36.06746],[45.34832,36.08751],[45.33561,36.10772],[45.3046,36.14038],[45.29954,36.16141],[45.30202,36.20756],[45.29737,36.22673],[45.2828,36.23841],[45.26419,36.25019],[45.25851,36.26223],[45.28269,36.27489],[45.26393,36.29427],[45.25701,36.31169],[45.25448,36.35478],[45.24962,36.37794],[45.23887,36.403],[45.2213,36.42093],[45.19598,36.42243],[45.13996,36.40439],[45.11082,36.40253],[45.08374,36.41282],[45.07227,36.42341],[45.06855,36.43251],[45.06689,36.44238],[45.06209,36.45535],[45.05408,36.46496],[45.0455,36.47163],[45.03909,36.47984],[45.03816,36.494],[45.02534,36.50521],[45.00952,36.5162],[45.00591,36.5187],[44.99139,36.53374],[44.99341,36.54966],[44.99785,36.55208],[45.01026,36.55601],[45.01325,36.55792],[45.01418,36.57901],[45.02488,36.61317],[45.04431,36.64934],[45.04591,36.66805],[45.03527,36.6896],[45.01098,36.72556],[44.9962,36.74169],[44.97946,36.74902],[44.96643,36.74933],[44.95475,36.75233],[44.94442,36.75827],[44.93522,36.76711],[44.92271,36.7759],[44.90825,36.77786],[44.87724,36.77646],[44.85119,36.78122],[44.83125,36.79192],[44.82339,36.80933],[44.83414,36.83403],[44.86964,36.86897],[44.88344,36.88685],[44.88882,36.91093],[44.88406,36.93335],[44.87486,36.94966],[44.86918,36.96736],[44.87476,36.99402],[44.88571,37.00508],[44.88737,37.01593],[44.88075,37.02493],[44.85895,37.03412],[44.84758,37.04404],[44.8406,37.0472],[44.83094,37.04684],[44.8112,37.04193],[44.8019,37.04353],[44.7973,37.04849],[44.79223,37.06373],[44.78836,37.07024],[44.78112,37.07448],[44.77363,37.07634],[44.76655,37.07895],[44.76066,37.08564],[44.7527,37.10332],[44.75254,37.11314],[44.76613,37.14192],[44.77234,37.16125],[44.76613,37.17815],[44.75673,37.1952],[44.75353,37.21533],[44.7605,37.23323],[44.77296,37.24168],[44.78675,37.24811],[44.79848,37.26031],[44.80159,37.29269],[44.77895,37.3138],[44.72138,37.34328],[44.71301,37.35679],[44.70712,37.37095],[44.69803,37.38005],[44.66165,37.37565],[44.65224,37.38402],[44.63818,37.4126],[44.62279,37.4219],[44.58558,37.42467],[44.57214,37.43079],[44.56594,37.44717],[44.57927,37.47696],[44.57524,37.49384],[44.57524,37.49399],[44.56992,37.5144],[44.57183,37.53921],[44.57834,37.56391],[44.58744,37.58401],[44.58351,37.60109],[44.56098,37.61466],[44.54088,37.63272],[44.54527,37.66302],[44.55354,37.67181],[44.58816,37.69398],[44.59839,37.70703],[44.59612,37.71638],[44.55938,37.75201],[44.53442,37.76919],[44.50646,37.77935],[44.47923,37.77687],[44.46652,37.77113],[44.4505,37.76664],[44.43644,37.7678],[44.4291,37.77914],[44.42977,37.78514],[44.43375,37.8011],[44.43303,37.80612],[44.42548,37.81077],[44.41897,37.80968],[44.4121,37.80772],[44.4044,37.80974],[44.39324,37.82108],[44.38755,37.8334],[44.38383,37.84498],[44.37794,37.85413],[44.36714,37.86022],[44.33123,37.87397],[44.31924,37.87686],[44.25444,37.87084],[44.21961,37.87531],[44.20209,37.89717],[44.20501,37.90477],[44.20638,37.90833],[44.21671,37.91859],[44.2255,37.92931],[44.22467,37.942],[44.21966,37.95608],[44.22147,37.96882],[44.22756,37.98099],[44.23604,37.99383],[44.23614,37.99399],[44.24539,38.00838],[44.26953,38.03001],[44.27831,38.04533],[44.28658,38.06631],[44.29588,38.07902],[44.30901,38.08724],[44.32828,38.09463],[44.33381,38.10088],[44.3257,38.11969],[44.32709,38.1284],[44.33536,38.13406],[44.35314,38.14],[44.36058,38.14785],[44.36709,38.16248],[44.37324,38.18212],[44.3767,38.20155],[44.37241,38.2495],[44.40058,38.27467],[44.43675,38.29694],[44.45918,38.32242],[44.45876,38.33833],[44.45112,38.35404],[44.43882,38.36756],[44.42466,38.37704],[44.40905,38.38179],[44.39634,38.37967],[44.36337,38.36461],[44.3134,38.37182],[44.29867,38.37719],[44.28952,38.38226],[44.28658,38.39099],[44.28988,38.40737],[44.29051,38.4166],[44.2874,38.44194],[44.28751,38.45373],[44.30017,38.49403],[44.30136,38.51119],[44.29216,38.56204],[44.29681,38.60162],[44.29702,38.62232],[44.28988,38.63888],[44.28255,38.64539],[44.2749,38.64937],[44.25681,38.65392],[44.24431,38.65896],[44.24741,38.66508],[44.25609,38.67196],[44.26048,38.67924],[44.25547,38.69728],[44.25051,38.70922],[44.24865,38.72182],[44.25268,38.74182],[44.27981,38.81422],[44.275,38.84357],[44.22198,38.86344],[44.20576,38.87566],[44.19211,38.89075],[44.1825,38.91313],[44.17816,38.9207],[44.17485,38.92837],[44.17537,38.93669],[44.17465,38.94576],[44.1671,38.95199],[44.15801,38.95747],[44.15196,38.96462],[44.14778,38.98005],[44.14467,38.98682],[44.1392,38.99377],[44.1392,38.99395],[44.15336,39.01255],[44.16953,39.02305],[44.17914,39.03493],[44.16989,39.07436],[44.17496,39.09022],[44.1948,39.12053],[44.18664,39.14513],[44.14809,39.16645],[44.10354,39.18464],[44.0777,39.20006],[44.07657,39.20869],[44.08349,39.22683],[44.08266,39.23567],[44.07057,39.25549],[44.06716,39.26401],[44.06675,39.27295],[44.06923,39.27957],[44.06943,39.28701],[44.05765,39.3068],[44.05176,39.32804],[44.0474,39.33751],[44.04721,39.33791],[44.02096,39.36199],[44.01486,39.37408],[44.02602,39.38618],[44.04639,39.39605],[44.06137,39.40028],[44.07698,39.40059],[44.0992,39.39847],[44.12225,39.40044],[44.17651,39.41155],[44.20043,39.40948],[44.26953,39.38287],[44.29495,39.38121],[44.31696,39.3853],[44.36874,39.40359],[44.38797,39.4145],[44.40481,39.43439],[44.40523,39.45248],[44.40171,39.47134],[44.40667,39.49371],[44.40683,39.49371],[44.4168,39.50555],[44.41742,39.51749],[44.41401,39.53035],[44.41205,39.54446],[44.41401,39.56089],[44.41856,39.57433],[44.45168,39.62585],[44.45763,39.63872],[44.45825,39.64252],[44.46021,39.65448],[44.45504,39.68714],[44.45949,39.69846],[44.56573,39.76589],[44.59043,39.77153]]]}},{"type":"Feature","properties":{"name":"Chernivtsi","country_iso_a3":"UKR","type":"Oblast'"},"geometry":{"type":"Polygon","coordinates":[[[26.61789,48.25897],[26.5874,48.24936],[26.46131,48.23039],[26.44467,48.22773],[26.39744,48.22621],[26.38049,48.22321],[26.34731,48.2121],[26.33026,48.20851],[26.31176,48.20972],[26.30349,48.21205],[26.29615,48.179],[26.2975,48.15634],[26.28695,48.12471],[26.27073,48.0936],[26.25533,48.07234],[26.24323,48.06291],[26.21709,48.04802],[26.20479,48.03738],[26.18267,48.00327],[26.17306,47.99314],[26.12572,47.97842],[26.10253,47.97827],[26.02929,47.9778],[25.96573,47.9649],[25.91809,47.96816],[25.90124,47.96596],[25.87096,47.95702],[25.81835,47.95258],[25.75252,47.9346],[25.26174,47.89858],[25.21896,47.87847],[25.12191,47.77031],[25.08026,47.74313],[25.08005,47.74308],[25.07995,47.74293],[25.01742,47.72458],[24.94238,47.71556],[24.92886,47.71394],[24.92885,47.71435],[24.92848,47.72644],[24.92879,47.73143],[24.93251,47.75404],[24.93407,47.75724],[24.98093,47.8284],[24.98466,47.83641],[24.98481,47.84039],[24.98466,47.84442],[24.98373,47.84829],[24.98264,47.85189],[24.98093,47.85517],[24.97298,47.86752],[24.97034,47.87439],[24.96941,47.87816],[24.96941,47.89932],[24.96848,47.9031],[24.96724,47.90666],[24.96523,47.90969],[24.9629,47.91248],[24.94786,47.92516],[24.94523,47.92793],[24.94306,47.93087],[24.93484,47.94741],[24.93298,47.95472],[24.93174,47.97103],[24.92755,47.98963],[24.92771,47.99366],[24.92817,47.99697],[24.93096,48.00601],[24.93453,48.01345],[24.97969,48.07066],[24.98466,48.07887],[24.98807,48.09624],[24.98915,48.10016],[24.99349,48.10507],[25.00062,48.11035],[25.01737,48.11859],[25.0276,48.12153],[25.04641,48.12502],[25.05075,48.12655],[25.05447,48.12859],[25.1063,48.16946],[25.117,48.17507],[25.12568,48.17789],[25.13173,48.17825],[25.137,48.17928],[25.14041,48.18171],[25.14134,48.18641],[25.13994,48.18998],[25.13591,48.19641],[25.13421,48.19969],[25.13328,48.20331],[25.1325,48.20724],[25.13281,48.21571],[25.13343,48.22],[25.13467,48.22398],[25.13638,48.2276],[25.14087,48.23194],[25.14775,48.23669],[25.16232,48.24432],[25.17674,48.24959],[25.1879,48.2524],[25.19612,48.25685],[25.29265,48.3402],[25.36965,48.3802],[25.4067,48.39152],[25.44737,48.40004],[25.49284,48.40371],[25.51315,48.40289],[25.52478,48.40092],[25.54514,48.39557],[25.55491,48.39162],[25.56374,48.38898],[25.56932,48.38831],[25.57506,48.38837],[25.58033,48.38997],[25.58514,48.39286],[25.58994,48.39883],[25.59382,48.40694],[25.60038,48.4326],[25.60581,48.52159],[25.60441,48.53239],[25.57769,48.58076],[25.56731,48.60907],[25.56498,48.62096],[25.56545,48.6253],[25.56715,48.63057],[25.57242,48.63853],[25.57708,48.64328],[25.58638,48.65073],[25.59852,48.65832],[25.63619,48.67811],[25.6488,48.67145],[25.67118,48.66726],[25.71505,48.66447],[25.72301,48.65905],[25.73117,48.63517],[25.74234,48.62972],[25.75334,48.63259],[25.75748,48.63969],[25.76001,48.64881],[25.76657,48.65765],[25.79355,48.67005],[25.80889,48.66106],[25.82099,48.64509],[25.83856,48.63657],[25.85959,48.61874],[25.86336,48.61264],[25.86259,48.60354],[25.863,48.60081],[25.91163,48.58815],[25.92785,48.58685],[25.94408,48.58877],[25.9602,48.59641],[25.97379,48.61636],[25.98563,48.62352],[26.01033,48.61548],[26.01979,48.61605],[26.02475,48.62137],[26.02893,48.6377],[26.03343,48.64339],[26.04914,48.64765],[26.0586,48.64189],[26.06232,48.62835],[26.06077,48.60923],[26.06077,48.61605],[26.05162,48.58306],[26.0526,48.57171],[26.06418,48.55771],[26.07978,48.54729],[26.09911,48.54076],[26.11725,48.54195],[26.12965,48.55461],[26.11389,48.57042],[26.10583,48.58086],[26.10231,48.59218],[26.10231,48.60657],[26.1049,48.61109],[26.13306,48.60923],[26.14577,48.59636],[26.14453,48.56797],[26.1495,48.53957],[26.18086,48.5267],[26.23889,48.53414],[26.25672,48.53342],[26.26902,48.53016],[26.29414,48.51988],[26.32659,48.51156],[26.35501,48.51011],[26.38054,48.51709],[26.404,48.53414],[26.4224,48.52975],[26.47056,48.53807],[26.48906,48.53042],[26.51526,48.51487],[26.52224,48.50691],[26.53991,48.4789],[26.55283,48.46578],[26.56637,48.45735],[26.58316,48.45291],[26.60575,48.45159],[26.62187,48.45826],[26.60699,48.49234],[26.61567,48.50683],[26.6273,48.50836],[26.63458,48.50335],[26.63934,48.49655],[26.64357,48.49254],[26.65406,48.4913],[26.68765,48.49254],[26.709,48.49688],[26.70517,48.50696],[26.68843,48.51838],[26.67091,48.5267],[26.63324,48.53342],[26.61443,48.54019],[26.61257,48.55089],[26.63282,48.56241],[26.65489,48.55879],[26.69137,48.54035],[26.70621,48.53616],[26.72181,48.53518],[26.73411,48.54117],[26.73917,48.55771],[26.73488,48.56386],[26.71613,48.57776],[26.71184,48.58535],[26.71721,48.59476],[26.72894,48.59512],[26.74062,48.58892],[26.746,48.57853],[26.74972,48.56161],[26.75943,48.55058],[26.77276,48.55099],[26.78759,48.56828],[26.7893,48.57843],[26.7831,48.59347],[26.78759,48.60179],[26.79757,48.60794],[26.80806,48.60913],[26.81876,48.60665],[26.82919,48.60179],[26.82263,48.58122],[26.82795,48.56133],[26.84144,48.54629],[26.85927,48.54035],[26.88495,48.54355],[26.89906,48.55182],[26.90971,48.56308],[26.92475,48.57512],[26.94526,48.58138],[26.96707,48.5807],[27.0036,48.57512],[27.01724,48.56455],[27.0234,48.56086],[27.02763,48.56262],[27.03182,48.56626],[27.03771,48.56828],[27.04985,48.56735],[27.07001,48.56267],[27.11336,48.55931],[27.12277,48.56081],[27.12944,48.56536],[27.14132,48.57905],[27.14695,48.58194],[27.18142,48.58194],[27.19212,48.57972],[27.21413,48.57014],[27.22643,48.56828],[27.23749,48.56882],[27.24757,48.57042],[27.25558,48.57445],[27.26054,48.58194],[27.26178,48.59574],[27.25542,48.59985],[27.2455,48.60094],[27.23604,48.60551],[27.23439,48.61848],[27.2548,48.62117],[27.2947,48.61605],[27.30446,48.61088],[27.31263,48.60484],[27.32183,48.60086],[27.335,48.60179],[27.34513,48.60763],[27.35878,48.62445],[27.3704,48.62972],[27.40973,48.62073],[27.4382,48.60254],[27.45841,48.57732],[27.47283,48.54717],[27.49437,48.48221],[27.50357,48.4727],[27.50383,48.47237],[27.48089,48.45141],[27.42022,48.41715],[27.40347,48.41149],[27.38983,48.41501],[27.36141,48.43281],[27.34219,48.43611],[27.30601,48.42366],[27.25193,48.37831],[27.24648,48.37374],[27.20855,48.36062],[27.17579,48.3618],[27.06882,48.38888],[27.04804,48.39767],[27.0374,48.39968],[27.02634,48.3971],[27.02541,48.38986],[27.0282,48.38139],[27.02779,48.37477],[27.02851,48.3708],[27.03182,48.36524],[27.03306,48.3602],[27.02768,48.35775],[27.01559,48.3594],[27.00464,48.35876],[26.99781,48.36154],[26.99058,48.36237],[26.98107,48.35568],[26.94324,48.35126],[26.90872,48.36524],[26.87596,48.384],[26.84278,48.39374],[26.83193,48.39136],[26.82842,48.38514],[26.82563,48.37777],[26.81695,48.37173],[26.81007,48.37188],[26.79359,48.37627],[26.78806,48.37596],[26.77752,48.36617],[26.77819,48.3572],[26.78408,48.34516],[26.78935,48.32594],[26.79008,48.30705],[26.78573,48.29411],[26.77436,48.28718],[26.75457,48.28615],[26.73592,48.29183],[26.72362,48.30258],[26.71297,48.31491],[26.69943,48.32511],[26.6798,48.33018],[26.67401,48.3217],[26.6691,48.30881],[26.63608,48.29488],[26.62512,48.28289],[26.61861,48.26718],[26.61789,48.25897]]]}},{"type":"Feature","properties":{"name":"Ivano-Frankivsk","country_iso_a3":"UKR","type":"Oblast'"},"geometry":{"type":"Polygon","coordinates":[[[24.92886,47.71394],[24.8966,47.71006],[24.87779,47.71874],[24.85443,47.74313],[24.82074,47.78409],[24.80823,47.79574],[24.79366,47.80447],[24.71284,47.82592],[24.67914,47.84013],[24.66147,47.85388],[24.65692,47.8662],[24.65599,47.8793],[24.64927,47.89522],[24.63367,47.90829],[24.60845,47.92193],[24.56981,47.93729],[24.56985,47.93749],[24.57233,47.94953],[24.58241,47.98436],[24.58819,47.99593],[24.63925,48.04761],[24.64111,48.05278],[24.64028,48.05676],[24.6068,48.08864],[24.53838,48.13448],[24.53197,48.14104],[24.52846,48.14613],[24.52313,48.1553],[24.52127,48.16135],[24.52081,48.16678],[24.52158,48.17106],[24.52313,48.17491],[24.52499,48.17845],[24.5297,48.18476],[24.53497,48.1905],[24.5407,48.1983],[24.54349,48.20486],[24.54318,48.20915],[24.54148,48.21277],[24.52096,48.23512],[24.50251,48.25964],[24.49941,48.26295],[24.49492,48.26662],[24.43038,48.30682],[24.41063,48.31682],[24.40009,48.32382],[24.39157,48.33113],[24.3849,48.33452],[24.37792,48.33638],[24.35291,48.33679],[24.34826,48.33754],[24.34578,48.3402],[24.34423,48.3456],[24.34299,48.35276],[24.33942,48.36501],[24.3357,48.37074],[24.33167,48.37483],[24.31989,48.38082],[24.31322,48.38547],[24.3095,48.38738],[24.30542,48.38831],[24.3016,48.38738],[24.2986,48.38498],[24.29255,48.37477],[24.29007,48.37167],[24.2848,48.36599],[24.27845,48.36087],[24.27069,48.35715],[24.2662,48.35555],[24.25659,48.3531],[24.23406,48.35054],[24.20832,48.35074],[24.17773,48.35462],[24.17091,48.35695],[24.16331,48.36087],[24.15106,48.36888],[24.14455,48.37508],[24.14083,48.37994],[24.13944,48.38376],[24.13241,48.414],[24.13086,48.42598],[24.13117,48.43449],[24.13727,48.45932],[24.13882,48.46309],[24.13985,48.46712],[24.14068,48.4712],[24.14083,48.47528],[24.13882,48.48255],[24.13603,48.48955],[24.13541,48.49337],[24.13489,48.5004],[24.13541,48.50637],[24.13727,48.51508],[24.13768,48.52029],[24.13696,48.52748],[24.13365,48.5311],[24.12931,48.53342],[24.12388,48.53394],[24.11861,48.53342],[24.1138,48.53223],[24.06492,48.51053],[24.04616,48.5051],[24.00146,48.50014],[23.98053,48.49068],[23.96405,48.47859],[23.96048,48.47637],[23.95242,48.47286],[23.94265,48.47037],[23.93599,48.47022],[23.92839,48.471],[23.91723,48.47435],[23.91175,48.47756],[23.90849,48.48115],[23.90741,48.48474],[23.90741,48.48872],[23.90818,48.49267],[23.91051,48.50024],[23.91299,48.50412],[23.91454,48.50732],[23.91676,48.51544],[23.91599,48.52107],[23.91361,48.52753],[23.90679,48.53797],[23.90229,48.54329],[23.89811,48.54727],[23.89485,48.54962],[23.88695,48.55363],[23.88245,48.55533],[23.87733,48.55652],[23.86478,48.55781],[23.85635,48.55962],[23.84705,48.56282],[23.7915,48.5938],[23.78545,48.59892],[23.78173,48.60344],[23.7808,48.60721],[23.78049,48.6113],[23.78096,48.61548],[23.78297,48.62442],[23.78297,48.62972],[23.78049,48.63806],[23.77662,48.64215],[23.7715,48.64471],[23.76049,48.64685],[23.74778,48.64796],[23.73533,48.64781],[23.72416,48.64639],[23.70897,48.64297],[23.70153,48.64308],[23.693,48.64468],[23.6745,48.65447],[23.61244,48.70382],[23.57379,48.71581],[23.53286,48.72369],[23.57534,48.83387],[23.57472,48.84213],[23.57162,48.85319],[23.57007,48.85661],[23.56805,48.85976],[23.56324,48.8656],[23.55317,48.87479],[23.54898,48.88043],[23.54836,48.88495],[23.54929,48.88898],[23.55348,48.89552],[23.57647,48.96864],[23.58159,48.97732],[23.59787,48.98468],[23.61957,48.99732],[23.62376,49.00042],[23.64164,49.01076],[23.64768,49.01843],[23.65544,49.0307],[23.68163,49.08305],[23.68411,49.08677],[23.68789,49.09031],[23.69362,49.09463],[23.71099,49.10429],[23.7285,49.11075],[23.73858,49.11318],[23.75476,49.11494],[23.85501,49.10563],[23.9057,49.10718],[23.91289,49.10917],[23.92172,49.11256],[23.94358,49.12475],[23.95025,49.12739],[23.95567,49.12801],[23.96746,49.12687],[24.00332,49.11643],[24.01154,49.11793],[24.02337,49.12165],[24.06833,49.14307],[24.07877,49.14509],[24.0845,49.14558],[24.09675,49.14444],[24.14052,49.13499],[24.14657,49.13442],[24.15819,49.13499],[24.20522,49.14894],[24.21638,49.1501],[24.2415,49.14899],[24.26341,49.15235],[24.27364,49.15509],[24.31602,49.17173],[24.35555,49.18152],[24.36661,49.18292],[24.37281,49.18315],[24.37901,49.18279],[24.38474,49.18196],[24.38893,49.18051],[24.39622,49.17974],[24.40567,49.18044],[24.42495,49.18542],[24.43487,49.19018],[24.44123,49.1941],[24.44402,49.19746],[24.44603,49.20087],[24.44665,49.2047],[24.44619,49.20847],[24.44402,49.2117],[24.42557,49.22769],[24.41766,49.23521],[24.40578,49.23074],[24.38697,49.23188],[24.36361,49.23658],[24.35694,49.24103],[24.354,49.26495],[24.35415,49.26893],[24.35586,49.27327],[24.35885,49.27754],[24.36382,49.2833],[24.3663,49.28764],[24.36707,49.29156],[24.36552,49.29477],[24.36288,49.29735],[24.35927,49.29963],[24.35059,49.30309],[24.34531,49.30402],[24.33958,49.30361],[24.33415,49.30162],[24.31353,49.28934],[24.3095,49.28748],[24.3048,49.28604],[24.29984,49.28521],[24.29441,49.28562],[24.29007,49.2873],[24.28651,49.28981],[24.28387,49.29265],[24.28217,49.29642],[24.28186,49.30102],[24.28356,49.30756],[24.28697,49.31115],[24.29085,49.31389],[24.3109,49.31859],[24.32222,49.31988],[24.34408,49.32009],[24.35772,49.3219],[24.36955,49.32614],[24.37637,49.33099],[24.38599,49.3404],[24.41859,49.3619],[24.42324,49.36644],[24.42417,49.37017],[24.42386,49.37399],[24.42154,49.37678],[24.41797,49.37913],[24.38691,49.39146],[24.38335,49.39378],[24.38459,49.40014],[24.39048,49.40978],[24.42076,49.44184],[24.4265,49.44946],[24.42758,49.45349],[24.42789,49.4576],[24.42712,49.46145],[24.42572,49.46486],[24.422,49.47135],[24.41466,49.48011],[24.41327,49.48339],[24.41436,49.48866],[24.41828,49.49517],[24.42727,49.50675],[24.43316,49.51212],[24.43875,49.51569],[24.44386,49.51669],[24.44991,49.51669],[24.48546,49.51145],[24.49662,49.51155],[24.57233,49.52468],[24.58458,49.52398],[24.59595,49.52228],[24.60633,49.51964],[24.61517,49.51607],[24.63749,49.50331],[24.64153,49.50034],[24.64592,49.4983],[24.64979,49.49706],[24.65475,49.49672],[24.6639,49.4983],[24.66871,49.49775],[24.67336,49.49646],[24.68204,49.49279],[24.68777,49.49148],[24.69274,49.49078],[24.70705,49.49179],[24.78849,49.40887],[24.80415,49.38887],[24.82172,49.35608],[24.82668,49.3497],[24.83288,49.33957],[24.83304,49.33513],[24.83149,49.33146],[24.82653,49.32531],[24.82467,49.32174],[24.82358,49.31782],[24.82343,49.31379],[24.82451,49.31022],[24.82606,49.30681],[24.82808,49.30368],[24.83102,49.29668],[24.83567,49.27784],[24.83722,49.26593],[24.83831,49.26221],[24.84094,49.2586],[24.84559,49.2555],[24.86652,49.25038],[24.86704,49.25017],[24.87076,49.24594],[24.8751,49.23886],[24.87913,49.2294],[24.88161,49.22216],[24.88239,49.21829],[24.8827,49.21421],[24.88254,49.21002],[24.88192,49.20581],[24.88084,49.20175],[24.87898,49.19834],[24.8765,49.19514],[24.8734,49.19258],[24.85815,49.18423],[24.85505,49.18165],[24.85242,49.17881],[24.85118,49.17529],[24.85102,49.17173],[24.85211,49.16847],[24.85924,49.15545],[24.86001,49.15163],[24.86001,49.14754],[24.85955,49.14325],[24.85769,49.13481],[24.85722,49.13049],[24.85722,49.12636],[24.85846,49.12274],[24.86001,49.11938],[24.86239,49.11643],[24.8659,49.11369],[24.87092,49.11168],[24.88022,49.11122],[24.88564,49.11261],[24.89029,49.11462],[24.89402,49.1169],[24.90223,49.12093],[24.90673,49.1224],[24.91184,49.12315],[24.91711,49.12269],[24.93623,49.11649],[24.96678,49.11297],[24.97174,49.11039],[24.97639,49.10656],[24.98156,49.0992],[24.98373,49.09401],[24.98466,49.08904],[24.98481,49.08073],[24.98559,49.07693],[24.98698,49.07344],[24.989,49.07034],[24.99132,49.06747],[24.99272,49.06419],[24.99287,49.06062],[24.99132,49.05721],[24.98869,49.05427],[24.98559,49.05174],[24.98187,49.04954],[24.97722,49.0483],[24.97189,49.04776],[24.96631,49.04796],[24.95561,49.05016],[24.92709,49.05969],[24.91541,49.0615],[24.90905,49.06161],[24.90363,49.06106],[24.89882,49.05964],[24.89572,49.05721],[24.89417,49.0537],[24.89371,49.05],[24.89402,49.04621],[24.89557,49.04287],[24.89758,49.03985],[24.89882,49.03907],[24.90936,49.0338],[24.94213,49.02517],[24.95034,49.02076],[24.95649,49.01391],[24.9582,49.00802],[24.95933,49.00161],[24.96399,48.99282],[24.97815,48.97711],[24.99256,48.96962],[25.01003,48.96859],[25.05153,48.97432],[25.06703,48.97246],[25.11963,48.95138],[25.12889,48.94435],[25.12966,48.9344],[25.12227,48.91774],[25.12299,48.90761],[25.12858,48.89818],[25.15255,48.87304],[25.16558,48.86549],[25.17364,48.87164],[25.17798,48.88405],[25.17984,48.89536],[25.18309,48.9036],[25.18909,48.91074],[25.19736,48.91774],[25.21947,48.92944],[25.23126,48.9321],[25.24578,48.93138],[25.24578,48.92394],[25.23565,48.9119],[25.22671,48.88678],[25.22221,48.8597],[25.22531,48.84201],[25.25007,48.85945],[25.27363,48.85898],[25.32774,48.84201],[25.30655,48.82831],[25.25007,48.81769],[25.23896,48.80105],[25.251,48.77516],[25.2772,48.78142],[25.32774,48.8147],[25.34324,48.81632],[25.35099,48.81299],[25.35409,48.81387],[25.35564,48.82834],[25.35373,48.8409],[25.3513,48.84958],[25.35611,48.85459],[25.37616,48.8563],[25.38871,48.85402],[25.40096,48.84968],[25.41445,48.84694],[25.43078,48.84945],[25.43295,48.85387],[25.43124,48.86079],[25.43161,48.86715],[25.44039,48.86994],[25.4469,48.86875],[25.46235,48.86363],[25.47109,48.8625],[25.46271,48.84834],[25.45739,48.84167],[25.45,48.83578],[25.46111,48.82529],[25.4823,48.81397],[25.50556,48.8048],[25.52292,48.80105],[25.54839,48.79904],[25.56545,48.79343],[25.59527,48.77434],[25.62301,48.76372],[25.62937,48.76007],[25.64007,48.74504],[25.63893,48.73912],[25.63294,48.73609],[25.62937,48.72964],[25.62839,48.72018],[25.62761,48.71827],[25.6304,48.71677],[25.63991,48.70855],[25.64627,48.69726],[25.64296,48.68948],[25.63723,48.68364],[25.63619,48.67811],[25.59852,48.65832],[25.58638,48.65073],[25.57708,48.64328],[25.57242,48.63853],[25.56715,48.63057],[25.56545,48.6253],[25.56498,48.62096],[25.56731,48.60907],[25.57769,48.58076],[25.60441,48.53239],[25.60581,48.52159],[25.60038,48.4326],[25.59382,48.40694],[25.58994,48.39883],[25.58514,48.39286],[25.58033,48.38997],[25.57506,48.38837],[25.56932,48.38831],[25.56374,48.38898],[25.55491,48.39162],[25.54514,48.39557],[25.52478,48.40092],[25.51315,48.40289],[25.49284,48.40371],[25.44737,48.40004],[25.4067,48.39152],[25.36965,48.3802],[25.29265,48.3402],[25.19612,48.25685],[25.1879,48.2524],[25.17674,48.24959],[25.16232,48.24432],[25.14775,48.23669],[25.14087,48.23194],[25.13638,48.2276],[25.13467,48.22398],[25.13343,48.22],[25.13281,48.21571],[25.1325,48.20724],[25.13328,48.20331],[25.13421,48.19969],[25.13591,48.19641],[25.13994,48.18998],[25.14134,48.18641],[25.14041,48.18171],[25.137,48.17928],[25.13173,48.17825],[25.12568,48.17789],[25.117,48.17507],[25.1063,48.16946],[25.05447,48.12859],[25.05075,48.12655],[25.04641,48.12502],[25.0276,48.12153],[25.01737,48.11859],[25.00062,48.11035],[24.99349,48.10507],[24.98915,48.10016],[24.98807,48.09624],[24.98466,48.07887],[24.97969,48.07066],[24.93453,48.01345],[24.93096,48.00601],[24.92817,47.99697],[24.92771,47.99366],[24.92755,47.98963],[24.93174,47.97103],[24.93298,47.95472],[24.93484,47.94741],[24.94306,47.93087],[24.94523,47.92793],[24.94786,47.92516],[24.9629,47.91248],[24.96523,47.90969],[24.96724,47.90666],[24.96848,47.9031],[24.96941,47.89932],[24.96941,47.87816],[24.97034,47.87439],[24.97298,47.86752],[24.98093,47.85517],[24.98264,47.85189],[24.98373,47.84829],[24.98466,47.84442],[24.98481,47.84039],[24.98466,47.83641],[24.98093,47.8284],[24.93407,47.75724],[24.93251,47.75404],[24.92879,47.73143],[24.92848,47.72644],[24.92885,47.71435],[24.92886,47.71394]]]}},{"type":"Feature","properties":{"name":"Odessa","country_iso_a3":"UKR","type":"Oblast'"},"geometry":{"type":"MultiPolygon","coordinates":[[[[28.21293,45.4502],[28.1995,45.46177],[28.20156,45.46885],[28.20849,45.48141],[28.21717,45.49319],[28.21728,45.49335],[28.27042,45.52147],[28.2705,45.52151],[28.34192,45.51764],[28.41685,45.50379],[28.48093,45.50198],[28.50201,45.50875],[28.50646,45.52058],[28.50005,45.55459],[28.49798,45.55644],[28.49824,45.55872],[28.50374,45.5661],[28.5046,45.56725],[28.51044,45.57102],[28.53689,45.5798],[28.5231,45.59324],[28.51875,45.60704],[28.5169,45.62099],[28.51131,45.63504],[28.4985,45.64429],[28.48289,45.65075],[28.474,45.65794],[28.48093,45.66946],[28.50418,45.6937],[28.51524,45.70202],[28.5325,45.71008],[28.56144,45.71659],[28.56764,45.7246],[28.56352,45.73549],[28.56061,45.7432],[28.57668,45.76191],[28.64361,45.76651],[28.66975,45.77731],[28.67327,45.78687],[28.67192,45.79726],[28.66939,45.8063],[28.66975,45.81204],[28.6773,45.81658],[28.70639,45.82113],[28.72556,45.82878],[28.73828,45.83756],[28.74505,45.85048],[28.74644,45.87059],[28.74231,45.88733],[28.72841,45.92195],[28.72918,45.93864],[28.74024,45.95322],[28.7576,45.96117],[28.93196,45.99316],[28.95687,46.00138],[28.95894,46.02102],[28.94116,46.06468],[28.93878,46.08928],[28.94643,46.10509],[28.98085,46.13212],[29.00348,46.15894],[29.01536,46.18261],[29.00984,46.20436],[28.9841,46.22121],[28.95077,46.24307],[28.95061,46.24312],[28.93351,46.25899],[28.93289,46.27263],[28.93992,46.28699],[28.94581,46.30498],[28.94488,46.32074],[28.92731,46.36802],[28.91925,46.40466],[28.92545,46.43277],[28.94581,46.45479],[29.02033,46.48951],[29.05591,46.49874],[29.07495,46.50367],[29.16275,46.53809],[29.18306,46.53804],[29.18424,46.53804],[29.20021,46.52398],[29.20678,46.50251],[29.2076,46.41789],[29.20564,46.40611],[29.19928,46.3965],[29.19034,46.3872],[29.18342,46.37761],[29.18373,46.36717],[29.20068,46.35712],[29.2229,46.36647],[29.25917,46.39435],[29.27137,46.39743],[29.27819,46.39588],[29.28326,46.39743],[29.29008,46.41024],[29.2907,46.41926],[29.28594,46.43949],[29.28915,46.45164],[29.30672,46.472],[29.32077,46.46874],[29.34423,46.43417],[29.36211,46.41593],[29.37472,46.41619],[29.41823,46.46249],[29.43684,46.4767],[29.45672,46.48437],[29.45761,46.48471],[29.48087,46.48205],[29.48645,46.47587],[29.48821,46.46936],[29.48624,46.46249],[29.48087,46.45551],[29.47529,46.44755],[29.47332,46.4398],[29.47508,46.43226],[29.48087,46.42515],[29.49606,46.42081],[29.52748,46.41665],[29.54143,46.41303],[29.55564,46.4042],[29.56944,46.38229],[29.58298,46.36965],[29.59859,46.36306],[29.61564,46.36182],[29.63207,46.36606],[29.64551,46.37559],[29.65295,46.3919],[29.64799,46.41639],[29.6544,46.4227],[29.68272,46.42293],[29.70287,46.42833],[29.71382,46.44306],[29.71413,46.47117],[29.72695,46.4558],[29.77956,46.4211],[29.80033,46.39836],[29.80508,46.38999],[29.80674,46.38089],[29.80617,46.36156],[29.80819,46.35469],[29.82813,46.3394],[29.84777,46.34146],[29.88467,46.3642],[29.90255,46.37118],[29.91867,46.37366],[30.03727,46.36893],[30.08114,46.3742],[30.10719,46.3919],[30.13158,46.42283],[30.11824,46.42869],[30.10202,46.43073],[30.08693,46.42887],[30.07701,46.42283],[30.06001,46.4368],[30.01406,46.46202],[30.02171,46.47065],[30.00941,46.48807],[30.00285,46.49422],[29.99494,46.49853],[29.98926,46.49869],[29.97706,46.49318],[29.97055,46.49174],[29.96704,46.49386],[29.96208,46.50344],[29.96022,46.50595],[29.91609,46.51881],[29.90193,46.53083],[29.89883,46.55313],[29.91609,46.55437],[29.9381,46.55734],[29.94967,46.57886],[29.9474,46.58835],[29.93495,46.60884],[29.93128,46.61917],[29.9319,46.63237],[29.93541,46.64186],[29.94027,46.6508],[29.9444,46.66248],[29.95262,46.72469],[29.95112,46.74312],[29.94668,46.75074],[29.93567,46.76516],[29.9318,46.77244],[29.93045,46.78164],[29.93066,46.80309],[29.92818,46.80975],[29.91743,46.81397],[29.90771,46.81094],[29.89852,46.80665],[29.88963,46.80717],[29.88487,46.81267],[29.87692,46.83079],[29.87221,46.83771],[29.84363,46.85414],[29.81521,46.85662],[29.78576,46.85466],[29.75413,46.85802],[29.73584,46.86719],[29.71248,46.89344],[29.69615,46.90468],[29.68086,46.90856],[29.64809,46.91042],[29.63187,46.9144],[29.62329,46.91954],[29.60758,46.93202],[29.59848,46.93538],[29.57316,46.93373],[29.56748,46.93466],[29.55869,46.94574],[29.55983,46.95884],[29.56063,46.96126],[29.565,46.9745],[29.57249,47.01176],[29.58339,47.02279],[29.59543,47.03214],[29.60303,47.04576],[29.6021,47.06101],[29.59486,47.0746],[29.58339,47.08521],[29.57016,47.09144],[29.55135,47.0902],[29.53973,47.07888],[29.53099,47.06602],[29.52014,47.05992],[29.51146,47.06602],[29.48087,47.10524],[29.4787,47.10847],[29.47787,47.11154],[29.47859,47.11465],[29.48087,47.11749],[29.50867,47.1194],[29.53037,47.12369],[29.54484,47.13557],[29.55063,47.16017],[29.5404,47.21255],[29.54402,47.23425],[29.56872,47.24314],[29.58019,47.26045],[29.57926,47.2836],[29.57006,47.30678],[29.55657,47.32404],[29.53988,47.33422],[29.52097,47.33892],[29.50107,47.33982],[29.48087,47.33827],[29.47064,47.32275],[29.46609,47.30745],[29.45916,47.2935],[29.4417,47.28213],[29.42557,47.27867],[29.40955,47.27975],[29.39446,47.28471],[29.38082,47.29298],[29.37088,47.30443],[29.36759,47.30823],[29.36449,47.32244],[29.36408,47.33688],[29.35891,47.35272],[29.34584,47.36584],[29.33038,47.37049],[29.31468,47.37272],[29.30083,47.37819],[29.29271,47.38887],[29.28822,47.40078],[29.2814,47.41147],[29.2507,47.42538],[29.23261,47.44633],[29.21835,47.4516],[29.20187,47.44659],[29.19241,47.43581],[29.18207,47.42987],[29.16388,47.43938],[29.15562,47.45],[29.14001,47.48015],[29.13719,47.48401],[29.13066,47.49294],[29.1306,47.49305],[29.1305,47.4931],[29.1304,47.4932],[29.11743,47.53333],[29.1305,47.55963],[29.15618,47.58278],[29.18207,47.61322],[29.19241,47.65092],[29.19148,47.68626],[29.19696,47.7175],[29.22667,47.74324],[29.23861,47.756],[29.23473,47.7668],[29.22197,47.77481],[29.18745,47.78321],[29.17784,47.78972],[29.17773,47.8007],[29.18672,47.81822],[29.19892,47.82948],[29.21742,47.84289],[29.23277,47.85708],[29.23602,47.87072],[29.226,47.87558],[29.18662,47.88364],[29.17256,47.89101],[29.16461,47.9056],[29.15582,47.93987],[29.14797,47.95537],[29.13629,47.96818],[29.12399,47.97599],[29.11004,47.97966],[29.09273,47.98017],[29.06105,47.96976],[29.01723,47.93108],[28.98085,47.92638],[28.95036,47.9348],[28.93609,47.94216],[28.9148,47.95315],[28.88256,47.97676],[28.86209,48.0005],[28.87977,48.01061],[28.96421,48.03583],[28.9856,48.04554],[28.99707,48.05676],[29.01025,48.06652],[29.01769,48.07066],[29.03464,48.07704],[29.04611,48.08311],[29.0489,48.08575],[29.0503,48.08926],[29.0503,48.09283],[29.04983,48.09663],[29.04239,48.12109],[29.04115,48.12823],[29.04239,48.13164],[29.04503,48.13443],[29.04937,48.13644],[29.07826,48.14445],[29.08616,48.14569],[29.09329,48.14585],[29.10399,48.14357],[29.10957,48.14099],[29.11391,48.13825],[29.11701,48.13572],[29.13567,48.12487],[29.149,48.11939],[29.15272,48.11727],[29.16156,48.10962],[29.16993,48.10575],[29.22254,48.09184],[29.24083,48.08502],[29.24631,48.08451],[29.33845,48.08621],[29.43467,48.11314],[29.44971,48.11355],[29.45436,48.11138],[29.45839,48.10895],[29.4972,48.09283],[29.51037,48.09042],[29.58551,48.08714],[29.64168,48.09089],[29.65114,48.09324],[29.6561,48.09381],[29.66091,48.09334],[29.67021,48.09035],[29.67502,48.09027],[29.67982,48.09221],[29.69662,48.12554],[29.69817,48.13169],[29.69755,48.13644],[29.69538,48.13939],[29.6929,48.14218],[29.67223,48.16001],[29.66742,48.16574],[29.66587,48.16895],[29.66664,48.17308],[29.67114,48.1774],[29.68246,48.18207],[29.69243,48.18114],[29.69848,48.17964],[29.70902,48.18019],[29.71724,48.18166],[29.7748,48.20311],[29.79997,48.20615],[29.81609,48.21034],[29.82043,48.21101],[29.82586,48.21011],[29.83144,48.20812],[29.84865,48.19928],[29.8532,48.19602],[29.85578,48.19329],[29.86808,48.18336],[29.87211,48.18119],[29.87661,48.18003],[29.88219,48.18001],[29.88777,48.18243],[29.8918,48.18502],[29.91511,48.21354],[29.92069,48.21928],[29.9241,48.22155],[29.92906,48.22223],[29.93526,48.22114],[29.94844,48.21277],[29.95371,48.21018],[29.95944,48.20959],[29.96782,48.21132],[29.9812,48.2169],[29.98389,48.21773],[29.99675,48.22098],[30.01324,48.19933],[30.02776,48.17479],[30.04781,48.1552],[30.08347,48.14373],[30.29307,48.13572],[30.29431,48.11799],[30.29539,48.1135],[30.29865,48.11029],[30.31188,48.10549],[30.31637,48.10249],[30.31668,48.09707],[30.31529,48.09298],[30.31188,48.09024],[30.30702,48.08947],[30.30175,48.09014],[30.29632,48.09138],[30.29059,48.09184],[30.28532,48.0912],[30.28159,48.08926],[30.27524,48.08409],[30.27121,48.08296],[30.25601,48.0842],[30.2217,48.07407],[30.21767,48.07221],[30.21054,48.06782],[30.20899,48.06502],[30.20976,48.06208],[30.22232,48.05681],[30.22573,48.0534],[30.2262,48.04766],[30.22558,48.03456],[30.22604,48.03102],[30.22573,48.02756],[30.2248,48.0241],[30.2169,48.01552],[30.21597,48.01185],[30.21534,48.00797],[30.21597,47.99878],[30.2172,47.99598],[30.22,47.99299],[30.22651,47.99025],[30.25121,47.98557],[30.25555,47.98366],[30.25912,47.98149],[30.26299,47.97862],[30.27322,47.96823],[30.2926,47.9532],[30.29555,47.94958],[30.29787,47.94488],[30.32211,47.83718],[30.32335,47.83432],[30.32505,47.82964],[30.32738,47.82587],[30.33141,47.82111],[30.34738,47.81057],[30.35807,47.80633],[30.38433,47.79925],[30.38975,47.79657],[30.39456,47.79217],[30.39936,47.77675],[30.39936,47.77228],[30.39843,47.77026],[30.39642,47.76758],[30.39363,47.7651],[30.38309,47.75822],[30.38014,47.75533],[30.37843,47.75166],[30.37921,47.74727],[30.38185,47.74264],[30.39533,47.73352],[30.40789,47.72686],[30.41115,47.7236],[30.41378,47.71972],[30.41461,47.71295],[30.41347,47.7082],[30.41115,47.70437],[30.40402,47.69466],[30.40231,47.69104],[30.40153,47.68693],[30.402,47.68329],[30.40355,47.6789],[30.41037,47.66634],[30.41378,47.65699],[30.41657,47.65291],[30.42035,47.64836],[30.43027,47.64303],[30.45383,47.63492],[30.45802,47.6327],[30.46778,47.62546],[30.47135,47.62329],[30.4759,47.62211],[30.52163,47.62764],[30.52664,47.62764],[30.53129,47.62614],[30.53533,47.62376],[30.53982,47.62025],[30.54447,47.61844],[30.54974,47.61761],[30.55455,47.61833],[30.56323,47.62112],[30.57842,47.62903],[30.58824,47.63632],[30.59289,47.63751],[30.59832,47.63732],[30.60421,47.63559],[30.61692,47.62872],[30.62343,47.62686],[30.62979,47.62593],[30.66581,47.62565],[30.67123,47.62329],[30.67542,47.61916],[30.67945,47.60107],[30.68519,47.59343],[30.68999,47.58999],[30.6948,47.58795],[30.69914,47.58782],[30.7026,47.58968],[30.7057,47.59224],[30.71051,47.59906],[30.71547,47.61598],[30.71718,47.62001],[30.71981,47.62314],[30.72384,47.625],[30.77986,47.63373],[30.78466,47.63048],[30.78807,47.6235],[30.79087,47.60614],[30.78978,47.59802],[30.78761,47.59239],[30.78559,47.58934],[30.78575,47.58655],[30.7904,47.58441],[30.82487,47.5835],[30.83153,47.58053],[30.8382,47.57462],[30.84905,47.56103],[30.86337,47.54919],[30.86817,47.54346],[30.8722,47.52232],[30.87158,47.51253],[30.87034,47.50881],[30.86848,47.50542],[30.86523,47.50315],[30.85758,47.50038],[30.8568,47.49976],[30.85603,47.4939],[30.85634,47.48666],[30.8551,47.47602],[30.85262,47.46718],[30.84611,47.45132],[30.83386,47.42951],[30.83867,47.41266],[30.88554,47.31654],[30.90228,47.29112],[30.9153,47.2767],[30.97023,47.27014],[31.01059,47.26911],[31.01354,47.26843],[31.01804,47.26564],[31.02904,47.25334],[31.03431,47.25122],[31.03964,47.25094],[31.07018,47.26037],[31.14981,47.27228],[31.15368,47.27166],[31.15617,47.27014],[31.15803,47.26864],[31.15989,47.26662],[31.16764,47.25505],[31.16965,47.24942],[31.17198,47.24058],[31.16857,47.23365],[31.16562,47.22916],[31.15182,47.21924],[31.1481,47.21727],[31.13922,47.21456],[31.12929,47.21283],[31.12464,47.21156],[31.12092,47.20973],[31.11813,47.20694],[31.11596,47.19895],[31.11488,47.19061],[31.11519,47.1864],[31.11643,47.18234],[31.1203,47.17857],[31.12464,47.17598],[31.12991,47.17428],[31.15399,47.16999],[31.16314,47.1666],[31.17384,47.16017],[31.17741,47.15852],[31.1819,47.15772],[31.18655,47.15805],[31.1912,47.15919],[31.20391,47.16366],[31.21342,47.16583],[31.2235,47.16583],[31.22784,47.16291],[31.23125,47.15821],[31.23575,47.1489],[31.23993,47.1442],[31.24396,47.14061],[31.25456,47.13402],[31.25714,47.13144],[31.25993,47.12769],[31.26293,47.12302],[31.26603,47.11506],[31.26913,47.11035],[31.27285,47.10741],[31.27859,47.10632],[31.29533,47.10547],[31.30014,47.10446],[31.30417,47.10183],[31.30603,47.09754],[31.3068,47.09046],[31.29626,47.07353],[31.29673,47.06317],[31.29626,47.05646],[31.29455,47.05046],[31.2882,47.0439],[31.28293,47.04085],[31.27766,47.03584],[31.27316,47.02927],[31.26773,47.01411],[31.26184,47.00178],[31.26024,47.0001],[31.25704,46.99801],[31.2359,46.99155],[31.23218,46.98948],[31.22939,46.98638],[31.22396,46.97742],[31.21962,46.97532],[31.21451,46.9745],[31.15353,46.97186],[31.14407,46.96977],[31.13953,46.96923],[31.13518,46.96992],[31.12836,46.97388],[31.12402,46.97532],[31.11891,46.97569],[31.11379,46.97543],[31.10929,46.97395],[31.10635,46.97129],[31.09627,46.95899],[31.09271,46.95698],[31.08806,46.95564],[31.03731,46.95313],[31.03369,46.95235],[31.03152,46.94781],[31.03297,46.9385],[31.04119,46.91701],[31.05002,46.90442],[31.05638,46.8974],[31.0986,46.8774],[31.10526,46.87254],[31.11255,46.86443],[31.12356,46.84665],[31.12681,46.84345],[31.13022,46.84122],[31.14387,46.8358],[31.16221,46.82538],[31.16485,46.81647],[31.17182,46.73663],[31.17617,46.72717],[31.17771,46.72092],[31.17803,46.71498],[31.17508,46.70779],[31.17244,46.70322],[31.17244,46.68439],[31.18795,46.62909],[31.18686,46.62914],[31.15952,46.62897],[31.10816,46.61774],[31.05454,46.61274],[31.01303,46.60334],[30.99138,46.60126],[30.98243,46.5974],[30.95924,46.5834],[30.95045,46.58413],[30.93914,46.58771],[30.92604,46.5843],[30.86695,46.55581],[30.8545,46.55341],[30.81251,46.56005],[30.80258,46.56025],[30.7907,46.55292],[30.76092,46.52436],[30.75489,46.51586],[30.75831,46.50259],[30.77524,46.47769],[30.78207,46.45722],[30.7859,46.45726],[30.79347,46.45234],[30.79819,46.44644],[30.79298,46.44355],[30.79038,46.44147],[30.78679,46.43651],[30.78354,46.43085],[30.77475,46.40062],[30.77247,46.39643],[30.73129,46.35859],[30.71453,46.34797],[30.66065,46.3509],[30.65187,46.34455],[30.6565,46.33902],[30.67937,46.32832],[30.68653,46.32001],[30.68678,46.30903],[30.68238,46.29955],[30.65349,46.25959],[30.58351,46.19033],[30.56186,46.16169],[30.5477,46.14777],[30.53199,46.14191],[30.52329,46.13377],[30.50343,46.09439],[30.49415,46.08047],[30.37127,45.99795],[30.2614,45.89549],[30.20493,45.85586],[30.13844,45.81977],[30.14096,45.83295],[30.13527,45.88915],[30.12745,45.89134],[30.11834,45.88451],[30.11061,45.87507],[30.10581,45.86347],[30.10231,45.83686],[30.1006,45.83031],[30.09685,45.82372],[30.09645,45.81843],[30.09457,45.81485],[30.08668,45.81354],[30.08432,45.81562],[30.07838,45.8194],[30.07244,45.82099],[30.06959,45.81672],[30.06121,45.81346],[30.01466,45.83967],[29.99073,45.84707],[29.96852,45.83893],[29.96046,45.81916],[29.95826,45.79462],[29.95289,45.77196],[29.94304,45.78352],[29.93238,45.79243],[29.93238,45.79987],[29.93914,45.81045],[29.93507,45.81615],[29.92628,45.81379],[29.91871,45.79987],[29.91774,45.7829],[29.92237,45.76944],[29.93019,45.7591],[29.9393,45.75153],[29.93238,45.72419],[29.92742,45.73371],[29.91969,45.74055],[29.8982,45.75153],[29.89576,45.75536],[29.89682,45.75991],[29.89617,45.76362],[29.88771,45.76512],[29.88168,45.76301],[29.87875,45.75829],[29.8768,45.75361],[29.87403,45.75153],[29.85084,45.75113],[29.82374,45.74763],[29.80242,45.73749],[29.79575,45.71735],[29.80323,45.70417],[29.81642,45.6977],[29.84303,45.69066],[29.85825,45.67988],[29.865,45.67235],[29.86012,45.66893],[29.84254,45.66389],[29.82667,45.65424],[29.80958,45.64859],[29.78907,45.65526],[29.78614,45.64891],[29.78386,45.64663],[29.78435,45.64362],[29.78907,45.63544],[29.7741,45.62958],[29.74594,45.62263],[29.73373,45.61433],[29.73504,45.64057],[29.72397,45.66743],[29.70525,45.68842],[29.68263,45.69685],[29.68531,45.70425],[29.67921,45.75153],[29.6858,45.76773],[29.69223,45.77534],[29.69386,45.78132],[29.68588,45.79243],[29.68043,45.79828],[29.67758,45.8002],[29.674,45.80158],[29.65333,45.81387],[29.64747,45.81855],[29.64283,45.82722],[29.63819,45.82632],[29.63356,45.82136],[29.63136,45.81354],[29.63461,45.80663],[29.64869,45.79361],[29.65187,45.78901],[29.64796,45.78119],[29.62957,45.76349],[29.62387,45.75153],[29.62273,45.73623],[29.62534,45.72826],[29.63071,45.7215],[29.63754,45.70991],[29.6032,45.69131],[29.59718,45.65229],[29.59938,45.60444],[29.58969,45.55907],[29.615,45.55012],[29.62908,45.5467],[29.64845,45.5454],[29.66684,45.54816],[29.68116,45.55512],[29.70704,45.57331],[29.69451,45.5622],[29.66163,45.52587],[29.64845,45.51813],[29.63803,45.51386],[29.63168,45.50446],[29.62672,45.49506],[29.62086,45.49079],[29.60515,45.48701],[29.60572,45.47818],[29.6211,45.45441],[29.62965,45.44693],[29.6408,45.4418],[29.65187,45.44302],[29.65561,45.45185],[29.65382,45.46402],[29.65602,45.47419],[29.67237,45.47712],[29.67237,45.45384],[29.6753,45.44961],[29.68149,45.45018],[29.68653,45.45356],[29.68588,45.45726],[29.69435,45.45551],[29.70216,45.45661],[29.70867,45.45279],[29.71323,45.43623],[29.71974,45.45136],[29.72446,45.46817],[29.73227,45.47574],[29.74741,45.46345],[29.75465,45.44725],[29.75587,45.42788],[29.74781,45.41429],[29.72771,45.41568],[29.74187,45.40453],[29.75017,45.38581],[29.75392,45.36408],[29.7562,45.32123],[29.75489,45.31269],[29.75147,45.30414],[29.74293,45.29047],[29.74122,45.28221],[29.72975,45.25812],[29.72771,45.24775],[29.72869,45.23933],[29.72975,45.23774],[29.72804,45.23688],[29.70875,45.22333],[29.69239,45.21674],[29.67449,45.21357],[29.65903,45.21589],[29.66421,45.22318],[29.66649,45.23063],[29.66499,45.23786],[29.65925,45.24417],[29.67228,45.27295],[29.66711,45.31186],[29.65026,45.34612],[29.62814,45.3608],[29.61636,45.36535],[29.5697,45.39496],[29.43064,45.43041],[29.35374,45.43594],[29.34392,45.43811],[29.33297,45.44214],[29.32212,45.44384],[29.31282,45.43935],[29.30703,45.43413],[29.29928,45.42891],[29.29049,45.42462],[29.28181,45.42229],[29.26083,45.42204],[29.2446,45.42421],[29.22817,45.42374],[29.20667,45.41542],[29.19158,45.40617],[29.18311,45.39899],[29.17939,45.39186],[29.17432,45.38896],[29.15014,45.38788],[29.14187,45.38509],[29.1275,45.37454],[29.1103,45.36907],[29.06952,45.3608],[29.01816,45.33088],[29.00462,45.32607],[28.98245,45.3255],[28.97366,45.3237],[28.96648,45.31987],[28.96043,45.31129],[28.95738,45.29202],[28.95284,45.28509],[28.92989,45.2791],[28.91005,45.28737],[28.89362,45.29982],[28.88085,45.30618],[28.85811,45.30907],[28.83181,45.3223],[28.81631,45.32607],[28.78975,45.32142],[28.78861,45.30711],[28.79016,45.29207],[28.76153,45.28184],[28.75967,45.27419],[28.76256,45.26514],[28.76727,45.25776],[28.77429,45.25336],[28.80267,45.24417],[28.7914,45.23497],[28.77869,45.23109],[28.74737,45.23047],[28.71006,45.22696],[28.57705,45.24809],[28.49416,45.27889],[28.40517,45.29507],[28.37024,45.30922],[28.35329,45.31243],[28.33024,45.32292],[28.31081,45.34783],[28.2812,45.40183],[28.28642,45.42173],[28.26688,45.44048],[28.23764,45.45206],[28.21515,45.45036],[28.21293,45.4502]]],[[[29.91871,45.69066],[30.07569,45.79243],[30.12599,45.81147],[29.90805,45.66645],[29.80747,45.61433],[29.73097,45.59138],[29.78126,45.61066],[29.80144,45.62189],[29.80942,45.63166],[29.81479,45.64106],[29.82765,45.64472],[29.84311,45.64619],[29.8567,45.64912],[29.87273,45.65827],[29.90162,45.68049],[29.91871,45.69066]]]]}},{"type":"Feature","properties":{"name":"Vinnytsia","country_iso_a3":"UKR","type":"Oblast'"},"geometry":{"type":"Polygon","coordinates":[[[27.62703,48.45126],[27.60687,48.45782],[27.60481,48.48412],[27.583,48.48603],[27.55706,48.47436],[27.54517,48.47237],[27.50383,48.47237],[27.50357,48.4727],[27.49437,48.48221],[27.47283,48.54717],[27.45841,48.57732],[27.4382,48.60254],[27.40973,48.62073],[27.3704,48.62972],[27.39324,48.68375],[27.39929,48.7085],[27.40177,48.7316],[27.40115,48.7364],[27.39898,48.74152],[27.39665,48.75155],[27.39619,48.7609],[27.39867,48.76452],[27.40285,48.76622],[27.41402,48.7655],[27.41975,48.76617],[27.42518,48.77015],[27.42611,48.77366],[27.42456,48.77679],[27.42208,48.77974],[27.41944,48.7824],[27.41495,48.78834],[27.40797,48.80126],[27.40317,48.81521],[27.39991,48.86885],[27.39882,48.87645],[27.39402,48.8903],[27.38658,48.90704],[27.37738,48.91955],[27.3749,48.92368],[27.37211,48.93014],[27.37195,48.93502],[27.37366,48.93892],[27.37676,48.94146],[27.38606,48.94513],[27.39102,48.94781],[27.39665,48.95272],[27.39836,48.95696],[27.39789,48.96071],[27.39588,48.96373],[27.39009,48.969],[27.38668,48.97277],[27.38342,48.97766],[27.38017,48.98678],[27.38063,48.99182],[27.38265,48.99574],[27.38751,49.00006],[27.39195,49.013],[27.39495,49.01752],[27.39867,49.02068],[27.40239,49.02207],[27.4058,49.02383],[27.41603,49.03057],[27.42409,49.03437],[27.42766,49.03659],[27.43091,49.03928],[27.43355,49.04274],[27.43572,49.04706],[27.43975,49.05757],[27.44197,49.0614],[27.44476,49.06429],[27.44849,49.06636],[27.46461,49.07101],[27.47065,49.07587],[27.4722,49.08083],[27.4722,49.08812],[27.47376,49.09251],[27.47686,49.09835],[27.48166,49.10463],[27.48926,49.11773],[27.49484,49.12331],[27.50047,49.12615],[27.52481,49.12651],[27.56827,49.12201],[27.5737,49.12253],[27.57804,49.12426],[27.58145,49.12661],[27.60145,49.15227],[27.60889,49.15757],[27.61571,49.15989],[27.63979,49.15638],[27.65498,49.15181],[27.67142,49.14362],[27.68093,49.14],[27.68635,49.13876],[27.7048,49.13669],[27.7155,49.13395],[27.73539,49.12362],[27.74469,49.12018],[27.75539,49.11752],[27.76717,49.11602],[27.7726,49.11643],[27.77741,49.11754],[27.78283,49.12041],[27.80195,49.137],[27.81063,49.14181],[27.83389,49.14852],[27.8651,49.15018],[27.87301,49.15142],[27.88355,49.15504],[27.88773,49.15876],[27.88897,49.16258],[27.88789,49.16599],[27.88432,49.17235],[27.88169,49.17917],[27.88091,49.18292],[27.8806,49.18682],[27.88122,49.19534],[27.88014,49.20309],[27.87921,49.20661],[27.87781,49.20999],[27.87564,49.2131],[27.87332,49.21601],[27.86153,49.22635],[27.8589,49.22919],[27.85704,49.23234],[27.8558,49.23661],[27.85533,49.24165],[27.85673,49.2494],[27.86045,49.25498],[27.86526,49.26056],[27.87394,49.26787],[27.87704,49.27275],[27.87735,49.27689],[27.87549,49.27999],[27.87068,49.28562],[27.85828,49.29572],[27.85549,49.29839],[27.85208,49.3049],[27.85177,49.30898],[27.85208,49.31342],[27.85316,49.31893],[27.85363,49.32355],[27.85332,49.32764],[27.85146,49.33079],[27.84836,49.33327],[27.84417,49.33503],[27.82722,49.33782],[27.82257,49.33926],[27.81916,49.34117],[27.81699,49.34407],[27.81591,49.34753],[27.81435,49.35903],[27.81265,49.36247],[27.80738,49.36867],[27.8049,49.37259],[27.80335,49.37898],[27.80428,49.38277],[27.80614,49.38505],[27.80877,49.38634],[27.83813,49.39388],[27.84402,49.39611],[27.84588,49.39941],[27.84572,49.4028],[27.83947,49.41634],[27.83564,49.42254],[27.83311,49.42549],[27.83017,49.42809],[27.82598,49.42985],[27.76454,49.43026],[27.75803,49.43094],[27.75214,49.43207],[27.74717,49.43368],[27.74314,49.43652],[27.74004,49.44019],[27.73849,49.44698],[27.73958,49.45135],[27.7419,49.45507],[27.74516,49.45755],[27.75818,49.4637],[27.76283,49.4667],[27.76345,49.46959],[27.76144,49.47217],[27.75772,49.47445],[27.72935,49.48861],[27.72619,49.49318],[27.72433,49.4999],[27.72578,49.5145],[27.72837,49.52152],[27.73214,49.52623],[27.73648,49.5277],[27.7419,49.5284],[27.74749,49.5284],[27.75276,49.52755],[27.76159,49.52395],[27.76779,49.52426],[27.77477,49.52716],[27.78428,49.5361],[27.7866,49.54183],[27.78598,49.5461],[27.78304,49.54886],[27.77245,49.55604],[27.76919,49.55909],[27.76655,49.56318],[27.76717,49.56664],[27.7695,49.56958],[27.77911,49.57765],[27.80924,49.61795],[27.81327,49.62514],[27.81559,49.63092],[27.81559,49.63477],[27.81435,49.63821],[27.81249,49.64136],[27.80769,49.64707],[27.80102,49.6519],[27.79342,49.65625],[27.78469,49.66002],[27.75942,49.66777],[27.75493,49.6703],[27.75152,49.67351],[27.74966,49.67914],[27.75059,49.68317],[27.7526,49.68684],[27.76221,49.69981],[27.76516,49.7026],[27.76903,49.70436],[27.77446,49.70451],[27.7987,49.7012],[27.8049,49.7012],[27.81001,49.70234],[27.81435,49.70405],[27.8218,49.70844],[27.83063,49.71536],[27.83637,49.72182],[27.83657,49.7257],[27.83435,49.72877],[27.81591,49.73653],[27.81187,49.73921],[27.81342,49.74105],[27.81745,49.74216],[27.83637,49.74239],[27.85006,49.74513],[27.86805,49.76006],[27.95683,49.76722],[28.0254,49.76037],[28.05811,49.7627],[28.14286,49.77831],[28.23908,49.78017],[28.24916,49.78239],[28.26745,49.78823],[28.27536,49.78818],[28.28595,49.78663],[28.33339,49.77252],[28.34207,49.77159],[28.35344,49.77148],[28.37422,49.77327],[28.3905,49.77714],[28.39251,49.77851],[28.39799,49.78285],[28.41675,49.80414],[28.42016,49.80657],[28.43085,49.80776],[28.51901,49.8073],[28.52847,49.80577],[28.55405,49.79624],[28.55994,49.79277],[28.56273,49.79019],[28.56635,49.78797],[28.571,49.78665],[28.59224,49.78962],[28.60728,49.7935],[28.62495,49.80001],[28.6295,49.80104],[28.63461,49.80115],[28.71047,49.79355],[28.72024,49.79396],[28.72288,49.7952],[28.72536,49.79681],[28.72815,49.79918],[28.73047,49.80236],[28.73905,49.81649],[28.75099,49.83208],[28.75393,49.83489],[28.7575,49.83724],[28.77037,49.8428],[28.79455,49.849],[28.80329,49.85233],[28.81104,49.8568],[28.81398,49.85975],[28.81646,49.863],[28.82065,49.87024],[28.82406,49.87783],[28.82825,49.88057],[28.83538,49.8814],[28.89915,49.87587],[28.90504,49.87453],[28.90958,49.87238],[28.91129,49.86835],[28.91021,49.86476],[28.9085,49.86114],[28.91005,49.85652],[28.91532,49.85091],[28.93222,49.84065],[28.93718,49.8353],[28.93966,49.83114],[28.93702,49.82574],[28.9361,49.82218],[28.93641,49.81861],[28.93764,49.8152],[28.9392,49.81189],[28.94044,49.80843],[28.9409,49.80456],[28.94012,49.79624],[28.94044,49.79267],[28.94137,49.78988],[28.9423,49.78797],[28.95909,49.76472],[28.96731,49.75665],[28.97025,49.75417],[28.97351,49.75216],[29.00203,49.73831],[29.00451,49.7342],[29.0042,49.73092],[28.95609,49.69133],[28.95067,49.68534],[28.94865,49.68183],[28.94741,49.67847],[28.94757,49.67557],[28.9485,49.67382],[28.95299,49.67118],[28.9718,49.66216],[28.97614,49.65749],[28.97831,49.65296],[28.97924,49.64937],[28.98049,49.64601],[28.98219,49.64286],[28.99568,49.62912],[28.99723,49.62617],[28.99723,49.62312],[28.99537,49.62012],[28.99258,49.61723],[28.98281,49.60963],[28.98002,49.60692],[28.97878,49.60382],[28.98002,49.60095],[28.98266,49.59832],[28.98684,49.59584],[28.99289,49.59325],[29.00203,49.59046],[29.02301,49.58736],[29.06084,49.58933],[29.13241,49.58201],[29.23887,49.58679],[29.25887,49.58454],[29.26429,49.58454],[29.26863,49.58622],[29.27065,49.59129],[29.27158,49.60025],[29.27266,49.60431],[29.27421,49.60824],[29.28181,49.61165],[29.29395,49.6147],[29.33705,49.6178],[29.3538,49.61713],[29.36268,49.61891],[29.37276,49.62286],[29.40516,49.64271],[29.40826,49.64545],[29.41167,49.64798],[29.42227,49.65129],[29.44723,49.65087],[29.49627,49.64612],[29.50324,49.64405],[29.51068,49.64028],[29.51332,49.63694],[29.51472,49.63284],[29.51363,49.62594],[29.51177,49.62136],[29.50929,49.61723],[29.4989,49.60382],[29.4972,49.60041],[29.49596,49.59661],[29.49487,49.59232],[29.49456,49.58411],[29.49627,49.57279],[29.49859,49.56834],[29.50231,49.56336],[29.51037,49.55571],[29.51611,49.55168],[29.52185,49.54891],[29.56205,49.53569],[29.56531,49.53248],[29.56717,49.52809],[29.56748,49.52065],[29.56624,49.5084],[29.56469,49.50597],[29.5619,49.50385],[29.55864,49.50209],[29.55446,49.50034],[29.54841,49.49889],[29.54469,49.49724],[29.54159,49.49476],[29.54004,49.4914],[29.54004,49.48778],[29.54314,49.48194],[29.56624,49.45088],[29.56965,49.4438],[29.5698,49.43063],[29.56887,49.42164],[29.56717,49.41802],[29.56453,49.41497],[29.56081,49.41272],[29.51115,49.39125],[29.50774,49.38879],[29.50495,49.38634],[29.50262,49.38378],[29.50154,49.38215],[29.50061,49.37991],[29.50014,49.37851],[29.49952,49.37479],[29.49937,49.3681],[29.49983,49.36567],[29.51565,49.34632],[29.51957,49.33968],[29.52205,49.33417],[29.52267,49.32621],[29.52546,49.32185],[29.53151,49.31766],[29.5467,49.31255],[29.55647,49.31053],[29.58474,49.30756],[29.58954,49.30635],[29.59357,49.30371],[29.59776,49.29957],[29.6114,49.27999],[29.62975,49.26211],[29.63657,49.25281],[29.63858,49.24751],[29.642,49.24511],[29.64804,49.24314],[29.66168,49.24296],[29.67688,49.24439],[29.68773,49.24123],[29.69724,49.22728],[29.67455,49.20971],[29.67471,49.20247],[29.67874,49.20036],[29.69383,49.1955],[29.6991,49.19291],[29.70406,49.1893],[29.71057,49.18276],[29.71212,49.17793],[29.71134,49.17385],[29.70437,49.16718],[29.70111,49.1615],[29.70096,49.15739],[29.70266,49.15212],[29.7053,49.14661],[29.70871,49.13628],[29.70716,49.13168],[29.70406,49.12827],[29.68546,49.12201],[29.68044,49.11938],[29.67486,49.11462],[29.67393,49.10935],[29.6744,49.10321],[29.67579,49.09331],[29.67409,49.08845],[29.67067,49.08517],[29.65192,49.07995],[29.61776,49.06672],[29.61404,49.06491],[29.60954,49.06212],[29.59807,49.05117],[29.59466,49.04512],[29.5928,49.03882],[29.59311,49.03148],[29.59481,49.02698],[29.59698,49.02326],[29.59978,49.02068],[29.60303,49.0182],[29.61218,49.01458],[29.61791,49.01344],[29.64882,49.01267],[29.65486,49.01189],[29.65998,49.0105],[29.66401,49.00848],[29.66711,49.00597],[29.67083,49.0014],[29.6713,49.00063],[29.67223,48.99871],[29.67486,48.98745],[29.67269,48.98352],[29.6685,48.98127],[29.66292,48.98083],[29.65765,48.97856],[29.653,48.97456],[29.64587,48.96032],[29.64231,48.95621],[29.63874,48.95342],[29.63533,48.94996],[29.63595,48.94704],[29.63874,48.94456],[29.65734,48.93763],[29.66122,48.93557],[29.66835,48.93084],[29.67191,48.92882],[29.67672,48.92782],[29.69274,48.92787],[29.69832,48.92688],[29.70297,48.92518],[29.70685,48.92301],[29.71305,48.91805],[29.71615,48.91438],[29.71894,48.90981],[29.72235,48.90205],[29.72235,48.89696],[29.72003,48.89335],[29.70793,48.88735],[29.7039,48.88482],[29.70034,48.88043],[29.70065,48.87544],[29.70359,48.86748],[29.70638,48.86281],[29.70917,48.85909],[29.71228,48.8565],[29.7163,48.85449],[29.74018,48.85009],[29.7453,48.84854],[29.74984,48.83981],[29.76752,48.77775],[29.77248,48.7693],[29.77775,48.7679],[29.81315,48.7648],[29.83997,48.76617],[29.84632,48.76483],[29.85289,48.76201],[29.86126,48.75377],[29.86777,48.75],[29.87397,48.74721],[29.8794,48.74555],[29.88405,48.74328],[29.88823,48.73989],[29.88808,48.73646],[29.8856,48.73398],[29.88172,48.73196],[29.86467,48.72558],[29.86048,48.72245],[29.85754,48.7177],[29.85609,48.70793],[29.85723,48.70258],[29.85909,48.69832],[29.86498,48.69308],[29.87211,48.6885],[29.90498,48.67331],[29.94875,48.66137],[29.95541,48.65863],[29.9582,48.65532],[29.95913,48.6515],[29.95929,48.62267],[29.96146,48.61507],[29.96363,48.60985],[29.97221,48.59768],[29.98228,48.58662],[30.00058,48.57107],[30.01499,48.55145],[30.02135,48.53776],[30.02166,48.53363],[30.02104,48.52949],[30.02001,48.52541],[30.01825,48.52221],[30.01655,48.51978],[30.01221,48.51544],[30.00585,48.51117],[30.00259,48.50993],[30.00058,48.50965],[29.99639,48.50978],[29.99515,48.50885],[29.99329,48.50629],[29.99112,48.50014],[29.98802,48.49487],[29.98259,48.48921],[29.97934,48.48671],[29.9613,48.47622],[29.95882,48.47358],[29.95696,48.46975],[29.95634,48.46324],[29.95789,48.45932],[29.96115,48.4572],[29.96554,48.45686],[29.97314,48.45779],[30.02135,48.47156],[30.03164,48.47332],[30.03691,48.47379],[30.04249,48.47348],[30.04745,48.47234],[30.05225,48.47063],[30.06109,48.46562],[30.07613,48.45508],[30.05179,48.43348],[30.03877,48.42769],[30.00461,48.42436],[29.9981,48.42206],[29.99391,48.41891],[29.97996,48.40216],[29.9582,48.38361],[29.94735,48.37733],[29.94006,48.3756],[29.93727,48.37816],[29.9351,48.38103],[29.93324,48.38408],[29.92689,48.40108],[29.92518,48.40425],[29.91975,48.40971],[29.91758,48.41255],[29.91665,48.41609],[29.91728,48.42017],[29.91836,48.42428],[29.91697,48.42831],[29.91242,48.43188],[29.89754,48.4341],[29.88947,48.43384],[29.88343,48.4326],[29.86513,48.42221],[29.85857,48.41717],[29.84679,48.40588],[29.84167,48.39984],[29.81981,48.3817],[29.78829,48.36134],[29.78302,48.35689],[29.7793,48.3531],[29.77759,48.34997],[29.77713,48.34764],[29.77728,48.34475],[29.7779,48.34155],[29.77821,48.33788],[29.7779,48.32971],[29.77666,48.32116],[29.77542,48.3169],[29.76736,48.30227],[29.76147,48.29462],[29.74219,48.27638],[29.73956,48.27307],[29.73816,48.27008],[29.73894,48.26708],[29.74126,48.2645],[29.7453,48.26248],[29.75,48.2608],[29.77449,48.25677],[29.77961,48.25538],[29.78364,48.2537],[29.78581,48.25173],[29.78643,48.2508],[29.78658,48.25039],[29.78658,48.25003],[29.78395,48.24419],[29.78333,48.24124],[29.78441,48.2383],[29.78643,48.23535],[29.78736,48.23215],[29.78674,48.2283],[29.78395,48.2244],[29.77852,48.21892],[29.77527,48.2146],[29.77325,48.21117],[29.7748,48.20311],[29.71724,48.18166],[29.70902,48.18019],[29.69848,48.17964],[29.69243,48.18114],[29.68246,48.18207],[29.67114,48.1774],[29.66664,48.17308],[29.66587,48.16895],[29.66742,48.16574],[29.67223,48.16001],[29.6929,48.14218],[29.69538,48.13939],[29.69755,48.13644],[29.69817,48.13169],[29.69662,48.12554],[29.67982,48.09221],[29.67502,48.09027],[29.67021,48.09035],[29.66091,48.09334],[29.6561,48.09381],[29.65114,48.09324],[29.64168,48.09089],[29.58551,48.08714],[29.51037,48.09042],[29.4972,48.09283],[29.45839,48.10895],[29.45436,48.11138],[29.44971,48.11355],[29.43467,48.11314],[29.33845,48.08621],[29.24631,48.08451],[29.24083,48.08502],[29.22254,48.09184],[29.16993,48.10575],[29.16156,48.10962],[29.15272,48.11727],[29.149,48.11939],[29.13567,48.12487],[29.11701,48.13572],[29.11391,48.13825],[29.10957,48.14099],[29.10399,48.14357],[29.09329,48.14585],[29.08616,48.14569],[29.07826,48.14445],[29.04937,48.13644],[29.04503,48.13443],[29.04239,48.13164],[29.04115,48.12823],[29.04239,48.12109],[29.04983,48.09663],[29.0503,48.09283],[29.0503,48.08926],[29.0489,48.08575],[29.04611,48.08311],[29.03464,48.07704],[29.01769,48.07066],[29.01025,48.06652],[28.99707,48.05676],[28.9856,48.04554],[28.96421,48.03583],[28.87977,48.01061],[28.86209,48.0005],[28.85569,48.00792],[28.83925,48.01828],[28.83253,48.02482],[28.83078,48.03087],[28.82757,48.05702],[28.81155,48.08291],[28.80918,48.08978],[28.80835,48.09657],[28.80592,48.10381],[28.79925,48.11179],[28.77125,48.12445],[28.73507,48.12869],[28.66562,48.12934],[28.57363,48.15497],[28.5416,48.15595],[28.51932,48.14913],[28.50108,48.11283],[28.49979,48.10891],[28.49416,48.09185],[28.49374,48.07482],[28.49002,48.06549],[28.47958,48.06492],[28.45938,48.07446],[28.44744,48.08275],[28.41902,48.12223],[28.43566,48.13469],[28.4369,48.14985],[28.42729,48.16337],[28.41158,48.1707],[28.38863,48.16859],[28.37556,48.15665],[28.36497,48.14151],[28.34957,48.12973],[28.32859,48.12701],[28.31742,48.13536],[28.31556,48.14928],[28.32218,48.16321],[28.33789,48.17548],[28.35225,48.18187],[28.36336,48.19101],[28.37003,48.21163],[28.36817,48.23062],[28.35773,48.23861],[28.34058,48.24011],[28.29448,48.23649],[28.27753,48.22912],[28.26172,48.21995],[28.24032,48.21163],[28.21696,48.20814],[28.19991,48.21173],[28.18937,48.22305],[28.18575,48.24238],[28.17852,48.25886],[28.16208,48.25718],[28.13108,48.23959],[28.11557,48.23675],[28.09325,48.23744],[28.07868,48.24491],[28.09831,48.28411],[28.09284,48.30207],[28.07641,48.31493],[28.05594,48.3215],[28.00318,48.32588],[27.96706,48.32889],[27.92644,48.33943],[27.90453,48.36248],[27.89667,48.36718],[27.88537,48.37844],[27.86484,48.39891],[27.84986,48.40963],[27.78526,48.44157],[27.75177,48.45198],[27.62703,48.45126]]]}},{"type":"Feature","properties":{"name":"Lviv","country_iso_a3":"UKR","type":"Oblast'"},"geometry":{"type":"Polygon","coordinates":[[[22.68784,49.15592],[22.68175,49.16124],[22.68712,49.17338],[22.70293,49.19503],[22.71709,49.23043],[22.73394,49.26087],[22.73776,49.27539],[22.72423,49.36706],[22.71978,49.38298],[22.7142,49.39063],[22.6926,49.40551],[22.67958,49.41895],[22.67679,49.42448],[22.67307,49.43585],[22.66686,49.47838],[22.66015,49.493],[22.64092,49.52876],[22.66583,49.56736],[22.74169,49.63366],[22.75895,49.6656],[22.76619,49.67423],[22.77735,49.68048],[22.79885,49.68327],[22.8098,49.68632],[22.82665,49.69738],[22.88825,49.76973],[22.89796,49.77743],[22.90675,49.7812],[22.92442,49.78544],[22.9331,49.79107],[22.93775,49.7982],[22.94592,49.81836],[22.95119,49.82662],[22.99305,49.85443],[23.10146,49.95711],[23.14125,49.98548],[23.17784,50.00398],[23.20792,50.03395],[23.43643,50.19347],[23.48159,50.21595],[23.53606,50.24277],[23.53617,50.24277],[23.53627,50.24283],[23.53637,50.24283],[23.56531,50.25781],[23.64417,50.31269],[23.65802,50.32561],[23.65868,50.327],[23.67125,50.35357],[23.6822,50.36825],[23.69574,50.37677],[23.713,50.3824],[23.74752,50.38938],[23.9287,50.39083],[23.98131,50.40478],[24.00322,50.4377],[24.00776,50.4485],[24.00942,50.46147],[24.00787,50.48074],[24.01066,50.49278],[24.07505,50.51428],[24.09396,50.52715],[24.10647,50.53862],[24.10771,50.54084],[24.10254,50.54363],[24.09541,50.55686],[24.08528,50.60441],[24.10843,50.62988],[24.10816,50.63029],[24.11536,50.63743],[24.1259,50.64182],[24.13861,50.64394],[24.15246,50.64448],[24.16471,50.64022],[24.17086,50.62146],[24.18005,50.61717],[24.19427,50.61386],[24.20243,50.60596],[24.20884,50.59671],[24.21793,50.58921],[24.22925,50.58544],[24.24785,50.58177],[24.25891,50.57557],[24.25891,50.58301],[24.27612,50.58523],[24.2862,50.58875],[24.29736,50.59061],[24.32144,50.59257],[24.32625,50.59392],[24.33028,50.59593],[24.33384,50.59831],[24.33927,50.6043],[24.34252,50.60683],[24.34594,50.60887],[24.34997,50.61004],[24.35369,50.61019],[24.35854,50.60968],[24.36754,50.60663],[24.37947,50.60094],[24.39761,50.5889],[24.40273,50.58244],[24.40412,50.57733],[24.40288,50.57386],[24.40319,50.5703],[24.40536,50.56735],[24.43425,50.54901],[24.43983,50.5473],[24.4465,50.54622],[24.45751,50.54663],[24.47471,50.55076],[24.48019,50.5511],[24.49104,50.54937],[24.49554,50.54803],[24.50081,50.54555],[24.53063,50.52407],[24.53574,50.51826],[24.53745,50.5149],[24.53838,50.51123],[24.53838,50.50738],[24.53745,50.50384],[24.53543,50.50012],[24.53228,50.49697],[24.52939,50.49462],[24.52205,50.49005],[24.51321,50.48674],[24.4634,50.47883],[24.45875,50.47736],[24.45471,50.47537],[24.45177,50.47289],[24.45037,50.46984],[24.4513,50.46674],[24.45363,50.4639],[24.45673,50.46137],[24.49879,50.43966],[24.50376,50.43584],[24.50531,50.43274],[24.50624,50.42927],[24.50577,50.4254],[24.5036,50.41775],[24.50314,50.41398],[24.50422,50.41062],[24.50856,50.40793],[24.51523,50.40612],[24.52939,50.40659],[24.53652,50.40829],[24.54179,50.41093],[24.54443,50.41387],[24.54613,50.41734],[24.54644,50.42119],[24.54629,50.42914],[24.5469,50.43305],[24.54892,50.43628],[24.55264,50.43837],[24.55822,50.43847],[24.56411,50.43671],[24.57016,50.43196],[24.57357,50.42806],[24.57822,50.42126],[24.58354,50.41878],[24.59098,50.417],[24.62292,50.41607],[24.62912,50.41532],[24.63424,50.41336],[24.6378,50.40907],[24.63894,50.40488],[24.63863,50.40096],[24.63935,50.39744],[24.64685,50.39287],[24.68824,50.37672],[24.69847,50.37018],[24.70364,50.36439],[24.70225,50.35631],[24.70318,50.35269],[24.70519,50.34964],[24.70876,50.34737],[24.7131,50.34551],[24.72379,50.34372],[24.77299,50.34054],[24.78772,50.34137],[24.79779,50.34292],[24.80606,50.34664],[24.81521,50.34964],[24.82544,50.35197],[24.84839,50.35491],[24.91138,50.34814],[24.92399,50.34949],[24.93034,50.35222],[24.92864,50.36385],[24.92941,50.36742],[24.9319,50.37016],[24.94151,50.36866],[24.95515,50.36432],[24.98311,50.35212],[25.00388,50.34571],[25.03416,50.34943],[25.0385,50.34943],[25.04377,50.34887],[25.04889,50.34729],[25.0537,50.34483],[25.0585,50.34127],[25.0616,50.33794],[25.06377,50.3345],[25.06563,50.32339],[25.06346,50.29481],[25.06997,50.28463],[25.08377,50.28055],[25.10413,50.27936],[25.11622,50.28014],[25.12646,50.28231],[25.15286,50.29249],[25.16341,50.2944],[25.16945,50.29455],[25.17565,50.29398],[25.18666,50.29158],[25.19147,50.2899],[25.19565,50.28799],[25.19984,50.28362],[25.20376,50.27709],[25.2078,50.26339],[25.20826,50.2559],[25.20748,50.25011],[25.20511,50.24686],[25.20263,50.24383],[25.19627,50.23854],[25.16775,50.22004],[25.16495,50.21719],[25.16542,50.21265],[25.16914,50.20663],[25.18821,50.19172],[25.19255,50.18696],[25.19286,50.18164],[25.18511,50.15725],[25.18402,50.14009],[25.18464,50.13193],[25.18542,50.128],[25.19317,50.1027],[25.20232,50.09498],[25.2959,50.04134],[25.36758,50.01312],[25.36779,50.0062],[25.36965,50.00137],[25.37037,49.99974],[25.37275,49.99648],[25.37864,49.9916],[25.38236,49.98938],[25.40375,49.97974],[25.40716,49.97744],[25.4098,49.97452],[25.41352,49.96809],[25.416,49.96527],[25.42814,49.95494],[25.43047,49.95209],[25.43233,49.94884],[25.43357,49.94537],[25.43388,49.9416],[25.43202,49.93806],[25.42763,49.93509],[25.41786,49.93323],[25.40375,49.93272],[25.39786,49.93085],[25.39321,49.92701],[25.3884,49.9192],[25.38747,49.91401],[25.38825,49.90982],[25.39259,49.90378],[25.39429,49.90052],[25.39585,49.89711],[25.39662,49.89339],[25.39631,49.88951],[25.39492,49.8861],[25.39259,49.88298],[25.3898,49.88006],[25.38422,49.87641],[25.376,49.87254],[25.35874,49.86672],[25.34836,49.86476],[25.33347,49.8638],[25.32805,49.86254],[25.30862,49.85466],[25.30272,49.85287],[25.28102,49.849],[25.24531,49.83618],[25.24004,49.83505],[25.1662,49.82595],[25.15674,49.82311],[25.14599,49.8212],[25.09886,49.81727],[25.09307,49.81572],[25.08842,49.81249],[25.08486,49.80544],[25.07835,49.78792],[25.07773,49.78384],[25.07804,49.77986],[25.07943,49.77629],[25.0861,49.76699],[25.10289,49.75066],[25.10537,49.7473],[25.10677,49.7443],[25.10801,49.74092],[25.10816,49.73696],[25.10723,49.73304],[25.10584,49.72932],[25.10134,49.72534],[25.09467,49.7212],[25.07261,49.71273],[25.06672,49.71128],[25.05788,49.71058],[25.04563,49.71105],[25.04021,49.71229],[25.03675,49.71464],[25.03416,49.71733],[25.03137,49.71955],[25.02667,49.71996],[25.02155,49.71764],[25.01613,49.71345],[24.9938,49.68575],[24.98993,49.67862],[24.98838,49.675],[24.98218,49.66472],[24.95422,49.6303],[24.94817,49.62715],[24.77516,49.56343],[24.7657,49.56178],[24.75764,49.56142],[24.7517,49.56251],[24.73883,49.56305],[24.73341,49.56028],[24.72906,49.55501],[24.72348,49.52266],[24.71976,49.51026],[24.70705,49.49179],[24.69274,49.49078],[24.68777,49.49148],[24.68204,49.49279],[24.67336,49.49646],[24.66871,49.49775],[24.6639,49.4983],[24.65475,49.49672],[24.64979,49.49706],[24.64592,49.4983],[24.64153,49.50034],[24.63749,49.50331],[24.61517,49.51607],[24.60633,49.51964],[24.59595,49.52228],[24.58458,49.52398],[24.57233,49.52468],[24.49662,49.51155],[24.48546,49.51145],[24.44991,49.51669],[24.44386,49.51669],[24.43875,49.51569],[24.43316,49.51212],[24.42727,49.50675],[24.41828,49.49517],[24.41436,49.48866],[24.41327,49.48339],[24.41466,49.48011],[24.422,49.47135],[24.42572,49.46486],[24.42712,49.46145],[24.42789,49.4576],[24.42758,49.45349],[24.4265,49.44946],[24.42076,49.44184],[24.39048,49.40978],[24.38459,49.40014],[24.38335,49.39378],[24.38691,49.39146],[24.41797,49.37913],[24.42154,49.37678],[24.42386,49.37399],[24.42417,49.37017],[24.42324,49.36644],[24.41859,49.3619],[24.38599,49.3404],[24.37637,49.33099],[24.36955,49.32614],[24.35772,49.3219],[24.34408,49.32009],[24.32222,49.31988],[24.3109,49.31859],[24.29085,49.31389],[24.28697,49.31115],[24.28356,49.30756],[24.28186,49.30102],[24.28217,49.29642],[24.28387,49.29265],[24.28651,49.28981],[24.29007,49.2873],[24.29441,49.28562],[24.29984,49.28521],[24.3048,49.28604],[24.3095,49.28748],[24.31353,49.28934],[24.33415,49.30162],[24.33958,49.30361],[24.34531,49.30402],[24.35059,49.30309],[24.35927,49.29963],[24.36288,49.29735],[24.36552,49.29477],[24.36707,49.29156],[24.3663,49.28764],[24.36382,49.2833],[24.35885,49.27754],[24.35586,49.27327],[24.35415,49.26893],[24.354,49.26495],[24.35694,49.24103],[24.36361,49.23658],[24.38697,49.23188],[24.40578,49.23074],[24.41766,49.23521],[24.42557,49.22769],[24.44402,49.2117],[24.44619,49.20847],[24.44665,49.2047],[24.44603,49.20087],[24.44402,49.19746],[24.44123,49.1941],[24.43487,49.19018],[24.42495,49.18542],[24.40567,49.18044],[24.39622,49.17974],[24.38893,49.18051],[24.38474,49.18196],[24.37901,49.18279],[24.37281,49.18315],[24.36661,49.18292],[24.35555,49.18152],[24.31602,49.17173],[24.27364,49.15509],[24.26341,49.15235],[24.2415,49.14899],[24.21638,49.1501],[24.20522,49.14894],[24.15819,49.13499],[24.14657,49.13442],[24.14052,49.13499],[24.09675,49.14444],[24.0845,49.14558],[24.07877,49.14509],[24.06833,49.14307],[24.02337,49.12165],[24.01154,49.11793],[24.00332,49.11643],[23.96746,49.12687],[23.95567,49.12801],[23.95025,49.12739],[23.94358,49.12475],[23.92172,49.11256],[23.91289,49.10917],[23.9057,49.10718],[23.85501,49.10563],[23.75476,49.11494],[23.73858,49.11318],[23.7285,49.11075],[23.71099,49.10429],[23.69362,49.09463],[23.68789,49.09031],[23.68411,49.08677],[23.68163,49.08305],[23.65544,49.0307],[23.64768,49.01843],[23.64164,49.01076],[23.62376,49.00042],[23.61957,48.99732],[23.59787,48.98468],[23.58159,48.97732],[23.57647,48.96864],[23.55348,48.89552],[23.54929,48.88898],[23.54836,48.88495],[23.54898,48.88043],[23.55317,48.87479],[23.56324,48.8656],[23.56805,48.85976],[23.57007,48.85661],[23.57162,48.85319],[23.57472,48.84213],[23.57534,48.83387],[23.53286,48.72369],[23.50862,48.73046],[23.49855,48.73121],[23.44578,48.72674],[23.42563,48.72767],[23.39721,48.7316],[23.38574,48.73434],[23.37798,48.73708],[23.37488,48.73958],[23.37287,48.74271],[23.37132,48.74565],[23.37039,48.74969],[23.37085,48.75496],[23.3693,48.75956],[23.36574,48.76434],[23.35675,48.77072],[23.35054,48.77201],[23.34553,48.77134],[23.34212,48.76896],[23.32662,48.75516],[23.32181,48.75268],[23.3139,48.75049],[23.30848,48.75018],[23.30817,48.75046],[23.30662,48.75173],[23.30538,48.75315],[23.30414,48.75506],[23.3029,48.75814],[23.30228,48.76178],[23.30197,48.77304],[23.30104,48.77604],[23.29825,48.78116],[23.29453,48.78173],[23.29075,48.78095],[23.28083,48.77459],[23.27153,48.77294],[23.25758,48.77222],[23.21164,48.77521],[23.20156,48.7771],[23.1935,48.78098],[23.18621,48.7854],[23.17981,48.79033],[23.16043,48.81356],[23.13764,48.85221],[23.12937,48.86053],[23.11945,48.8672],[23.11232,48.87009],[23.10503,48.87133],[23.07681,48.86834],[23.03646,48.85942],[23.02731,48.8564],[23.02033,48.85531],[23.01165,48.85472],[22.99594,48.85531],[22.98819,48.85692],[22.98214,48.85898],[22.97904,48.86144],[22.97377,48.86704],[22.97191,48.87025],[22.97036,48.87374],[22.96711,48.87862],[22.96121,48.8843],[22.92597,48.90407],[22.90055,48.92363],[22.89538,48.92931],[22.89197,48.93536],[22.88918,48.94657],[22.88887,48.95055],[22.88933,48.95882],[22.88995,48.9629],[22.89305,48.97022],[22.90241,48.98329],[22.90127,48.99135],[22.88313,49.00595],[22.86501,49.01324],[22.86375,49.01536],[22.84753,49.0337],[22.84318,49.04311],[22.84442,49.0567],[22.85352,49.07628],[22.85342,49.08476],[22.84132,49.09489],[22.79647,49.11137],[22.77807,49.12031],[22.74882,49.14558],[22.71637,49.16057],[22.72019,49.16119],[22.72143,49.1616],[22.70573,49.16884],[22.6925,49.15793],[22.68784,49.15592]]]}},{"type":"Feature","properties":{"name":"Sumy","country_iso_a3":"UKR","type":"Oblast'"},"geometry":{"type":"Polygon","coordinates":[[[33.73358,52.36099],[33.77895,52.36006],[33.80407,52.35461],[33.81523,52.34508],[33.82339,52.33146],[33.8391,52.31391],[33.85874,52.30216],[33.9007,52.28585],[33.91951,52.26976],[33.94442,52.23578],[33.95775,52.22469],[34.02193,52.1979],[34.03888,52.18648],[34.05573,52.17033],[34.06534,52.15863],[34.07103,52.14896],[34.07361,52.13956],[34.07392,52.12832],[34.05666,52.10581],[34.05666,52.10039],[34.06007,52.08318],[34.06255,52.05021],[34.06824,52.03101],[34.08033,52.01362],[34.1011,51.99251],[34.10441,51.9753],[34.09666,51.96058],[34.09624,51.95182],[34.14616,51.95161],[34.16642,51.94226],[34.20342,51.91231],[34.20941,51.9088],[34.22264,51.90316],[34.22843,51.89926],[34.23102,51.89453],[34.23463,51.88074],[34.23422,51.87828],[34.246,51.87546],[34.26492,51.8812],[34.2767,51.88123],[34.29458,51.87389],[34.32775,51.8505],[34.34729,51.8417],[34.3711,51.82681],[34.38573,51.81766],[34.41271,51.77769],[34.41416,51.73646],[34.37633,51.7086],[34.3569,51.70555],[34.29819,51.70615],[34.12797,51.68075],[34.08911,51.66662],[34.0795,51.6431],[34.09066,51.63321],[34.12601,51.627],[34.14007,51.62119],[34.14451,51.61378],[34.14885,51.59321],[34.15299,51.58398],[34.16032,51.57613],[34.20239,51.54616],[34.21541,51.532],[34.22368,51.51476],[34.22595,51.49288],[34.22378,51.48236],[34.215,51.46466],[34.2121,51.45503],[34.21324,51.44482],[34.21706,51.43606],[34.21965,51.42728],[34.21706,51.41707],[34.2088,51.41146],[34.18699,51.40831],[34.18192,51.40234],[34.18585,51.39415],[34.19598,51.38562],[34.21572,51.37376],[34.2305,51.36767],[34.24735,51.36343],[34.2644,51.36121],[34.28032,51.36126],[34.30016,51.36839],[34.30874,51.33462],[34.28362,51.30124],[34.24394,51.27408],[34.18595,51.24891],[34.25789,51.22956],[34.28176,51.22644],[34.29954,51.23163],[34.33695,51.25114],[34.37178,51.25685],[34.40899,51.25313],[34.48041,51.23698],[34.51348,51.22956],[34.57818,51.23669],[34.60836,51.23401],[34.62241,51.22476],[34.62851,51.21106],[34.63316,51.19561],[34.64277,51.18062],[34.65745,51.17166],[34.67492,51.16768],[34.74809,51.16473],[34.81754,51.17473],[34.89961,51.19646],[34.94611,51.21429],[34.96182,51.21532],[34.98032,51.20954],[34.99945,51.20209],[35.01877,51.20455],[35.03872,51.21016],[35.05939,51.21233],[35.07872,51.20763],[35.09132,51.19768],[35.09918,51.18318],[35.12378,51.09133],[35.14362,51.05849],[35.17256,51.04063],[35.20646,51.03893],[35.27426,51.0488],[35.30868,51.04733],[35.32842,51.04317],[35.3464,51.0366],[35.35508,51.0256],[35.34671,51.00826],[35.33255,50.99994],[35.27808,50.99265],[35.28222,50.98154],[35.28222,50.96111],[35.28222,50.95426],[35.2848,50.94433],[35.29359,50.93762],[35.31715,50.9342],[35.32914,50.92909],[35.34175,50.91586],[35.34299,50.90413],[35.34041,50.89183],[35.34144,50.87648],[35.34857,50.86377],[35.36903,50.84604],[35.37772,50.83375],[35.37968,50.81959],[35.37741,50.80755],[35.37906,50.79721],[35.39312,50.78837],[35.41823,50.77892],[35.42939,50.77215],[35.43849,50.76238],[35.44707,50.73432],[35.44376,50.70946],[35.44541,50.6875],[35.46887,50.66854],[35.39156,50.64637],[35.37617,50.63459],[35.37772,50.62182],[35.42526,50.50048],[35.44645,50.47604],[35.48014,50.4669],[35.50195,50.46431],[35.52272,50.45951],[35.54081,50.45005],[35.55466,50.43325],[35.5623,50.40964],[35.56385,50.39181],[35.57016,50.37646],[35.59217,50.36049],[35.6114,50.35171],[35.63155,50.34499],[35.65212,50.34111],[35.6732,50.34018],[35.69221,50.34417],[35.69077,50.33832],[35.68933,50.33468],[35.68705,50.33042],[35.68426,50.32695],[35.68111,50.32406],[35.67739,50.32176],[35.67103,50.31993],[35.66251,50.31869],[35.64623,50.31832],[35.62726,50.3199],[35.59548,50.32592],[35.58788,50.32546],[35.5776,50.32385],[35.56179,50.31894],[35.53249,50.31726],[35.50066,50.32145],[35.49802,50.32081],[35.49569,50.31894],[35.49631,50.31512],[35.49833,50.31238],[35.50562,50.30644],[35.50748,50.3038],[35.5067,50.3014],[35.50252,50.30034],[35.49383,50.30215],[35.42603,50.32964],[35.41518,50.33282],[35.40893,50.33367],[35.40288,50.33367],[35.3973,50.33235],[35.39327,50.32964],[35.39095,50.3238],[35.39064,50.31943],[35.39095,50.30385],[35.39048,50.30003],[35.38878,50.29621],[35.38537,50.2936],[35.3804,50.29218],[35.3725,50.29298],[35.36645,50.2945],[35.34175,50.30385],[35.33648,50.30525],[35.32919,50.30466],[35.32082,50.30202],[35.30826,50.29414],[35.30594,50.28959],[35.3064,50.28577],[35.30935,50.28339],[35.31152,50.28096],[35.31136,50.27874],[35.30888,50.27642],[35.30454,50.27476],[35.29845,50.27373],[35.26899,50.27833],[35.26449,50.27734],[35.25969,50.27502],[35.25256,50.26892],[35.24961,50.26453],[35.24915,50.2605],[35.25039,50.25735],[35.2538,50.25104],[35.25473,50.24755],[35.25473,50.24422],[35.25302,50.24097],[35.24977,50.23848],[35.24181,50.23611],[35.206,50.23166],[35.19468,50.23233],[35.18677,50.23383],[35.18207,50.23585],[35.16114,50.24262],[35.14843,50.24437],[35.13541,50.245],[35.12791,50.24321],[35.12032,50.23972],[35.10915,50.23073],[35.10404,50.22466],[35.10047,50.21939],[35.09861,50.21507],[35.09644,50.21125],[35.09303,50.20849],[35.08869,50.20712],[35.08171,50.2088],[35.06724,50.21497],[35.05965,50.21368],[35.05128,50.20954],[35.03763,50.19854],[35.03453,50.1927],[35.03422,50.18805],[35.03593,50.185],[35.0367,50.1818],[35.03577,50.17828],[35.03391,50.17466],[35.03035,50.17182],[35.02508,50.17058],[35.01588,50.17213],[35.00503,50.17629],[34.992,50.18267],[34.98518,50.18738],[34.98239,50.18996],[34.97945,50.19197],[34.97526,50.19197],[34.97015,50.18937],[34.96141,50.17616],[34.95728,50.16686],[34.95087,50.16216],[34.94544,50.15885],[34.90824,50.14596],[34.81434,50.15957],[34.78716,50.15699],[34.76313,50.14402],[34.74515,50.13818],[34.73941,50.13823],[34.73238,50.14009],[34.71657,50.14815],[34.71068,50.15043],[34.70494,50.15089],[34.69703,50.14846],[34.693,50.145],[34.69083,50.14079],[34.6882,50.13244],[34.68634,50.12849],[34.68417,50.1248],[34.68133,50.12164],[34.67791,50.11906],[34.67404,50.11689],[34.66939,50.11555],[34.63373,50.1148],[34.53627,50.12443],[34.52046,50.12263],[34.5018,50.1187],[34.49607,50.11627],[34.48196,50.10798],[34.47793,50.10723],[34.47405,50.10813],[34.47126,50.11317],[34.47157,50.11736],[34.47219,50.12164],[34.4708,50.12583],[34.46739,50.13035],[34.45917,50.13707],[34.45695,50.14221],[34.45622,50.14702],[34.45948,50.15963],[34.46196,50.16309],[34.46583,50.1649],[34.48816,50.16663],[34.49281,50.16789],[34.49653,50.16939],[34.49948,50.1713],[34.50134,50.17285],[34.50397,50.17536],[34.50583,50.17875],[34.50738,50.18278],[34.508,50.18681],[34.5079,50.19058],[34.50707,50.19415],[34.50583,50.19745],[34.50242,50.20329],[34.50041,50.20554],[34.4987,50.20701],[34.4956,50.20898],[34.4587,50.22567],[34.45291,50.23115],[34.44997,50.236],[34.44935,50.23962],[34.44656,50.24272],[34.43648,50.24864],[34.43416,50.25213],[34.43307,50.2559],[34.43214,50.26319],[34.43106,50.26639],[34.42904,50.26939],[34.42625,50.27202],[34.42129,50.27401],[34.41447,50.27486],[34.40315,50.27347],[34.39752,50.2707],[34.39364,50.26727],[34.39101,50.26404],[34.38667,50.26267],[34.38093,50.26386],[34.37318,50.26902],[34.36915,50.273],[34.36651,50.27672],[34.36496,50.2836],[34.36202,50.30946],[34.36217,50.31336],[34.36326,50.31745],[34.36744,50.32517],[34.37566,50.33517],[34.37736,50.33879],[34.37799,50.34251],[34.37736,50.34605],[34.37581,50.3493],[34.37178,50.35543],[34.3662,50.3608],[34.35969,50.36581],[34.31608,50.38984],[34.28207,50.4147],[34.25851,50.43573],[34.25448,50.44183],[34.25169,50.44839],[34.25029,50.45547],[34.24936,50.50555],[34.25277,50.52601],[34.25246,50.52963],[34.25014,50.53252],[34.2458,50.53459],[34.21241,50.54239],[34.20652,50.54224],[34.20311,50.53836],[34.20094,50.53444],[34.19521,50.53066],[34.18606,50.52764],[34.16492,50.52529],[34.15593,50.52198],[34.14942,50.51878],[34.14322,50.51707],[34.12167,50.51379],[34.11743,50.51087],[34.11609,50.50762],[34.11805,50.50074],[34.11805,50.49997],[34.11702,50.4962],[34.11356,50.49366],[34.10782,50.49247],[34.08751,50.49668],[34.07914,50.49728],[34.07046,50.49475],[34.06503,50.49214],[34.0611,50.48917],[34.05987,50.4856],[34.06018,50.48219],[34.06131,50.47873],[34.06162,50.47527],[34.05987,50.47191],[34.0549,50.47067],[34.04762,50.47098],[33.97098,50.4934],[33.93806,50.50984],[33.92473,50.51966],[33.9131,50.53028],[33.90721,50.53206],[33.89822,50.5326],[33.86453,50.52694],[33.81301,50.51196],[33.80913,50.50991],[33.80618,50.50741],[33.80448,50.50451],[33.80479,50.50214],[33.80588,50.50087],[33.80665,50.50033],[33.83766,50.48808],[33.84081,50.48555],[33.84158,50.48214],[33.8327,50.47875],[33.81704,50.47558],[33.77606,50.47439],[33.74784,50.47023],[33.73808,50.4624],[33.73063,50.46167],[33.72066,50.46266],[33.64495,50.48547],[33.34006,50.52524],[33.33319,50.52782],[33.30606,50.53505],[33.298,50.53847],[33.29242,50.54157],[33.28916,50.544],[33.28482,50.54599],[33.2749,50.5466],[33.26089,50.5456],[33.23361,50.54028],[33.2226,50.53583],[33.21635,50.53133],[33.21449,50.52751],[33.21216,50.524],[33.20937,50.52077],[33.20596,50.51826],[33.19403,50.51733],[33.09811,50.52454],[33.06153,50.53841],[33.09548,50.60193],[33.10468,50.62523],[33.10654,50.63763],[33.10654,50.642],[33.1054,50.64544],[33.1023,50.65381],[33.10137,50.66016],[33.10292,50.66399],[33.10654,50.66667],[33.11739,50.67117],[33.12406,50.67556],[33.12669,50.6797],[33.12793,50.68378],[33.12855,50.69928],[33.13057,50.71008],[33.13491,50.71649],[33.14064,50.72114],[33.14793,50.72445],[33.15568,50.72884],[33.16441,50.73639],[33.167,50.743],[33.167,50.74915],[33.1639,50.75359],[33.15785,50.7569],[33.15072,50.75915],[33.13801,50.76522],[33.12855,50.77277],[33.12514,50.77693],[33.12297,50.7846],[33.12204,50.79478],[33.12251,50.81346],[33.12437,50.82377],[33.14746,50.88124],[33.15072,50.88594],[33.15444,50.88927],[33.15801,50.89126],[33.1641,50.89292],[33.17077,50.89591],[33.1793,50.90444],[33.1824,50.9118],[33.18395,50.91756],[33.18348,50.92547],[33.18286,50.92906],[33.18348,50.95149],[33.18659,50.96195],[33.18503,50.96751],[33.18209,50.97092],[33.16173,50.98206],[33.15801,50.9851],[33.15506,50.9895],[33.15491,50.99368],[33.15553,50.99735],[33.15739,51.00025],[33.1731,51.01167],[33.17697,51.01379],[33.18379,51.01857],[33.19883,51.03632],[33.20689,51.04836],[33.20581,51.05234],[33.20178,51.05492],[33.19077,51.0581],[33.17852,51.0603],[33.17325,51.06011],[33.16969,51.05776],[33.14948,51.03022],[33.14607,51.02738],[33.14188,51.02557],[33.13615,51.0249],[33.08385,51.03242],[33.06292,51.03895],[33.0531,51.04304],[33.04866,51.04567],[33.04396,51.04918],[33.04318,51.05265],[33.0452,51.05533],[33.05936,51.06182],[33.06478,51.06629],[33.06602,51.07009],[33.06509,51.07365],[33.06246,51.07626],[33.05858,51.07802],[33.05372,51.07833],[33.03326,51.07471],[33.02706,51.07507],[33.02117,51.076],[32.98298,51.08743],[32.94453,51.09479],[32.93952,51.09735],[32.93983,51.10042],[32.94138,51.1037],[32.96484,51.12923],[32.96748,51.13336],[32.97042,51.13983],[32.96949,51.14429],[32.9667,51.15034],[32.96205,51.15863],[32.96158,51.17217],[32.96329,51.17832],[32.96748,51.18215],[33.01884,51.19248],[33.02349,51.19507],[33.02768,51.19812],[33.03078,51.20589],[33.03109,51.21191],[33.02938,51.22364],[33.03063,51.22956],[33.03326,51.23351],[33.06153,51.24256],[33.06618,51.24511],[33.07021,51.24891],[33.07083,51.25243],[33.06959,51.25664],[33.06416,51.26896],[33.06494,51.27374],[33.06742,51.27777],[33.07067,51.28108],[33.07362,51.28509],[33.07315,51.28839],[33.07067,51.29108],[33.05812,51.29832],[33.05372,51.30173],[33.04938,51.30726],[33.0499,51.31268],[33.05186,51.31842],[33.05564,51.32682],[33.0561,51.33175],[33.05517,51.33596],[33.05269,51.33873],[33.04907,51.3409],[33.04427,51.34188],[33.0328,51.34167],[33.02737,51.34209],[33.02272,51.34421],[33.01962,51.34824],[33.01574,51.35542],[33.00659,51.36627],[33.0021,51.37286],[33.0007,51.37611],[33.00039,51.37852],[33.00164,51.38115],[33.00846,51.39102],[33.01187,51.39397],[33.01543,51.39624],[33.02101,51.39676],[33.0269,51.39609],[33.03218,51.3948],[33.03559,51.39283],[33.03729,51.39136],[33.039,51.38896],[33.04582,51.37658],[33.0483,51.37392],[33.05155,51.37139],[33.05579,51.36932],[33.06106,51.36777],[33.06726,51.36666],[33.07998,51.36658],[33.10137,51.36937],[33.11088,51.37201],[33.11522,51.37454],[33.11941,51.37797],[33.12297,51.38423],[33.12282,51.38958],[33.12189,51.39544],[33.11956,51.40343],[33.12065,51.40864],[33.12313,51.41268],[33.12669,51.41562],[33.13026,51.41934],[33.13088,51.42151],[33.12995,51.42415],[33.12266,51.42833],[33.1177,51.43319],[33.11289,51.44001],[33.10819,51.45577],[33.10881,51.46311],[33.11165,51.46761],[33.1163,51.46916],[33.12127,51.47122],[33.12607,51.47427],[33.13088,51.47975],[33.13165,51.48396],[33.13088,51.48784],[33.12173,51.50807],[33.12266,51.51035],[33.12623,51.51035],[33.15568,51.50058],[33.16255,51.49898],[33.16597,51.49856],[33.16876,51.49954],[33.16969,51.50001],[33.1841,51.51205],[33.18689,51.51593],[33.18534,51.51872],[33.18286,51.52166],[33.1793,51.52414],[33.1594,51.53536],[33.15553,51.53983],[33.15258,51.54626],[33.15103,51.55928],[33.15351,51.56512],[33.15754,51.56861],[33.17449,51.57179],[33.18054,51.57396],[33.18193,51.5767],[33.18162,51.57964],[33.17914,51.58246],[33.17527,51.58476],[33.17062,51.58683],[33.16576,51.58993],[33.16235,51.59447],[33.15801,51.63463],[33.15646,51.63886],[33.15351,51.64191],[33.1484,51.64295],[33.14266,51.64519],[33.1377,51.64889],[33.13491,51.65783],[33.13692,51.66847],[33.15268,51.68196],[33.1532,51.6931],[33.09868,51.72718],[33.0916,51.73359],[33.08509,51.74124],[33.07352,51.76454],[33.06804,51.77198],[33.06204,51.79291],[33.07223,51.81648],[33.08892,51.8357],[33.10215,51.84366],[33.12147,51.85084],[33.13103,51.86624],[33.1425,51.88058],[33.16767,51.88464],[33.16767,51.89208],[33.16069,51.90422],[33.18023,51.90779],[33.22508,51.90572],[33.23661,51.90998],[33.27216,51.92877],[33.28684,51.93303],[33.31025,51.93489],[33.36626,51.9467],[33.37706,51.95848],[33.37463,51.96897],[33.35965,51.98587],[33.35278,51.98825],[33.35355,51.99083],[33.3565,51.993],[33.36099,51.99561],[33.36564,51.999],[33.37091,52.00515],[33.37293,52.00985],[33.37386,52.01429],[33.3734,52.047],[33.37557,52.05318],[33.37929,52.0569],[33.38378,52.05812],[33.38828,52.05812],[33.39138,52.05625],[33.39375,52.05362],[33.39562,52.05042],[33.39779,52.04755],[33.40166,52.0454],[33.40724,52.04442],[33.42011,52.0437],[33.44357,52.0454],[33.46496,52.0491],[33.47086,52.05171],[33.47644,52.05625],[33.4831,52.06664],[33.48574,52.07308],[33.48698,52.07847],[33.48636,52.08204],[33.48465,52.08494],[33.48031,52.08628],[33.44946,52.08754],[33.44398,52.08897],[33.44042,52.09129],[33.43794,52.09419],[33.43623,52.09734],[33.43391,52.10033],[33.43096,52.10297],[33.41965,52.11],[33.40151,52.12599],[33.37867,52.13997],[33.37401,52.14199],[33.3304,52.15118],[33.3259,52.15294],[33.32353,52.16235],[33.31784,52.20984],[33.32311,52.22167],[33.34926,52.23834],[33.35944,52.24834],[33.36177,52.25567],[33.36425,52.27423],[33.36626,52.28187],[33.37122,52.28875],[33.38409,52.30037],[33.38673,52.30668],[33.38952,52.32275],[33.39717,52.33965],[33.40058,52.34434],[33.40368,52.34296],[33.41933,52.33833],[33.43732,52.33916],[33.45179,52.34526],[33.46533,52.35275],[33.48052,52.35776],[33.49943,52.34099],[33.49303,52.30314],[33.51008,52.28753],[33.53168,52.28883],[33.6002,52.33079],[33.68795,52.35582],[33.73358,52.36099]]]}},{"type":"Feature","properties":{"name":"Kharkiv","country_iso_a3":"UKR","type":"Oblast'"},"geometry":{"type":"Polygon","coordinates":[[[37.41521,50.43186],[37.43527,50.42493],[37.45025,50.39899],[37.46379,50.36654],[37.48002,50.34003],[37.56818,50.31254],[37.59918,50.29089],[37.60156,50.24903],[37.59153,50.22531],[37.58864,50.21461],[37.59029,50.20381],[37.59712,50.19694],[37.63184,50.1741],[37.72765,50.0787],[37.76341,50.06258],[37.84278,50.03912],[37.88175,50.02305],[37.91586,50.00331],[37.94655,49.97819],[37.979,49.94145],[37.98004,49.93959],[37.99533,49.92135],[37.99585,49.9059],[38.0004,49.8998],[38.02292,49.90914],[38.02422,49.90316],[38.02748,49.89385],[38.0435,49.86936],[38.04598,49.86662],[38.05187,49.86132],[38.05528,49.85884],[38.05931,49.85665],[38.079,49.84905],[38.08086,49.84626],[38.08008,49.84311],[38.07543,49.8399],[38.07047,49.83815],[38.06474,49.83732],[38.04267,49.83618],[38.02283,49.83241],[38.00531,49.82649],[38.00004,49.82264],[37.99849,49.82037],[37.99756,49.81745],[37.99973,49.81396],[38.00159,49.81218],[38.0435,49.79071],[38.04536,49.78787],[38.04515,49.78482],[38.04102,49.78156],[38.03662,49.77931],[38.02345,49.77428],[38.01973,49.77185],[38.01647,49.76906],[38.01368,49.7657],[38.01136,49.76198],[38.00934,49.75774],[38.00484,49.7505],[38.00097,49.74952],[37.99802,49.74942],[37.97394,49.75324],[37.96867,49.75273],[37.96448,49.75102],[37.96092,49.74859],[37.95425,49.74301],[37.94216,49.73051],[37.93999,49.72694],[37.93937,49.72265],[37.94216,49.71738],[37.94604,49.71477],[37.95069,49.71449],[37.97766,49.72187],[37.98293,49.72239],[37.9882,49.72187],[37.99291,49.72019],[37.99601,49.71784],[37.99833,49.71554],[38.00019,49.71268],[38.00066,49.71113],[38.00112,49.70844],[37.99926,49.68066],[37.99973,49.66844],[38.00097,49.66387],[38.00112,49.66059],[38.00035,49.6565],[37.99833,49.65201],[37.99291,49.64627],[37.98076,49.63707],[37.97735,49.63237],[37.96836,49.6146],[37.96371,49.60948],[37.9589,49.60615],[37.95053,49.60336],[37.94712,49.60168],[37.94573,49.59987],[37.94449,49.59679],[37.94588,49.59139],[37.95224,49.57728],[37.9541,49.57465],[37.96076,49.56896],[37.96324,49.56646],[37.96386,49.56364],[37.96231,49.56075],[37.95689,49.55837],[37.95317,49.55604],[37.95317,49.55103],[37.96309,49.53132],[37.96417,49.52793],[37.96448,49.52421],[37.96324,49.52013],[37.95797,49.51468],[37.95332,49.51165],[37.9325,49.50241],[37.92867,49.49969],[37.92567,49.49589],[37.92056,49.48101],[37.91684,49.46448],[37.91048,49.45466],[37.90506,49.44975],[37.89963,49.44804],[37.88444,49.44587],[37.87994,49.44448],[37.87586,49.44251],[37.86377,49.43026],[37.8616,49.42657],[37.86067,49.42272],[37.86361,49.41719],[37.86718,49.41365],[37.87731,49.40567],[37.87979,49.4028],[37.8832,49.39668],[37.88568,49.39006],[37.88707,49.38329],[37.88165,49.33265],[37.88242,49.32056],[37.88506,49.31306],[37.89017,49.31156],[37.90769,49.30989],[37.91358,49.30867],[37.9187,49.30696],[37.92257,49.30469],[37.92567,49.30216],[37.92816,49.29932],[37.9296,49.29619],[37.92909,49.29095],[37.92614,49.28386],[37.91126,49.26857],[37.89823,49.25834],[37.87152,49.24622],[37.84733,49.23175],[37.84392,49.22227],[37.8433,49.21875],[37.84191,49.21421],[37.83896,49.21043],[37.83385,49.20754],[37.81695,49.2055],[37.77116,49.20436],[37.64311,49.22831],[37.54694,49.22723],[37.541,49.22516],[37.53531,49.22144],[37.50348,49.1864],[37.50487,49.18397],[37.50859,49.18196],[37.51387,49.18044],[37.52549,49.17845],[37.56337,49.17529],[37.58508,49.17617],[37.59019,49.17535],[37.59391,49.17341],[37.59701,49.1709],[37.6104,49.15731],[37.61241,49.15457],[37.60962,49.15018],[37.60125,49.14465],[37.37377,49.05251],[37.36943,49.04936],[37.36411,49.04473],[37.35682,49.03473],[37.35388,49.02871],[37.35248,49.02357],[37.35186,49.0197],[37.34876,49.01564],[37.34349,49.0122],[37.31961,49.0059],[37.31434,49.0029],[37.30855,48.99851],[37.29181,48.97985],[37.29073,48.97626],[37.29197,48.97313],[37.29507,48.9706],[37.30344,48.96629],[37.30592,48.96357],[37.30592,48.95996],[37.30344,48.9519],[37.30297,48.94802],[37.30421,48.94476],[37.30638,48.94187],[37.31166,48.93634],[37.31341,48.93329],[37.31445,48.93006],[37.31434,48.92652],[37.31104,48.92296],[37.30514,48.92022],[37.29352,48.91779],[37.26592,48.91776],[37.25905,48.91546],[37.22091,48.89756],[37.21704,48.89453],[37.21115,48.8851],[37.20696,48.87619],[37.20396,48.87324],[37.19983,48.87094],[37.19187,48.86978],[37.18613,48.86715],[37.18071,48.86131],[37.17885,48.85663],[37.17823,48.85221],[37.18148,48.83485],[37.18117,48.83149],[37.17714,48.82831],[37.17048,48.82563],[37.14764,48.82178],[37.13988,48.82152],[37.13415,48.82219],[37.12888,48.82353],[37.12438,48.82555],[37.12066,48.82792],[37.1174,48.83046],[37.10903,48.83841],[37.10516,48.84058],[37.10004,48.84203],[37.09446,48.84265],[37.08872,48.84239],[37.08356,48.84162],[37.07875,48.83929],[37.07441,48.83575],[37.07038,48.8287],[37.06883,48.82358],[37.06774,48.81883],[37.06635,48.81485],[37.06278,48.81165],[37.05736,48.8096],[37.04759,48.80963],[37.04092,48.81085],[37.02986,48.81428],[37.02459,48.81531],[37.01855,48.81371],[37.01266,48.8103],[37.00087,48.79847],[36.99824,48.79454],[36.99808,48.79139],[36.99839,48.78834],[36.99994,48.78614],[37.0018,48.78462],[37.00521,48.78271],[37.02661,48.77632],[37.03095,48.77434],[37.03364,48.77165],[37.03374,48.76793],[37.0325,48.764],[37.02893,48.76077],[37.02382,48.75891],[37.01436,48.75961],[37.00878,48.76147],[37.00444,48.76356],[37.00149,48.7656],[36.99917,48.76689],[36.9031,48.79924],[36.89086,48.80092],[36.88512,48.80092],[36.87489,48.7995],[36.86559,48.79713],[36.86088,48.79537],[36.84693,48.78754],[36.83654,48.77987],[36.82538,48.7732],[36.82042,48.77242],[36.77293,48.77454],[36.76068,48.77687],[36.73055,48.78751],[36.71831,48.78927],[36.70699,48.78922],[36.70172,48.78816],[36.69702,48.78591],[36.69252,48.78178],[36.69004,48.77754],[36.69051,48.7693],[36.6933,48.75829],[36.70931,48.71444],[36.7104,48.70599],[36.71055,48.6884],[36.70854,48.66085],[36.71087,48.64959],[36.72544,48.62592],[36.66725,48.62096],[36.64896,48.61238],[36.641,48.60603],[36.63108,48.60334],[36.59495,48.60156],[36.58343,48.60267],[36.57614,48.60463],[36.57289,48.60716],[36.56653,48.6137],[36.56142,48.61778],[36.54576,48.62649],[36.50137,48.64287],[36.4854,48.64685],[36.47718,48.64688],[36.47098,48.64587],[36.45496,48.63822],[36.38236,48.58055],[36.36592,48.56161],[36.36453,48.55846],[36.36546,48.55549],[36.36887,48.55319],[36.37724,48.54908],[36.37802,48.54582],[36.37476,48.54164],[36.35812,48.53383],[36.34929,48.5313],[36.34215,48.53138],[36.33812,48.53332],[36.33053,48.5381],[36.32572,48.53998],[36.31967,48.54151],[36.31518,48.54055],[36.31146,48.53843],[36.30231,48.53171],[36.29404,48.52722],[36.28877,48.52704],[36.28428,48.52825],[36.2742,48.53544],[36.2728,48.5381],[36.27405,48.54104],[36.27652,48.54391],[36.30324,48.56458],[36.30583,48.56727],[36.30758,48.5699],[36.30645,48.57228],[36.30386,48.57476],[36.28614,48.5866],[36.27017,48.59522],[36.26753,48.59781],[36.26676,48.60109],[36.268,48.60463],[36.27017,48.60804],[36.28381,48.62427],[36.28583,48.6277],[36.28691,48.63114],[36.28567,48.63411],[36.28335,48.6369],[36.27094,48.64701],[36.19942,48.6862],[36.1755,48.70313],[36.13777,48.72054],[36.13281,48.72369],[36.13188,48.7269],[36.13266,48.73067],[36.13488,48.73429],[36.13736,48.7377],[36.14077,48.74036],[36.16092,48.74927],[36.1662,48.75315],[36.16837,48.75511],[36.17069,48.75775],[36.1693,48.76193],[36.16372,48.76726],[36.13684,48.77987],[36.13111,48.78361],[36.12537,48.79263],[36.11948,48.79676],[36.11018,48.80147],[36.08848,48.80976],[36.07928,48.81454],[36.07509,48.81955],[36.0754,48.82374],[36.07214,48.82911],[36.06377,48.83232],[36.03726,48.83774],[36.02936,48.841],[36.0121,48.85087],[36.00528,48.8534],[36.00032,48.85438],[35.96693,48.85309],[35.96197,48.8549],[35.96104,48.85748],[35.96337,48.86033],[35.96683,48.86281],[35.97427,48.86715],[35.99985,48.8765],[36.00357,48.87877],[36.00683,48.88149],[36.01845,48.89386],[36.02062,48.89707],[36.02202,48.90012],[36.02062,48.90291],[36.01783,48.90539],[35.99985,48.91877],[35.99318,48.92572],[35.99179,48.92898],[35.9921,48.93288],[35.99287,48.93686],[35.98869,48.94373],[35.9797,48.952],[35.95251,48.96869],[35.93965,48.97456],[35.93066,48.97639],[35.91841,48.97107],[35.87076,48.96016],[35.85366,48.9536],[35.838,48.9458],[35.83366,48.94422],[35.82405,48.94218],[35.81862,48.94174],[35.80947,48.93908],[35.8056,48.93712],[35.80064,48.93518],[35.79438,48.93422],[35.78369,48.93453],[35.77299,48.93942],[35.75284,48.94549],[35.71108,48.9536],[35.70318,48.9537],[35.69418,48.94983],[35.68871,48.94812],[35.67925,48.94797],[35.67212,48.95045],[35.66282,48.95577],[35.65568,48.9582],[35.64902,48.95944],[35.6192,48.95869],[35.61254,48.96001],[35.60773,48.96218],[35.60308,48.96551],[35.58602,48.97474],[35.5792,48.97582],[35.57357,48.97541],[35.56954,48.9736],[35.56504,48.97221],[35.55977,48.97161],[35.50872,48.97688],[35.50376,48.9768],[35.48329,48.97422],[35.47027,48.97375],[35.46247,48.97489],[35.45642,48.9766],[35.43611,48.99117],[35.42045,49.00021],[35.36133,49.02202],[35.34785,49.03132],[35.33028,49.04706],[35.32532,49.05029],[35.29803,49.06264],[35.294,49.06631],[35.29054,49.07119],[35.28418,49.077],[35.21902,49.11147],[35.21561,49.11426],[35.2139,49.11742],[35.21142,49.12408],[35.20662,49.12847],[35.19886,49.13359],[35.16982,49.14723],[35.15277,49.15243],[35.14781,49.15343],[35.12843,49.15374],[35.10326,49.15664],[35.09737,49.15677],[35.07458,49.15374],[35.0643,49.15436],[35.05701,49.15695],[35.04771,49.16191],[35.04136,49.16346],[35.03593,49.16346],[35.03159,49.16186],[35.01841,49.15971],[34.98394,49.16372],[34.98844,49.17013],[34.98968,49.17749],[34.98735,49.18919],[34.98332,49.20033],[34.97836,49.21092],[34.97464,49.21697],[34.9549,49.23955],[34.9535,49.24289],[34.95304,49.24738],[34.95381,49.25281],[34.95759,49.26196],[34.9641,49.27157],[34.97293,49.28061],[35.02461,49.3172],[35.02864,49.31908],[35.03345,49.32025],[35.03887,49.3205],[35.04446,49.31986],[35.04926,49.31828],[35.05298,49.31616],[35.05841,49.31079],[35.06166,49.30821],[35.07334,49.30164],[35.08389,49.29836],[35.09024,49.2972],[35.18848,49.29201],[35.20956,49.29433],[35.26325,49.31167],[35.27907,49.31978],[35.30904,49.34205],[35.33508,49.3698],[35.36056,49.39202],[35.36133,49.39595],[35.35963,49.40045],[35.34919,49.41078],[35.3495,49.41512],[35.35312,49.42019],[35.35322,49.423],[35.35136,49.42657],[35.34314,49.43037],[35.33059,49.43468],[35.3264,49.43887],[35.32346,49.44587],[35.31648,49.45502],[35.31369,49.46117],[35.31369,49.46783],[35.31524,49.47264],[35.31741,49.47693],[35.31974,49.48055],[35.32268,49.48349],[35.32671,49.48535],[35.34222,49.48763],[35.35157,49.49011],[35.35684,49.49083],[35.36273,49.49073],[35.41937,49.48086],[35.42495,49.48096],[35.42883,49.48303],[35.43456,49.48931],[35.43828,49.4915],[35.44324,49.49253],[35.45999,49.49321],[35.46453,49.49439],[35.46748,49.49646],[35.46872,49.49822],[35.46934,49.50055],[35.46484,49.507],[35.45441,49.51354],[35.43301,49.52204],[35.41596,49.53377],[35.39622,49.54075],[35.39203,49.54406],[35.39064,49.55057],[35.39343,49.55336],[35.39839,49.55475],[35.44557,49.5546],[35.4665,49.55718],[35.4712,49.55847],[35.47507,49.56039],[35.47275,49.5686],[35.46422,49.58219],[35.41983,49.63733],[35.41627,49.64384],[35.41348,49.65046],[35.41301,49.65374],[35.41363,49.65692],[35.41673,49.65919],[35.4251,49.66201],[35.4282,49.66387],[35.42867,49.66684],[35.4282,49.67015],[35.42588,49.68064],[35.42371,49.68384],[35.41968,49.68627],[35.41193,49.68756],[35.38133,49.68808],[35.37637,49.68704],[35.37265,49.6849],[35.36986,49.68159],[35.36599,49.67353],[35.36335,49.67025],[35.35979,49.66842],[35.35446,49.66813],[35.34175,49.66942],[35.29131,49.67927],[35.2862,49.68097],[35.28325,49.6841],[35.28217,49.68924],[35.28046,49.69319],[35.2769,49.69619],[35.2493,49.69929],[35.24356,49.70136],[35.23902,49.70451],[35.23705,49.71105],[35.23592,49.72415],[35.2339,49.72787],[35.23034,49.73154],[35.21003,49.7403],[35.206,49.74286],[35.20243,49.7473],[35.1984,49.75386],[35.19235,49.76988],[35.19127,49.77466],[35.19049,49.78967],[35.19359,49.81776],[35.19313,49.82523],[35.19111,49.832],[35.1877,49.83595],[35.183,49.84052],[35.16626,49.85117],[35.1599,49.85373],[35.15416,49.85494],[35.14827,49.8553],[35.143,49.85473],[35.1382,49.85357],[35.12574,49.84807],[35.12078,49.84698],[35.11536,49.84652],[35.10295,49.84766],[35.04073,49.86802],[35.03593,49.87132],[35.02244,49.88326],[35.01516,49.88667],[35.00859,49.88889],[34.96735,49.88874],[34.95459,49.89008],[34.94885,49.89153],[34.94389,49.89341],[34.93568,49.8976],[34.92607,49.90507],[34.92203,49.90734],[34.91723,49.90912],[34.89857,49.91241],[34.89284,49.91452],[34.88819,49.91765],[34.8778,49.92998],[34.87392,49.9322],[34.86896,49.93636],[34.864,49.94233],[34.85811,49.96935],[34.85672,49.97271],[34.84147,50.00005],[34.84271,50.00191],[34.85284,50.01323],[34.86214,50.02162],[34.90684,50.05002],[34.9132,50.05568],[34.91583,50.06413],[34.91785,50.07736],[34.91723,50.13244],[34.90824,50.14596],[34.94544,50.15885],[34.95087,50.16216],[34.95728,50.16686],[34.96141,50.17616],[34.97015,50.18937],[34.97526,50.19197],[34.97945,50.19197],[34.98239,50.18996],[34.98518,50.18738],[34.992,50.18267],[35.00503,50.17629],[35.01588,50.17213],[35.02508,50.17058],[35.03035,50.17182],[35.03391,50.17466],[35.03577,50.17828],[35.0367,50.1818],[35.03593,50.185],[35.03422,50.18805],[35.03453,50.1927],[35.03763,50.19854],[35.05128,50.20954],[35.05965,50.21368],[35.06724,50.21497],[35.08171,50.2088],[35.08869,50.20712],[35.09303,50.20849],[35.09644,50.21125],[35.09861,50.21507],[35.10047,50.21939],[35.10404,50.22466],[35.10915,50.23073],[35.12032,50.23972],[35.12791,50.24321],[35.13541,50.245],[35.14843,50.24437],[35.16114,50.24262],[35.18207,50.23585],[35.18677,50.23383],[35.19468,50.23233],[35.206,50.23166],[35.24181,50.23611],[35.24977,50.23848],[35.25302,50.24097],[35.25473,50.24422],[35.25473,50.24755],[35.2538,50.25104],[35.25039,50.25735],[35.24915,50.2605],[35.24961,50.26453],[35.25256,50.26892],[35.25969,50.27502],[35.26449,50.27734],[35.26899,50.27833],[35.29845,50.27373],[35.30454,50.27476],[35.30888,50.27642],[35.31136,50.27874],[35.31152,50.28096],[35.30935,50.28339],[35.3064,50.28577],[35.30594,50.28959],[35.30826,50.29414],[35.32082,50.30202],[35.32919,50.30466],[35.33648,50.30525],[35.34175,50.30385],[35.36645,50.2945],[35.3725,50.29298],[35.3804,50.29218],[35.38537,50.2936],[35.38878,50.29621],[35.39048,50.30003],[35.39095,50.30385],[35.39064,50.31943],[35.39095,50.3238],[35.39327,50.32964],[35.3973,50.33235],[35.40288,50.33367],[35.40893,50.33367],[35.41518,50.33282],[35.42603,50.32964],[35.49383,50.30215],[35.50252,50.30034],[35.5067,50.3014],[35.50748,50.3038],[35.50562,50.30644],[35.49833,50.31238],[35.49631,50.31512],[35.49569,50.31894],[35.49802,50.32081],[35.50066,50.32145],[35.53249,50.31726],[35.56179,50.31894],[35.5776,50.32385],[35.58788,50.32546],[35.59548,50.32592],[35.62726,50.3199],[35.64623,50.31832],[35.66251,50.31869],[35.67103,50.31993],[35.67739,50.32176],[35.68111,50.32406],[35.68426,50.32695],[35.68705,50.33042],[35.68933,50.33468],[35.69077,50.33832],[35.69221,50.34417],[35.69687,50.34515],[35.71031,50.35563],[35.72126,50.36871],[35.73769,50.38158],[35.74617,50.38395],[35.76539,50.38452],[35.77438,50.3869],[35.78555,50.3945],[35.80539,50.41217],[35.81934,50.41904],[35.83743,50.42323],[35.93189,50.43015],[36.10584,50.42111],[36.13323,50.4116],[36.14077,50.39295],[36.1693,50.3837],[36.26903,50.28138],[36.29198,50.27404],[36.31585,50.27486],[36.33952,50.28148],[36.36143,50.29166],[36.38096,50.30406],[36.38799,50.30644],[36.40019,50.30665],[36.41,50.30458],[36.43057,50.29688],[36.45269,50.29357],[36.48018,50.28086],[36.51212,50.27642],[36.52111,50.27409],[36.53641,50.26753],[36.53889,50.26505],[36.5361,50.26091],[36.53393,50.23869],[36.53165,50.22882],[36.53465,50.21993],[36.54953,50.21218],[36.57103,50.20691],[36.59439,50.20443],[36.61692,50.20639],[36.63583,50.21404],[36.64441,50.22226],[36.66043,50.24386],[36.66983,50.25301],[36.68265,50.26065],[36.84863,50.3237],[36.91406,50.3391],[36.9801,50.34215],[37.05172,50.33533],[37.19704,50.36241],[37.2267,50.37708],[37.2852,50.41527],[37.31475,50.42297],[37.41521,50.43186]]]}},{"type":"Feature","properties":{"name":"Luhansk","country_iso_a3":"UKR","type":"Oblast'"},"geometry":{"type":"Polygon","coordinates":[[[38.18984,50.06278],[38.25382,50.05906],[38.28121,50.06242],[38.29991,50.06051],[38.31407,50.0495],[38.34415,49.99209],[38.35604,49.98057],[38.37629,49.97494],[38.42011,49.97178],[38.43779,49.96729],[38.46115,49.9569],[38.49753,49.94817],[38.57018,49.95664],[38.61948,49.95075],[38.62889,49.95333],[38.63778,49.95721],[38.66217,49.96258],[38.66465,49.96517],[38.66434,49.96269],[38.67281,49.943],[38.6756,49.92703],[38.68098,49.9183],[38.68728,49.9138],[38.74785,49.88543],[38.85223,49.86579],[38.88634,49.84518],[38.91052,49.82058],[38.9374,49.80347],[39.03227,49.80735],[39.04912,49.81055],[39.06834,49.82109],[39.09987,49.85164],[39.11713,49.8644],[39.15578,49.8736],[39.18101,49.85949],[39.18276,49.85851],[39.23805,49.76513],[39.26089,49.74451],[39.28993,49.73206],[39.32766,49.72632],[39.36724,49.73185],[39.406,49.74425],[39.44362,49.74952],[39.47989,49.73361],[39.49912,49.72813],[39.55751,49.72399],[39.57043,49.7133],[39.58159,49.69071],[39.59741,49.64798],[39.62293,49.61346],[39.65332,49.59982],[39.68867,49.59346],[39.72918,49.5808],[39.78106,49.5484],[39.80153,49.5422],[39.82871,49.54147],[39.85941,49.54556],[39.88938,49.55326],[39.9147,49.56297],[39.97402,49.60256],[39.99811,49.60824],[40.01774,49.60788],[40.11552,49.59057],[40.1185,49.58845],[40.13071,49.57982],[40.12606,49.55909],[40.11066,49.54535],[40.072,49.53067],[40.05433,49.51977],[40.0349,49.48706],[40.04089,49.45548],[40.06198,49.42582],[40.10135,49.38546],[40.14807,49.3496],[40.15954,49.33358],[40.15717,49.31585],[40.1427,49.2819],[40.14166,49.24578],[40.13401,49.23627],[40.11024,49.22764],[40.09092,49.21726],[40.05774,49.18279],[40.03841,49.16852],[39.97961,49.14186],[39.95211,49.12455],[39.93093,49.10057],[39.92607,49.08651],[39.92338,49.05799],[39.91873,49.04781],[39.90726,49.04259],[39.89134,49.04176],[39.86199,49.04512],[39.8315,49.04528],[39.74892,49.02621],[39.69828,49.02838],[39.68112,49.02032],[39.67399,48.97014],[39.68753,48.95758],[39.70779,48.9488],[39.72598,48.93701],[39.73941,48.91898],[39.74737,48.90534],[39.75874,48.89541],[39.78231,48.88844],[39.86189,48.87645],[39.89651,48.87991],[39.90819,48.87841],[39.91863,48.87247],[39.93764,48.85624],[39.95036,48.85278],[39.97227,48.86033],[39.98994,48.87567],[40.00885,48.88782],[40.03428,48.8856],[40.05381,48.86921],[40.05278,48.84973],[40.03872,48.82999],[40.0196,48.81315],[39.97527,48.78968],[39.93496,48.78669],[39.82416,48.81563],[39.80122,48.8149],[39.77941,48.80772],[39.75936,48.79284],[39.7512,48.78188],[39.74448,48.77051],[39.73631,48.76152],[39.7114,48.7548],[39.70293,48.74659],[39.64185,48.61171],[39.63172,48.58691],[39.67027,48.58841],[39.69011,48.59368],[39.80918,48.58375],[39.83532,48.57347],[39.85507,48.55611],[39.86271,48.53006],[39.86385,48.52275],[39.86612,48.51704],[39.8685,48.51291],[39.86953,48.50991],[39.8654,48.50149],[39.856,48.49937],[39.84669,48.49983],[39.84215,48.49906],[39.84473,48.4835],[39.85434,48.47544],[39.86478,48.46983],[39.8962,48.42392],[39.90684,48.39834],[39.91449,48.3847],[39.9241,48.37612],[39.90147,48.36118],[39.88411,48.34635],[39.81589,48.30816],[39.88483,48.27899],[39.90519,48.28065],[39.95739,48.29338],[39.97888,48.29008],[39.99325,48.27323],[39.99066,48.25375],[39.97764,48.23546],[39.96048,48.22207],[39.91263,48.19768],[39.89372,48.18298],[39.84308,48.11975],[39.83119,48.09998],[39.82902,48.07678],[39.84432,48.04567],[39.84297,48.0364],[39.84029,48.035],[39.83357,48.03619],[39.77879,48.02921],[39.76815,48.02433],[39.75988,48.01495],[39.76194,48.00978],[39.77011,48.0041],[39.78024,47.99314],[39.7944,47.97131],[39.79615,47.96136],[39.79398,47.9457],[39.79047,47.93775],[39.77983,47.92248],[39.77703,47.91374],[39.77755,47.90659],[39.7821,47.89289],[39.78292,47.88656],[39.77559,47.85801],[39.75905,47.83295],[39.73383,47.816],[39.70076,47.81153],[39.60061,47.82948],[39.57002,47.83093],[39.50935,47.82277],[39.47989,47.82613],[39.45705,47.83129],[39.41396,47.82318],[39.39163,47.82261],[39.37355,47.8283],[39.34006,47.84357],[39.3197,47.84602],[39.17356,47.83705],[39.13325,47.82954],[39.11351,47.82856],[39.09294,47.83209],[39.0391,47.85692],[39.03618,47.857],[39.03625,47.85734],[39.03811,47.86586],[39.05553,47.91739],[39.05501,47.92377],[39.05367,47.9316],[39.04494,47.93568],[39.04013,47.93857],[39.03579,47.94255],[39.03129,47.94984],[39.03098,47.95878],[39.03377,47.99195],[39.03129,48.00105],[39.02711,48.00663],[38.93368,48.0211],[38.86231,48.02012],[38.8527,48.02286],[38.84014,48.02797],[38.81497,48.04299],[38.80536,48.05045],[38.80025,48.05668],[38.80118,48.06056],[38.80273,48.06461],[38.8049,48.06846],[38.81001,48.07546],[38.81885,48.08487],[38.82133,48.08903],[38.82273,48.09427],[38.82118,48.10321],[38.81808,48.10792],[38.81405,48.11143],[38.75617,48.13401],[38.63049,48.16595],[38.60925,48.17499],[38.60367,48.17913],[38.60098,48.18318],[38.6015,48.18703],[38.60367,48.1951],[38.60656,48.20321],[38.60718,48.20695],[38.60584,48.21029],[38.60429,48.21334],[38.58873,48.23711],[38.58424,48.24664],[38.58114,48.2569],[38.57649,48.26631],[38.57075,48.27437],[38.56626,48.27762],[38.56099,48.27886],[38.46089,48.2724],[38.44523,48.27463],[38.43231,48.27866],[38.42673,48.28207],[38.42363,48.28563],[38.41913,48.29894],[38.41293,48.31046],[38.40999,48.31775],[38.40968,48.32113],[38.40983,48.32413],[38.412,48.32648],[38.41464,48.3277],[38.41758,48.32837],[38.46321,48.33348],[38.46724,48.33452],[38.47127,48.33615],[38.47484,48.33829],[38.4781,48.34103],[38.48042,48.34423],[38.48197,48.34764],[38.48275,48.35074],[38.48275,48.35286],[38.48058,48.35762],[38.46678,48.37617],[38.45701,48.38563],[38.43572,48.39712],[38.42999,48.40123],[38.42611,48.4049],[38.42456,48.40803],[38.42363,48.41131],[38.42115,48.41694],[38.41712,48.42412],[38.40627,48.43735],[38.39914,48.44232],[38.3934,48.4435],[38.38968,48.44128],[38.38311,48.43591],[38.3796,48.43374],[38.37536,48.43211],[38.37009,48.43182],[38.3642,48.4326],[38.35102,48.43823],[38.34529,48.43927],[38.33986,48.43942],[38.33242,48.44056],[38.32369,48.44317],[38.3102,48.44996],[38.30493,48.45461],[38.30488,48.45468],[38.30214,48.45903],[38.30198,48.46645],[38.3026,48.4741],[38.30539,48.48634],[38.30865,48.49466],[38.31128,48.49952],[38.31191,48.5004],[38.3133,48.5035],[38.315,48.5111],[38.31485,48.51544],[38.31392,48.52055],[38.31035,48.5235],[38.30524,48.52551],[38.28989,48.52797],[38.27718,48.53161],[38.26674,48.53647],[38.26224,48.54029],[38.26007,48.54427],[38.26038,48.54805],[38.26178,48.55213],[38.26819,48.56396],[38.26984,48.56815],[38.27005,48.57362],[38.26788,48.57983],[38.25573,48.60094],[38.25561,48.60121],[38.25372,48.60551],[38.25403,48.60985],[38.2562,48.61776],[38.25635,48.62073],[38.25604,48.62267],[38.25139,48.63858],[38.24876,48.66359],[38.24891,48.66737],[38.25,48.67114],[38.25186,48.67457],[38.25387,48.67744],[38.25542,48.67907],[38.26147,48.68372],[38.28415,48.69695],[38.30012,48.71111],[38.30307,48.71501],[38.30539,48.7193],[38.30648,48.7254],[38.30384,48.72852],[38.29935,48.72979],[38.29408,48.72969],[38.27439,48.72669],[38.26953,48.72736],[38.26757,48.72995],[38.26643,48.73274],[38.26664,48.73788],[38.26695,48.74111],[38.26798,48.74488],[38.26974,48.74878],[38.27237,48.75227],[38.28462,48.76418],[38.2902,48.77077],[38.29485,48.77821],[38.29656,48.78315],[38.29578,48.7901],[38.29175,48.80069],[38.28276,48.8117],[38.2795,48.81826],[38.27935,48.82374],[38.28105,48.82844],[38.28152,48.83521],[38.2795,48.83916],[38.27516,48.84185],[38.26317,48.84384],[38.25728,48.84418],[38.24333,48.84699],[38.2348,48.85077],[38.23108,48.85425],[38.22953,48.85815],[38.22953,48.87304],[38.22814,48.87994],[38.22504,48.88994],[38.21341,48.91314],[38.2101,48.92394],[38.17119,48.93205],[38.05776,48.93706],[38.05125,48.93815],[38.04484,48.94066],[38.03523,48.94714],[38.02825,48.95027],[38.02143,48.9519],[38.01585,48.95257],[38.00996,48.95427],[38.0081,48.9573],[38.00856,48.96115],[38.01042,48.96497],[38.01291,48.96864],[38.01585,48.97164],[38.01957,48.97381],[38.02469,48.97456],[38.03631,48.97417],[38.0405,48.9753],[38.04226,48.9782],[38.04257,48.98156],[38.04319,48.98492],[38.04484,48.98745],[38.04923,48.98841],[38.06536,48.98918],[38.06985,48.99034],[38.07373,48.99236],[38.07605,48.9953],[38.07729,48.99825],[38.07776,48.99985],[38.07776,49.00125],[38.0776,49.00362],[38.04861,49.04982],[38.04267,49.06181],[38.04102,49.06995],[38.04391,49.07282],[38.0545,49.08039],[38.05761,49.08326],[38.06024,49.08667],[38.0621,49.09065],[38.06334,49.09473],[38.06288,49.10199],[38.06241,49.10553],[38.06226,49.10925],[38.06319,49.11708],[38.07016,49.14294],[38.07047,49.14806],[38.06675,49.15008],[38.06179,49.15085],[38.02066,49.15227],[38.01585,49.15142],[38.01151,49.14966],[37.98541,49.13411],[37.98123,49.13225],[37.97658,49.13137],[37.97131,49.13155],[37.96619,49.13256],[37.93875,49.14465],[37.89529,49.1563],[37.88661,49.16031],[37.88366,49.16413],[37.88351,49.16842],[37.88909,49.1809],[37.89126,49.18449],[37.89405,49.18739],[37.89823,49.18888],[37.92583,49.18981],[37.93084,49.19134],[37.93405,49.19364],[37.93363,49.19958],[37.9294,49.20206],[37.92366,49.20392],[37.90537,49.20542],[37.89963,49.20643],[37.89498,49.20806],[37.89172,49.21046],[37.88614,49.21581],[37.87979,49.22087],[37.86811,49.22764],[37.85881,49.23095],[37.84733,49.23175],[37.87152,49.24622],[37.89823,49.25834],[37.91126,49.26857],[37.92614,49.28386],[37.92909,49.29095],[37.9296,49.29619],[37.92816,49.29932],[37.92567,49.30216],[37.92257,49.30469],[37.9187,49.30696],[37.91358,49.30867],[37.90769,49.30989],[37.89017,49.31156],[37.88506,49.31306],[37.88242,49.32056],[37.88165,49.33265],[37.88707,49.38329],[37.88568,49.39006],[37.8832,49.39668],[37.87979,49.4028],[37.87731,49.40567],[37.86718,49.41365],[37.86361,49.41719],[37.86067,49.42272],[37.8616,49.42657],[37.86377,49.43026],[37.87586,49.44251],[37.87994,49.44448],[37.88444,49.44587],[37.89963,49.44804],[37.90506,49.44975],[37.91048,49.45466],[37.91684,49.46448],[37.92056,49.48101],[37.92567,49.49589],[37.92867,49.49969],[37.9325,49.50241],[37.95332,49.51165],[37.95797,49.51468],[37.96324,49.52013],[37.96448,49.52421],[37.96417,49.52793],[37.96309,49.53132],[37.95317,49.55103],[37.95317,49.55604],[37.95689,49.55837],[37.96231,49.56075],[37.96386,49.56364],[37.96324,49.56646],[37.96076,49.56896],[37.9541,49.57465],[37.95224,49.57728],[37.94588,49.59139],[37.94449,49.59679],[37.94573,49.59987],[37.94712,49.60168],[37.95053,49.60336],[37.9589,49.60615],[37.96371,49.60948],[37.96836,49.6146],[37.97735,49.63237],[37.98076,49.63707],[37.99291,49.64627],[37.99833,49.65201],[38.00035,49.6565],[38.00112,49.66059],[38.00097,49.66387],[37.99973,49.66844],[37.99926,49.68066],[38.00112,49.70844],[38.00066,49.71113],[38.00019,49.71268],[37.99833,49.71554],[37.99601,49.71784],[37.99291,49.72019],[37.9882,49.72187],[37.98293,49.72239],[37.97766,49.72187],[37.95069,49.71449],[37.94604,49.71477],[37.94216,49.71738],[37.93937,49.72265],[37.93999,49.72694],[37.94216,49.73051],[37.95425,49.74301],[37.96092,49.74859],[37.96448,49.75102],[37.96867,49.75273],[37.97394,49.75324],[37.99802,49.74942],[38.00097,49.74952],[38.00484,49.7505],[38.00934,49.75774],[38.01136,49.76198],[38.01368,49.7657],[38.01647,49.76906],[38.01973,49.77185],[38.02345,49.77428],[38.03662,49.77931],[38.04102,49.78156],[38.04515,49.78482],[38.04536,49.78787],[38.0435,49.79071],[38.00159,49.81218],[37.99973,49.81396],[37.99756,49.81745],[37.99849,49.82037],[38.00004,49.82264],[38.00531,49.82649],[38.02283,49.83241],[38.04267,49.83618],[38.06474,49.83732],[38.07047,49.83815],[38.07543,49.8399],[38.08008,49.84311],[38.08086,49.84626],[38.079,49.84905],[38.05931,49.85665],[38.05528,49.85884],[38.05187,49.86132],[38.04598,49.86662],[38.0435,49.86936],[38.02748,49.89385],[38.02422,49.90316],[38.02292,49.90914],[38.06654,49.92724],[38.07915,49.92992],[38.09031,49.92843],[38.1084,49.92068],[38.11905,49.91918],[38.16618,49.94057],[38.17134,49.98408],[38.16411,50.03038],[38.17393,50.06015],[38.18984,50.06278]]]}},{"type":"Feature","properties":{"name":"Donetsk","country_iso_a3":"UKR","type":"Oblast'"},"geometry":{"type":"Polygon","coordinates":[[[39.03618,47.857],[38.87724,47.86124],[38.83094,47.84824],[38.79621,47.81992],[38.771,47.78083],[38.75332,47.73515],[38.74516,47.69311],[38.73451,47.67714],[38.71302,47.67572],[38.67788,47.68518],[38.66217,47.68329],[38.64336,47.67352],[38.60636,47.64505],[38.58765,47.6343],[38.56222,47.62663],[38.35294,47.6071],[38.31903,47.59131],[38.2934,47.56278],[38.27439,47.52785],[38.26033,47.49294],[38.26364,47.42171],[38.25795,47.39323],[38.23336,47.36241],[38.20338,47.33463],[38.19057,47.31691],[38.18871,47.30099],[38.20101,47.29063],[38.22033,47.28879],[38.25764,47.29275],[38.27573,47.29182],[38.29185,47.28704],[38.30095,47.27603],[38.29816,47.25603],[38.28472,47.24115],[38.26395,47.23154],[38.24131,47.22394],[38.2225,47.21523],[38.20349,47.19231],[38.19698,47.16239],[38.20142,47.13074],[38.21664,47.10326],[38.21648,47.1031],[38.1963,47.0895],[38.14226,47.03766],[38.10808,47.02635],[38.13038,47.05842],[38.13006,47.07465],[38.10434,47.08161],[38.07154,47.0998],[38.06658,47.09809],[38.06105,47.09496],[38.03517,47.0843],[38.02622,47.08161],[37.98764,47.09195],[37.96209,47.09593],[37.95045,47.09125],[37.86109,47.10151],[37.75327,47.07526],[37.7103,47.07416],[37.58074,47.0904],[37.5464,47.08161],[37.48292,47.03596],[37.37794,46.93391],[37.35174,46.89875],[37.33522,46.88247],[37.313,46.87556],[37.31739,46.90082],[37.29542,46.92023],[37.26075,46.93268],[37.22706,46.937],[37.20818,46.93358],[37.16228,46.90908],[37.04656,46.87775],[37.03776,46.87666],[37.03772,46.87673],[37.00955,46.91484],[37.00832,46.91827],[37.00785,46.92194],[37.00955,46.9268],[37.0125,46.93008],[37.0156,46.93316],[37.01886,46.93574],[37.04743,46.95388],[37.05116,46.95688],[37.05705,46.95949],[37.06185,46.96106],[37.06728,46.96101],[37.07208,46.95972],[37.08154,46.95623],[37.08635,46.95512],[37.0912,46.95502],[37.09555,46.9561],[37.09973,46.95775],[37.11446,46.96571],[37.1157,46.9699],[37.11446,46.97579],[37.09369,47.00003],[37.09384,47.0009],[37.09849,47.00574],[37.10562,47.01129],[37.11663,47.0177],[37.11973,47.02023],[37.12051,47.0239],[37.11849,47.02819],[37.11136,47.03393],[37.10624,47.037],[37.091,47.0439],[37.0741,47.05581],[37.07084,47.05754],[37.06712,47.05806],[37.06387,47.05656],[37.06077,47.0541],[37.05534,47.04783],[37.05255,47.04524],[37.04914,47.04478],[37.04588,47.04617],[37.01095,47.06563],[37.00646,47.06994],[37.00258,47.07653],[36.9908,47.10617],[36.98304,47.11743],[36.96749,47.13547],[36.96253,47.13971],[36.95881,47.14193],[36.94052,47.14963],[36.89768,47.16219],[36.88899,47.16606],[36.86445,47.18244],[36.85871,47.18766],[36.85701,47.19066],[36.85654,47.19371],[36.86011,47.19725],[36.86445,47.19903],[36.86993,47.19981],[36.92264,47.20275],[36.93168,47.20487],[36.93556,47.2066],[36.93865,47.209],[36.94036,47.21231],[36.94114,47.21596],[36.93803,47.24112],[36.93617,47.24815],[36.93354,47.2536],[36.9185,47.27515],[36.91395,47.28363],[36.91302,47.29386],[36.91566,47.29825],[36.91943,47.3013],[36.9278,47.30435],[36.93214,47.3051],[36.93648,47.30507],[36.93989,47.30355],[36.94331,47.30145],[36.94703,47.29954],[36.95199,47.29874],[36.96207,47.29859],[36.96656,47.29763],[36.97013,47.29567],[36.97323,47.29324],[36.97741,47.29112],[36.98909,47.28864],[37.00785,47.28693],[37.02893,47.28755],[37.06542,47.29618],[37.06945,47.29804],[37.07239,47.3006],[37.07425,47.30419],[37.07472,47.30791],[37.0741,47.31882],[37.07487,47.32274],[37.07673,47.32641],[37.0789,47.33],[37.08779,47.3399],[37.08996,47.34295],[37.09213,47.34677],[37.09586,47.3552],[37.1002,47.36274],[37.1033,47.36561],[37.10655,47.36809],[37.11446,47.37148],[37.11864,47.37235],[37.12283,47.37266],[37.12593,47.37256],[37.13074,47.37189],[37.13554,47.37055],[37.13988,47.36861],[37.14329,47.36639],[37.1497,47.3614],[37.15249,47.35866],[37.15714,47.35303],[37.159,47.35008],[37.16102,47.34755],[37.16365,47.3459],[37.16722,47.34631],[37.1711,47.3475],[37.17916,47.35083],[37.18241,47.35308],[37.18505,47.35561],[37.18551,47.35912],[37.18474,47.3629],[37.18334,47.36778],[37.18195,47.37577],[37.18226,47.37969],[37.18303,47.38372],[37.18458,47.38788],[37.18877,47.39545],[37.19869,47.40915],[37.19962,47.41326],[37.19931,47.42207],[37.19993,47.42558],[37.20179,47.42915],[37.21781,47.44842],[37.22029,47.45196],[37.22091,47.45527],[37.21921,47.45814],[37.21146,47.45948],[37.19435,47.45927],[37.15218,47.46387],[37.14733,47.46325],[37.14391,47.46124],[37.14066,47.45483],[37.13771,47.45227],[37.13415,47.45044],[37.12872,47.45119],[37.12237,47.45462],[37.10283,47.47529],[37.09989,47.47783],[37.02118,47.52421],[36.99545,47.54749],[36.98754,47.55252],[36.94424,47.57038],[36.93679,47.57149],[36.93075,47.57105],[36.90419,47.55736],[36.89721,47.55276],[36.89334,47.5509],[36.88186,47.55593],[36.86496,47.56635],[36.82585,47.59586],[36.80905,47.60557],[36.79789,47.61025],[36.76657,47.60151],[36.75696,47.60025],[36.7521,47.60169],[36.74885,47.60511],[36.74807,47.61203],[36.74885,47.6173],[36.7521,47.62629],[36.75324,47.63038],[36.75241,47.63389],[36.74947,47.63647],[36.73195,47.63885],[36.7273,47.6405],[36.72373,47.64407],[36.72125,47.64893],[36.72001,47.65776],[36.7228,47.66133],[36.72699,47.66345],[36.73645,47.66531],[36.74497,47.66805],[36.74838,47.66991],[36.74916,47.67218],[36.7473,47.67492],[36.74079,47.67709],[36.71521,47.68138],[36.70885,47.68505],[36.70311,47.69084],[36.68926,47.7159],[36.66136,47.75714],[36.65857,47.76367],[36.65671,47.77807],[36.655,47.78499],[36.65299,47.78783],[36.64958,47.78975],[36.64307,47.7898],[36.61697,47.78636],[36.60581,47.78649],[36.59418,47.78822],[36.58374,47.7914],[36.57692,47.80303],[36.57614,47.84421],[36.56948,47.86736],[36.56591,47.87062],[36.56002,47.87418],[36.54591,47.87695],[36.53677,47.88013],[36.53305,47.88364],[36.53134,47.88739],[36.53113,47.89113],[36.53134,47.89527],[36.53207,47.89966],[36.53444,47.90503],[36.5377,47.90819],[36.54173,47.91025],[36.55832,47.91072],[36.56483,47.91196],[36.57242,47.91568],[36.57847,47.91728],[36.58457,47.91811],[36.61805,47.91826],[36.62891,47.91966],[36.63387,47.92173],[36.63402,47.92426],[36.63278,47.9271],[36.62612,47.93573],[36.61945,47.94813],[36.61805,47.95134],[36.61619,47.95433],[36.6134,47.95702],[36.60937,47.95911],[36.60426,47.96048],[36.58622,47.96234],[36.58111,47.96524],[36.57661,47.97072],[36.57661,47.98203],[36.57196,47.99552],[36.57134,47.99997],[36.57506,48.05823],[36.57692,48.06704],[36.58064,48.07319],[36.58467,48.07642],[36.58906,48.07893],[36.5934,48.08037],[36.59806,48.08141],[36.60317,48.082],[36.62022,48.08182],[36.65438,48.08794],[36.65965,48.08828],[36.66508,48.08807],[36.72373,48.07562],[36.72807,48.07363],[36.73148,48.0713],[36.73427,48.06862],[36.73846,48.05908],[36.74156,48.05645],[36.74559,48.05433],[36.75055,48.05257],[36.78843,48.04513],[36.82383,48.03309],[36.82941,48.03211],[36.83902,48.03448],[36.85127,48.03986],[36.87613,48.05386],[36.88636,48.06148],[36.89256,48.06756],[36.89349,48.07149],[36.8938,48.07531],[36.8938,48.07908],[36.89147,48.09322],[36.88946,48.09996],[36.87923,48.11846],[36.87675,48.12494],[36.87008,48.15231],[36.86962,48.15644],[36.86977,48.16104],[36.87194,48.16745],[36.87535,48.17081],[36.87954,48.17308],[36.88961,48.17458],[36.89675,48.1769],[36.90512,48.18093],[36.91954,48.1905],[36.9247,48.19649],[36.92718,48.2015],[36.92703,48.20512],[36.92419,48.21538],[36.92357,48.21887],[36.92284,48.22202],[36.92253,48.22504],[36.9138,48.26382],[36.91147,48.27049],[36.90868,48.27685],[36.90698,48.28372],[36.90558,48.29444],[36.90403,48.2977],[36.90109,48.30031],[36.89613,48.30201],[36.87334,48.30439],[36.86946,48.30542],[36.86755,48.30798],[36.86651,48.31121],[36.86496,48.31426],[36.86259,48.31682],[36.85856,48.31829],[36.8536,48.31881],[36.84817,48.31881],[36.83794,48.31741],[36.8291,48.31478],[36.8246,48.31387],[36.81995,48.31442],[36.81654,48.31628],[36.81422,48.31902],[36.81267,48.32222],[36.81184,48.32571],[36.81236,48.33075],[36.8184,48.35247],[36.81902,48.35744],[36.81468,48.3864],[36.81019,48.4001],[36.80926,48.40521],[36.80895,48.41314],[36.81143,48.41717],[36.81515,48.41973],[36.83825,48.42681],[36.84274,48.42955],[36.84724,48.43397],[36.84615,48.43684],[36.83794,48.44175],[36.83499,48.44549],[36.83546,48.47634],[36.83825,48.48022],[36.84181,48.48298],[36.85142,48.48658],[36.85654,48.48944],[36.85856,48.49267],[36.8584,48.49565],[36.85747,48.49818],[36.85639,48.5003],[36.85499,48.5036],[36.85267,48.51316],[36.85422,48.51652],[36.85747,48.51874],[36.87117,48.52236],[36.88186,48.52619],[36.88868,48.53016],[36.89101,48.53399],[36.89209,48.53786],[36.89054,48.55972],[36.88868,48.57037],[36.88744,48.57362],[36.88558,48.57667],[36.8831,48.57931],[36.87907,48.5812],[36.86817,48.58241],[36.82445,48.57977],[36.81918,48.57825],[36.81406,48.57559],[36.80957,48.56908],[36.80719,48.56409],[36.80006,48.54213],[36.79789,48.5381],[36.7951,48.53482],[36.79138,48.53267],[36.78688,48.5314],[36.75541,48.52905],[36.75117,48.52923],[36.74854,48.53091],[36.7473,48.53383],[36.74668,48.53916],[36.74714,48.55817],[36.74931,48.56396],[36.75324,48.56737],[36.75774,48.56934],[36.76254,48.57182],[36.77308,48.58566],[36.77649,48.58815],[36.78518,48.59223],[36.78983,48.59504],[36.7906,48.59807],[36.78998,48.60122],[36.78719,48.6037],[36.78332,48.6053],[36.77851,48.60561],[36.74327,48.60112],[36.73831,48.60158],[36.73443,48.60344],[36.7321,48.60608],[36.7304,48.60918],[36.72931,48.61324],[36.72869,48.61646],[36.72544,48.62592],[36.71087,48.64959],[36.70854,48.66085],[36.71055,48.6884],[36.7104,48.70599],[36.70931,48.71444],[36.6933,48.75829],[36.69051,48.7693],[36.69004,48.77754],[36.69252,48.78178],[36.69702,48.78591],[36.70172,48.78816],[36.70699,48.78922],[36.71831,48.78927],[36.73055,48.78751],[36.76068,48.77687],[36.77293,48.77454],[36.82042,48.77242],[36.82538,48.7732],[36.83654,48.77987],[36.84693,48.78754],[36.86088,48.79537],[36.86559,48.79713],[36.87489,48.7995],[36.88512,48.80092],[36.89086,48.80092],[36.9031,48.79924],[36.99917,48.76689],[37.00149,48.7656],[37.00444,48.76356],[37.00878,48.76147],[37.01436,48.75961],[37.02382,48.75891],[37.02893,48.76077],[37.0325,48.764],[37.03374,48.76793],[37.03364,48.77165],[37.03095,48.77434],[37.02661,48.77632],[37.00521,48.78271],[37.0018,48.78462],[36.99994,48.78614],[36.99839,48.78834],[36.99808,48.79139],[36.99824,48.79454],[37.00087,48.79847],[37.01266,48.8103],[37.01855,48.81371],[37.02459,48.81531],[37.02986,48.81428],[37.04092,48.81085],[37.04759,48.80963],[37.05736,48.8096],[37.06278,48.81165],[37.06635,48.81485],[37.06774,48.81883],[37.06883,48.82358],[37.07038,48.8287],[37.07441,48.83575],[37.07875,48.83929],[37.08356,48.84162],[37.08872,48.84239],[37.09446,48.84265],[37.10004,48.84203],[37.10516,48.84058],[37.10903,48.83841],[37.1174,48.83046],[37.12066,48.82792],[37.12438,48.82555],[37.12888,48.82353],[37.13415,48.82219],[37.13988,48.82152],[37.14764,48.82178],[37.17048,48.82563],[37.17714,48.82831],[37.18117,48.83149],[37.18148,48.83485],[37.17823,48.85221],[37.17885,48.85663],[37.18071,48.86131],[37.18613,48.86715],[37.19187,48.86978],[37.19983,48.87094],[37.20396,48.87324],[37.20696,48.87619],[37.21115,48.8851],[37.21704,48.89453],[37.22091,48.89756],[37.25905,48.91546],[37.26592,48.91776],[37.29352,48.91779],[37.30514,48.92022],[37.31104,48.92296],[37.31434,48.92652],[37.31445,48.93006],[37.31341,48.93329],[37.31166,48.93634],[37.30638,48.94187],[37.30421,48.94476],[37.30297,48.94802],[37.30344,48.9519],[37.30592,48.95996],[37.30592,48.96357],[37.30344,48.96629],[37.29507,48.9706],[37.29197,48.97313],[37.29073,48.97626],[37.29181,48.97985],[37.30855,48.99851],[37.31434,49.0029],[37.31961,49.0059],[37.34349,49.0122],[37.34876,49.01564],[37.35186,49.0197],[37.35248,49.02357],[37.35388,49.02871],[37.35682,49.03473],[37.36411,49.04473],[37.36943,49.04936],[37.37377,49.05251],[37.60125,49.14465],[37.60962,49.15018],[37.61241,49.15457],[37.6104,49.15731],[37.59701,49.1709],[37.59391,49.17341],[37.59019,49.17535],[37.58508,49.17617],[37.56337,49.17529],[37.52549,49.17845],[37.51387,49.18044],[37.50859,49.18196],[37.50487,49.18397],[37.50348,49.1864],[37.53531,49.22144],[37.541,49.22516],[37.54694,49.22723],[37.64311,49.22831],[37.77116,49.20436],[37.81695,49.2055],[37.83385,49.20754],[37.83896,49.21043],[37.84191,49.21421],[37.8433,49.21875],[37.84392,49.22227],[37.84733,49.23175],[37.85881,49.23095],[37.86811,49.22764],[37.87979,49.22087],[37.88614,49.21581],[37.89172,49.21046],[37.89498,49.20806],[37.89963,49.20643],[37.90537,49.20542],[37.92366,49.20392],[37.9294,49.20206],[37.93363,49.19958],[37.93405,49.19364],[37.93084,49.19134],[37.92583,49.18981],[37.89823,49.18888],[37.89405,49.18739],[37.89126,49.18449],[37.88909,49.1809],[37.88351,49.16842],[37.88366,49.16413],[37.88661,49.16031],[37.89529,49.1563],[37.93875,49.14465],[37.96619,49.13256],[37.97131,49.13155],[37.97658,49.13137],[37.98123,49.13225],[37.98541,49.13411],[38.01151,49.14966],[38.01585,49.15142],[38.02066,49.15227],[38.06179,49.15085],[38.06675,49.15008],[38.07047,49.14806],[38.07016,49.14294],[38.06319,49.11708],[38.06226,49.10925],[38.06241,49.10553],[38.06288,49.10199],[38.06334,49.09473],[38.0621,49.09065],[38.06024,49.08667],[38.05761,49.08326],[38.0545,49.08039],[38.04391,49.07282],[38.04102,49.06995],[38.04267,49.06181],[38.04861,49.04982],[38.0776,49.00362],[38.07776,49.00125],[38.07776,48.99985],[38.07729,48.99825],[38.07605,48.9953],[38.07373,48.99236],[38.06985,48.99034],[38.06536,48.98918],[38.04923,48.98841],[38.04484,48.98745],[38.04319,48.98492],[38.04257,48.98156],[38.04226,48.9782],[38.0405,48.9753],[38.03631,48.97417],[38.02469,48.97456],[38.01957,48.97381],[38.01585,48.97164],[38.01291,48.96864],[38.01042,48.96497],[38.00856,48.96115],[38.0081,48.9573],[38.00996,48.95427],[38.01585,48.95257],[38.02143,48.9519],[38.02825,48.95027],[38.03523,48.94714],[38.04484,48.94066],[38.05125,48.93815],[38.05776,48.93706],[38.17119,48.93205],[38.2101,48.92394],[38.21341,48.91314],[38.22504,48.88994],[38.22814,48.87994],[38.22953,48.87304],[38.22953,48.85815],[38.23108,48.85425],[38.2348,48.85077],[38.24333,48.84699],[38.25728,48.84418],[38.26317,48.84384],[38.27516,48.84185],[38.2795,48.83916],[38.28152,48.83521],[38.28105,48.82844],[38.27935,48.82374],[38.2795,48.81826],[38.28276,48.8117],[38.29175,48.80069],[38.29578,48.7901],[38.29656,48.78315],[38.29485,48.77821],[38.2902,48.77077],[38.28462,48.76418],[38.27237,48.75227],[38.26974,48.74878],[38.26798,48.74488],[38.26695,48.74111],[38.26664,48.73788],[38.26643,48.73274],[38.26757,48.72995],[38.26953,48.72736],[38.27439,48.72669],[38.29408,48.72969],[38.29935,48.72979],[38.30384,48.72852],[38.30648,48.7254],[38.30539,48.7193],[38.30307,48.71501],[38.30012,48.71111],[38.28415,48.69695],[38.26147,48.68372],[38.25542,48.67907],[38.25387,48.67744],[38.25186,48.67457],[38.25,48.67114],[38.24891,48.66737],[38.24876,48.66359],[38.25139,48.63858],[38.25604,48.62267],[38.25635,48.62073],[38.2562,48.61776],[38.25403,48.60985],[38.25372,48.60551],[38.25561,48.60121],[38.25573,48.60094],[38.26788,48.57983],[38.27005,48.57362],[38.26984,48.56815],[38.26819,48.56396],[38.26178,48.55213],[38.26038,48.54805],[38.26007,48.54427],[38.26224,48.54029],[38.26674,48.53647],[38.27718,48.53161],[38.28989,48.52797],[38.30524,48.52551],[38.31035,48.5235],[38.31392,48.52055],[38.31485,48.51544],[38.315,48.5111],[38.3133,48.5035],[38.31191,48.5004],[38.31128,48.49952],[38.30865,48.49466],[38.30539,48.48634],[38.3026,48.4741],[38.30198,48.46645],[38.30214,48.45903],[38.30488,48.45468],[38.30493,48.45461],[38.3102,48.44996],[38.32369,48.44317],[38.33242,48.44056],[38.33986,48.43942],[38.34529,48.43927],[38.35102,48.43823],[38.3642,48.4326],[38.37009,48.43182],[38.37536,48.43211],[38.3796,48.43374],[38.38311,48.43591],[38.38968,48.44128],[38.3934,48.4435],[38.39914,48.44232],[38.40627,48.43735],[38.41712,48.42412],[38.42115,48.41694],[38.42363,48.41131],[38.42456,48.40803],[38.42611,48.4049],[38.42999,48.40123],[38.43572,48.39712],[38.45701,48.38563],[38.46678,48.37617],[38.48058,48.35762],[38.48275,48.35286],[38.48275,48.35074],[38.48197,48.34764],[38.48042,48.34423],[38.4781,48.34103],[38.47484,48.33829],[38.47127,48.33615],[38.46724,48.33452],[38.46321,48.33348],[38.41758,48.32837],[38.41464,48.3277],[38.412,48.32648],[38.40983,48.32413],[38.40968,48.32113],[38.40999,48.31775],[38.41293,48.31046],[38.41913,48.29894],[38.42363,48.28563],[38.42673,48.28207],[38.43231,48.27866],[38.44523,48.27463],[38.46089,48.2724],[38.56099,48.27886],[38.56626,48.27762],[38.57075,48.27437],[38.57649,48.26631],[38.58114,48.2569],[38.58424,48.24664],[38.58873,48.23711],[38.60429,48.21334],[38.60584,48.21029],[38.60718,48.20695],[38.60656,48.20321],[38.60367,48.1951],[38.6015,48.18703],[38.60098,48.18318],[38.60367,48.17913],[38.60925,48.17499],[38.63049,48.16595],[38.75617,48.13401],[38.81405,48.11143],[38.81808,48.10792],[38.82118,48.10321],[38.82273,48.09427],[38.82133,48.08903],[38.81885,48.08487],[38.81001,48.07546],[38.8049,48.06846],[38.80273,48.06461],[38.80118,48.06056],[38.80025,48.05668],[38.80536,48.05045],[38.81497,48.04299],[38.84014,48.02797],[38.8527,48.02286],[38.86231,48.02012],[38.93368,48.0211],[39.02711,48.00663],[39.03129,48.00105],[39.03377,47.99195],[39.03098,47.95878],[39.03129,47.94984],[39.03579,47.94255],[39.04013,47.93857],[39.04494,47.93568],[39.05367,47.9316],[39.05501,47.92377],[39.05553,47.91739],[39.03811,47.86586],[39.03625,47.85734],[39.03618,47.857]]]}},{"type":"Feature","properties":{"name":"East Azerbaijan","country_iso_a3":"IRN","type":"Ostan"},"geometry":{"type":"Polygon","coordinates":[[[46.37823,38.92471],[46.39188,38.92235],[46.49606,38.88608],[46.51404,38.88218],[46.53207,38.883],[46.55373,38.88982],[46.56985,38.89773],[46.58535,38.9077],[46.5992,38.91969],[46.61067,38.93401],[46.63884,38.97948],[46.65217,38.99294],[46.67041,39.00491],[46.72839,39.02795],[46.74483,39.04025],[46.76162,39.07059],[46.77376,39.08537],[46.78152,39.09038],[46.79805,39.09738],[46.80601,39.1024],[46.8117,39.10852],[46.83738,39.14325],[46.85097,39.15549],[46.86616,39.16536],[46.86639,39.16544],[46.88301,39.17141],[46.89872,39.17174],[46.92662,39.16206],[46.94161,39.1589],[46.95375,39.16066],[47.01363,39.18696],[47.02145,39.1672],[47.02497,39.16531],[47.0262,39.15495],[47.04005,39.14273],[47.07075,39.13118],[47.08553,39.11089],[47.10393,39.04984],[47.10021,39.02997],[47.09349,39.01186],[47.07292,38.98995],[46.9861,38.94336],[46.92399,38.93685],[46.88389,38.91874],[46.83996,38.9123],[46.79366,38.94176],[46.77299,38.94078],[46.77041,38.92556],[46.76989,38.89636],[46.76297,38.86866],[46.74932,38.85923],[46.69599,38.8692],[46.65889,38.86603],[46.64866,38.85174],[46.62189,38.83954],[46.58168,38.7982],[46.56567,38.73588],[46.59419,38.68115],[46.64525,38.65914],[46.71356,38.67847],[46.78219,38.70748],[46.84782,38.7219],[46.99747,38.6888],[47.03933,38.71518],[47.07716,38.75546],[47.13969,38.79236],[47.15209,38.80507],[47.13721,38.80947],[47.12346,38.82569],[47.23818,38.98139],[47.31342,39.02098],[47.35414,39.01819],[47.42153,39.04976],[47.48602,39.09467],[47.52561,39.08312],[47.51176,38.96951],[47.52726,38.95199],[47.52974,38.87665],[47.58762,38.76389],[47.57708,38.69712],[47.54008,38.65821],[47.5409,38.63028],[47.5934,38.60695],[47.61232,38.55796],[47.56354,38.53196],[47.49191,38.54093],[47.4238,38.52522],[47.38184,38.48964],[47.30195,38.44373],[47.27032,38.39729],[47.2449,38.37128],[47.22444,38.33487],[47.21968,38.28348],[47.23167,38.25239],[47.27973,38.26738],[47.3435,38.27348],[47.37512,38.24927],[47.38897,38.24121],[47.41812,38.23705],[47.64291,38.26299],[47.71278,38.23565],[47.74234,38.16232],[47.74864,38.08274],[47.79918,37.98412],[47.87814,37.89906],[47.94491,37.85017],[47.95545,37.83216],[47.94522,37.80451],[47.92269,37.76643],[47.9137,37.67532],[47.94367,37.566],[48.04123,37.51799],[48.04754,37.52086],[48.07007,37.5174],[48.14345,37.48701],[48.16991,37.46851],[48.17807,37.39609],[48.20401,37.34713],[48.26541,37.31483],[48.2867,37.29744],[48.33207,37.26785],[48.32959,37.2624],[48.32463,37.24739],[48.33207,37.24739],[48.34096,37.25612],[48.35605,37.26031],[48.39015,37.26165],[48.40452,37.2555],[48.41857,37.23271],[48.42767,37.23375],[48.44152,37.2278],[48.45526,37.22388],[48.44369,37.21845],[48.40876,37.19623],[48.33414,37.17287],[48.09508,37.19269],[48.03007,37.18404],[47.93519,37.19574],[47.62069,37.16657],[47.58524,37.15471],[47.55082,37.1382],[47.49615,37.09089],[47.43011,37.0657],[47.40034,37.04833],[47.35828,36.99247],[47.20676,36.86907],[47.18764,36.8377],[47.18795,36.78923],[47.19384,36.75683],[46.95644,36.73476],[46.85888,36.74541],[46.82291,36.78747],[46.82384,36.85398],[46.78415,36.94658],[46.79728,36.96154],[46.79283,36.98265],[46.76131,37.00441],[46.71036,37.0135],[46.67067,37.03324],[46.63884,37.05893],[46.59274,37.06497],[46.55068,37.04278],[46.52319,37.02198],[46.4989,37.02399],[46.4495,37.01567],[46.38955,36.98441],[46.35668,36.95172],[46.3418,36.92364],[46.3387,36.91472],[46.32227,36.89387],[46.29292,36.87775],[46.24641,36.89336],[46.20331,36.92545],[46.07898,36.98162],[46.06213,37.00841],[45.92353,37.10921],[45.81667,37.11063],[45.68655,37.12915],[45.39468,37.28186],[45.35685,37.32718],[45.3431,37.3811],[45.35447,37.50531],[45.32977,37.55104],[45.2627,37.61496],[45.25618,37.63321],[45.24244,37.65315],[45.23489,37.66884],[45.23913,37.68013],[45.24854,37.68633],[45.25794,37.69052],[45.26218,37.69584],[45.25422,37.75604],[45.25298,37.76007],[45.24854,37.76813],[45.22848,37.78958],[45.19324,38.05925],[45.19386,38.09251],[45.19696,38.09773],[45.20099,38.10253],[45.19944,38.11341],[45.19324,38.13126],[45.18673,38.13943],[45.17867,38.14485],[45.17288,38.15219],[45.17278,38.16599],[45.16596,38.16599],[45.1026,38.23369],[45.08937,38.26702],[45.10033,38.31048],[45.15655,38.38536],[45.32822,38.52475],[45.36563,38.5778],[45.36605,38.62744],[45.34052,38.68022],[45.32677,38.73738],[45.35582,38.84342],[45.37783,38.88517],[45.48821,38.9769],[45.49453,38.98192],[45.51028,38.97866],[45.53084,38.96928],[45.53556,38.96845],[45.54314,38.96713],[45.57084,38.96638],[45.62779,38.9555],[45.71688,38.95478],[45.76807,38.93913],[45.79109,38.93209],[46.00182,38.89747],[46.06797,38.87411],[46.12605,38.86267],[46.13587,38.8637],[46.20248,38.87055],[46.21995,38.87716],[46.27193,38.90657],[46.29131,38.91393],[46.30454,38.91626],[46.34335,38.91747],[46.36759,38.92362],[46.37823,38.92471]]]}},{"type":"Feature","properties":{"name":"Ardabil","country_iso_a3":"IRN","type":"Ostan"},"geometry":{"type":"Polygon","coordinates":[[[47.95726,39.70734],[47.95771,39.70726],[47.97142,39.70455],[47.99074,39.69427],[48.05203,39.65009],[48.22008,39.49403],[48.28861,39.44503],[48.31672,39.41517],[48.33894,39.37894],[48.3284,39.37633],[48.30246,39.3699],[48.24985,39.34235],[48.18722,39.33259],[48.15353,39.31905],[48.12459,39.2976],[48.10619,39.26918],[48.10433,39.23484],[48.11776,39.20805],[48.14216,39.1812],[48.1991,39.13823],[48.25626,39.11978],[48.2713,39.10831],[48.30148,39.05803],[48.3068,39.0454],[48.30628,39.03147],[48.30159,39.01795],[48.30142,39.01746],[48.29367,39.0046],[48.28463,38.994],[48.28447,38.99395],[48.28437,38.99377],[48.24318,38.97387],[48.05854,38.94837],[48.05513,38.94191],[48.05534,38.93437],[48.05245,38.92791],[48.00005,38.90259],[47.99074,38.89122],[47.99312,38.85008],[48.01297,38.82156],[48.07797,38.78094],[48.21037,38.72976],[48.22298,38.72146],[48.22563,38.71319],[48.23032,38.69862],[48.22618,38.67909],[48.22804,38.66219],[48.27652,38.63178],[48.29223,38.61356],[48.31031,38.60015],[48.34106,38.59958],[48.39175,38.61811],[48.41527,38.61811],[48.42674,38.59646],[48.43371,38.56997],[48.44663,38.55641],[48.46265,38.54494],[48.47909,38.52476],[48.49593,38.51031],[48.51082,38.49378],[48.53564,38.46915],[48.54864,38.45626],[48.57593,38.42037],[48.60786,38.39598],[48.61296,38.39565],[48.61877,38.38531],[48.65071,38.36298],[48.67158,38.34174],[48.67706,38.32293],[48.70125,38.31523],[48.73897,38.30851],[48.75447,38.29552],[48.74558,38.27741],[48.51965,38.06582],[48.49888,38.02732],[48.4902,37.97427],[48.45837,37.93505],[48.45609,37.88032],[48.54808,37.67884],[48.71406,37.47146],[48.76925,37.42619],[48.83302,37.38622],[48.86661,37.35206],[48.86754,37.32356],[48.8632,37.27984],[48.87157,37.22739],[48.88253,37.20279],[48.81514,37.23148],[48.78,37.22295],[48.74062,37.2014],[48.70455,37.20517],[48.67603,37.21793],[48.6568,37.21199],[48.64471,37.19476],[48.64461,37.17783],[48.63117,37.16001],[48.60027,37.15479],[48.52565,37.2183],[48.48441,37.23029],[48.45526,37.22388],[48.44152,37.2278],[48.42767,37.23375],[48.41857,37.23271],[48.40452,37.2555],[48.39015,37.26165],[48.35605,37.26031],[48.34096,37.25612],[48.33207,37.24739],[48.32463,37.24739],[48.32959,37.2624],[48.33207,37.26785],[48.2867,37.29744],[48.26541,37.31483],[48.20401,37.34713],[48.17807,37.39609],[48.16991,37.46851],[48.14345,37.48701],[48.07007,37.5174],[48.04754,37.52086],[48.04123,37.51799],[47.94367,37.566],[47.9137,37.67532],[47.92269,37.76643],[47.94522,37.80451],[47.95545,37.83216],[47.94491,37.85017],[47.87814,37.89906],[47.79918,37.98412],[47.74864,38.08274],[47.74234,38.16232],[47.71278,38.23565],[47.64291,38.26299],[47.41812,38.23705],[47.38897,38.24121],[47.37512,38.24927],[47.3435,38.27348],[47.27973,38.26738],[47.23167,38.25239],[47.21968,38.28348],[47.22444,38.33487],[47.2449,38.37128],[47.27032,38.39729],[47.30195,38.44373],[47.38184,38.48964],[47.4238,38.52522],[47.49191,38.54093],[47.56354,38.53196],[47.61232,38.55796],[47.5934,38.60695],[47.5409,38.63028],[47.54008,38.65821],[47.57708,38.69712],[47.58762,38.76389],[47.52974,38.87665],[47.52726,38.95199],[47.51176,38.96951],[47.52561,39.08312],[47.48602,39.09467],[47.42153,39.04976],[47.35414,39.01819],[47.31342,39.02098],[47.23818,38.98139],[47.12346,38.82569],[47.13721,38.80947],[47.15209,38.80507],[47.13969,38.79236],[47.07716,38.75546],[47.03933,38.71518],[46.99747,38.6888],[46.84782,38.7219],[46.78219,38.70748],[46.71356,38.67847],[46.64525,38.65914],[46.59419,38.68115],[46.56567,38.73588],[46.58168,38.7982],[46.62189,38.83954],[46.64866,38.85174],[46.65889,38.86603],[46.69599,38.8692],[46.74932,38.85923],[46.76297,38.86866],[46.76989,38.89636],[46.77041,38.92556],[46.77299,38.94078],[46.79366,38.94176],[46.83996,38.9123],[46.88389,38.91874],[46.92399,38.93685],[46.9861,38.94336],[47.07292,38.98995],[47.09349,39.01186],[47.10021,39.02997],[47.10393,39.04984],[47.08553,39.11089],[47.07075,39.13118],[47.04005,39.14273],[47.0262,39.15495],[47.02497,39.16531],[47.02145,39.1672],[47.01363,39.18696],[47.02047,39.18996],[47.03091,39.1996],[47.03607,39.20701],[47.05292,39.24494],[47.08909,39.28985],[47.09251,39.29982],[47.10222,39.3084],[47.15007,39.33114],[47.2497,39.36127],[47.26132,39.36638],[47.29136,39.37961],[47.32442,39.40588],[47.32453,39.40597],[47.37425,39.45558],[47.4069,39.47682],[47.44876,39.4947],[47.51873,39.5132],[47.54116,39.51516],[47.55408,39.52198],[47.60699,39.56358],[47.62498,39.57141],[47.74528,39.62378],[47.78821,39.65765],[47.80378,39.66993],[47.82311,39.68032],[47.84688,39.68528],[47.92294,39.68414],[47.93524,39.68652],[47.94568,39.69396],[47.95726,39.70734]]]}},{"type":"Feature","properties":{"name":"Gilan","country_iso_a3":"IRN","type":"Ostan"},"geometry":{"type":"Polygon","coordinates":[[[48.61296,38.39565],[48.65913,38.39265],[48.68321,38.39802],[48.71029,38.40711],[48.73561,38.41957],[48.75535,38.43523],[48.77772,38.44481],[48.80971,38.44463],[48.87428,38.43407],[48.87721,38.34618],[48.8659,38.31688],[48.87289,38.29556],[48.87485,38.24274],[48.89373,38.2058],[48.90772,38.08348],[48.94907,37.96686],[48.94117,37.94774],[48.9402,37.92499],[48.94451,37.90339],[48.95216,37.88801],[48.98748,37.84248],[48.9878,37.8321],[48.98471,37.82319],[48.98316,37.81598],[48.99366,37.77676],[49.0145,37.73916],[49.0652,37.67886],[49.1325,37.62336],[49.20558,37.58169],[49.36687,37.51496],[49.44174,37.49486],[49.82618,37.45356],[49.86744,37.45856],[49.90154,37.46971],[49.93377,37.47443],[49.96949,37.4597],[49.95997,37.45848],[49.9489,37.46092],[49.94313,37.46162],[49.93531,37.45356],[50.01873,37.42772],[50.14877,37.40388],[50.19565,37.38935],[50.22731,37.36542],[50.22332,37.32933],[50.23211,37.31542],[50.24513,37.27928],[50.25424,37.26484],[50.26873,37.24689],[50.29225,37.19282],[50.32228,37.15327],[50.35719,37.12653],[50.42945,37.08295],[50.47885,37.03498],[50.49399,37.02774],[50.51344,37.02326],[50.5763,36.98917],[50.57565,36.9858],[50.56604,36.96038],[50.53193,36.9225],[50.47974,36.90018],[50.43964,36.86824],[50.41773,36.78535],[50.35644,36.69737],[50.30456,36.67027],[50.16865,36.68102],[50.08555,36.66629],[50.06354,36.65673],[50.04277,36.65094],[49.85487,36.56906],[49.80526,36.56195],[49.71297,36.57679],[49.69126,36.58883],[49.66077,36.59293],[49.60961,36.59136],[49.47226,36.62433],[49.41138,36.67032],[49.35495,36.72786],[49.34224,36.75962],[49.34048,36.77662],[49.24581,36.81308],[49.18669,36.97743],[49.14422,37.03239],[49.03332,37.12606],[48.88253,37.20279],[48.87157,37.22739],[48.8632,37.27984],[48.86754,37.32356],[48.86661,37.35206],[48.83302,37.38622],[48.76925,37.42619],[48.71406,37.47146],[48.54808,37.67884],[48.45609,37.88032],[48.45837,37.93505],[48.4902,37.97427],[48.49888,38.02732],[48.51965,38.06582],[48.74558,38.27741],[48.75447,38.29552],[48.73897,38.30851],[48.70125,38.31523],[48.67706,38.32293],[48.67158,38.34174],[48.65071,38.36298],[48.61877,38.38531],[48.61296,38.39565]]]}},{"type":"Feature","properties":{"name":"Kurdistan","country_iso_a3":"IRN","type":"Ostan"},"geometry":{"type":"Polygon","coordinates":[[[45.74902,35.81099],[45.73104,35.81513],[45.71874,35.82831],[45.69321,35.87988],[45.64686,35.93321],[45.61704,35.95543],[45.58986,35.95961],[45.57694,35.96623],[45.53999,35.99398],[45.50142,36.00543],[45.50196,36.00597],[45.53586,36.02256],[45.57503,36.05436],[45.59156,36.08695],[45.64696,36.138],[45.66081,36.18673],[45.68272,36.20497],[45.6944,36.22104],[45.72448,36.24761],[45.88705,36.28988],[45.93521,36.34894],[45.93666,36.39716],[45.95878,36.42021],[46.04642,36.44811],[46.29788,36.41912],[46.81516,36.45777],[46.82694,36.44987],[46.83428,36.43778],[46.84833,36.42258],[46.86849,36.4091],[46.88554,36.39388],[46.92378,36.37246],[47.02765,36.34928],[47.14103,36.34125],[47.21648,36.36819],[47.25875,36.40765],[47.27601,36.43509],[47.28128,36.45072],[47.27415,36.46731],[47.27839,36.48702],[47.30794,36.50149],[47.33234,36.50769],[47.36127,36.48418],[47.86512,36.40341],[47.86853,36.39897],[47.90005,36.37065],[47.90698,36.36011],[47.9109,36.34078],[47.92041,36.31846],[47.93168,36.29882],[47.94108,36.28781],[47.93075,36.2799],[47.92868,36.27104],[47.93488,36.24683],[47.93354,36.23996],[47.92941,36.23358],[47.9262,36.22701],[47.92744,36.21955],[47.93158,36.21831],[47.94894,36.2165],[47.96775,36.16004],[47.96765,36.05832],[47.94563,35.98509],[47.90626,35.95163],[47.88982,35.91553],[47.90357,35.88897],[48.1788,35.75293],[48.19719,35.73906],[48.21693,35.71164],[48.22572,35.69022],[48.07854,35.7557],[48.04258,35.74743],[48.06035,35.70743],[48.08971,35.67627],[48.10159,35.65493],[48.10139,35.62966],[48.03017,35.61005],[48.00144,35.58713],[47.96868,35.5753],[47.93767,35.58209],[47.89044,35.66214],[47.8675,35.6602],[47.81499,35.61253],[47.79949,35.58721],[47.86915,35.50305],[47.97695,35.30637],[48.02594,35.25754],[48.06686,35.23661],[48.12402,35.19023],[48.15151,35.09775],[48.13167,35.02303],[48.09642,34.97681],[48.06325,34.9528],[48.04154,34.96234],[48.0095,35.02727],[47.9909,35.02342],[47.97953,34.99533],[47.94315,34.97911],[47.88186,34.96474],[47.85148,34.95123],[47.82057,34.95037],[47.77737,34.95554],[47.62369,35.09775],[47.50928,35.14039],[47.46979,35.16804],[47.44075,35.17005],[47.43001,35.15098],[47.44809,35.12124],[47.44478,35.08726],[47.41047,35.06153],[47.26733,35.05367],[47.25689,35.03435],[47.25089,34.96949],[47.23064,34.95983],[47.19136,34.96213],[47.12925,34.95714],[47.06889,34.90541],[47.02693,34.89374],[47.01411,34.87177],[47.01391,34.84291],[46.99262,34.82297],[46.96006,34.81847],[46.94032,34.79684],[46.93587,34.76393],[46.89743,34.74723],[46.82963,34.73909],[46.7395,34.74793],[46.67956,34.74248],[46.64649,34.77245],[46.64514,34.81183],[46.6531,34.84121],[46.64897,34.86227],[46.62613,34.86097],[46.58334,34.88536],[46.34294,35.15481],[46.15298,35.27738],[46.12528,35.28499],[46.1274,35.28906],[46.12016,35.31852],[46.09629,35.34115],[46.04099,35.38156],[45.97702,35.46533],[45.96399,35.49417],[45.96358,35.50341],[45.96606,35.51148],[45.97133,35.51804],[45.97924,35.523],[45.98322,35.52698],[45.98456,35.53106],[45.98311,35.5353],[45.97924,35.53949],[45.96803,35.5585],[45.95934,35.57871],[45.96389,35.57974],[45.9687,35.57974],[45.99924,35.57214],[46.00203,35.58594],[45.99231,35.62439],[45.99236,35.64088],[45.99588,35.65839],[46.00379,35.67426],[46.0165,35.68573],[46.03706,35.69157],[46.10704,35.68981],[46.1276,35.69369],[46.17773,35.71539],[46.217,35.71358],[46.23788,35.71555],[46.25349,35.72774],[46.26713,35.74412],[46.29751,35.75989],[46.31338,35.77151],[46.32506,35.78784],[46.32707,35.8035],[46.31963,35.81688],[46.30299,35.82655],[46.28139,35.82831],[46.26351,35.82112],[46.24641,35.81141],[46.22744,35.80572],[46.18496,35.79818],[46.16352,35.79751],[46.14336,35.80453],[46.1352,35.81001],[46.1291,35.81554],[46.12481,35.82247],[46.11985,35.84288],[46.11505,35.84644],[46.10776,35.84743],[46.07696,35.85699],[46.06042,35.85724],[46.0443,35.85228],[46.02497,35.84329],[46.00492,35.83797],[45.94126,35.84035],[45.90911,35.8313],[45.89878,35.83218],[45.8885,35.83487],[45.87832,35.83523],[45.85408,35.81833],[45.83475,35.81053],[45.81419,35.80934],[45.79791,35.81838],[45.78675,35.82024],[45.74902,35.81099]]]}},{"type":"Feature","properties":{"name":"Kermanshah","country_iso_a3":"IRN","type":"Ostan"},"geometry":{"type":"Polygon","coordinates":[[[46.11541,35.22633],[46.10145,35.23428],[46.09877,35.25005],[46.10766,35.26276],[46.12006,35.2749],[46.12528,35.28499],[46.15298,35.27738],[46.34294,35.15481],[46.58334,34.88536],[46.62613,34.86097],[46.64897,34.86227],[46.6531,34.84121],[46.64514,34.81183],[46.64649,34.77245],[46.67956,34.74248],[46.7395,34.74793],[46.82963,34.73909],[46.89743,34.74723],[46.93587,34.76393],[46.94032,34.79684],[46.96006,34.81847],[46.99262,34.82297],[47.01391,34.84291],[47.01411,34.87177],[47.02693,34.89374],[47.06889,34.90541],[47.12925,34.95714],[47.19136,34.96213],[47.23064,34.95983],[47.25089,34.96949],[47.25689,35.03435],[47.26733,35.05367],[47.41047,35.06153],[47.44478,35.08726],[47.44809,35.12124],[47.43001,35.15098],[47.44075,35.17005],[47.46979,35.16804],[47.50928,35.14039],[47.62369,35.09775],[47.77737,34.95554],[47.82057,34.95037],[47.85148,34.95123],[47.85199,34.93606],[47.84662,34.90813],[47.81365,34.87686],[47.77396,34.80366],[47.72704,34.74661],[47.62689,34.73716],[47.59506,34.72682],[47.58069,34.71119],[47.59041,34.67142],[47.64115,34.63752],[47.71464,34.6044],[47.7475,34.59902],[47.77458,34.58724],[47.78936,34.5459],[47.81479,34.51381],[47.90016,34.58737],[47.94625,34.60404],[47.9693,34.60817],[47.98842,34.58425],[47.99855,34.54353],[47.98749,34.47748],[47.99007,34.431],[47.95958,34.41012],[47.84734,34.42994],[47.74823,34.42405],[47.71133,34.37788],[47.69397,34.34971],[47.62524,34.35744],[47.5962,34.35095],[47.57697,34.34038],[47.57397,34.31806],[47.58307,34.26403],[47.57739,34.20804],[47.52891,34.18724],[47.45739,34.18422],[47.39972,34.16068],[47.39362,34.14644],[47.39621,34.13673],[47.4022,34.13014],[47.40902,34.12407],[47.41409,34.11601],[47.41584,34.10446],[47.41305,34.08583],[47.41409,34.07505],[47.41781,34.06746],[47.40355,34.0481],[47.38618,34.03782],[47.36965,34.04206],[47.33564,34.04443],[47.17514,34.01364],[47.17514,33.98307],[47.20263,33.94894],[47.21741,33.92374],[47.20345,33.85907],[47.18247,33.82491],[47.02589,33.83085],[46.85567,33.79471],[46.73878,33.80264],[46.48784,33.86997],[46.41425,33.92312],[46.34707,33.95739],[46.26635,33.97279],[46.18574,33.97756],[46.03588,34.02862],[45.88085,34.01239],[45.82204,34.01384],[45.80354,33.99591],[45.81749,33.95772],[45.80654,33.89343],[45.7685,33.79373],[45.74732,33.64885],[45.72463,33.63304],[45.72112,33.64076],[45.67399,33.66903],[45.65879,33.68169],[45.64515,33.69792],[45.63513,33.71417],[45.6282,33.73184],[45.62391,33.75207],[45.61673,33.76869],[45.6036,33.78073],[45.5882,33.7915],[45.57477,33.80393],[45.48578,33.93865],[45.48392,33.94005],[45.48175,33.94087],[45.47927,33.94118],[45.44971,33.93739],[45.42372,33.93878],[45.40103,33.94945],[45.38036,33.97356],[45.40176,33.98162],[45.41147,33.98715],[45.41974,33.99426],[45.41995,33.99426],[45.41995,33.99436],[45.43519,34.02214],[45.44361,34.04766],[45.45488,34.06986],[45.47927,34.08764],[45.49395,34.10068],[45.53436,34.1282],[45.54454,34.13949],[45.54454,34.15063],[45.5388,34.15923],[45.53146,34.16792],[45.52666,34.17931],[45.52867,34.18856],[45.54273,34.20747],[45.54769,34.21649],[45.56102,34.2646],[45.56304,34.28928],[45.55756,34.31196],[45.54221,34.3316],[45.52154,34.3425],[45.49922,34.3424],[45.47927,34.32915],[45.46077,34.34046],[45.44795,34.36209],[45.41705,34.44436],[45.42677,34.45751],[45.47927,34.46725],[45.48651,34.47273],[45.49302,34.47901],[45.4987,34.48624],[45.50346,34.49417],[45.50485,34.52378],[45.49653,34.56425],[45.50066,34.59169],[45.53963,34.58223],[45.57394,34.5673],[45.60484,34.56115],[45.67357,34.55665],[45.69559,34.55024],[45.70153,34.55128],[45.70561,34.55774],[45.7083,34.56838],[45.70856,34.57908],[45.70561,34.58559],[45.69445,34.59856],[45.69125,34.61551],[45.69078,34.63432],[45.68763,34.65324],[45.6835,34.66021],[45.67838,34.66512],[45.67347,34.67117],[45.67037,34.68181],[45.66686,34.68998],[45.65952,34.69721],[45.65053,34.703],[45.64226,34.70687],[45.62738,34.72083],[45.63502,34.73695],[45.66282,34.76325],[45.66593,34.77473],[45.6636,34.79493],[45.66675,34.80692],[45.67657,34.81829],[45.68923,34.82263],[45.71771,34.82511],[45.7454,34.84098],[45.75047,34.86537],[45.7485,34.89074],[45.75512,34.90996],[45.77827,34.91089],[45.7962,34.90306],[45.80804,34.89787],[45.83501,34.89017],[45.8502,34.90681],[45.85785,34.93131],[45.86633,34.94955],[45.86896,34.96836],[45.85971,34.99425],[45.85971,34.9944],[45.85682,35.00805],[45.85703,35.02127],[45.86188,35.0328],[45.87248,35.04143],[45.87904,35.04324],[45.8931,35.04437],[45.89909,35.04691],[45.90116,35.05161],[45.89837,35.06391],[45.8994,35.06861],[45.9132,35.08732],[45.92017,35.08964],[45.93495,35.08546],[45.95604,35.07424],[45.96637,35.07073],[45.97924,35.07155],[46.00921,35.06091],[46.02508,35.06427],[46.03975,35.07554],[46.06657,35.08881],[46.07665,35.08969],[46.09453,35.08582],[46.11995,35.09274],[46.13236,35.09476],[46.14311,35.09951],[46.15106,35.1116],[46.13039,35.1314],[46.14383,35.15961],[46.16548,35.18995],[46.16925,35.21625],[46.15416,35.22664],[46.11541,35.22633]]]}},{"type":"Feature","properties":{"name":"Ilam","country_iso_a3":"IRN","type":"Ostan"},"geometry":{"type":"Polygon","coordinates":[[[45.73455,33.58312],[45.72773,33.5901],[45.72799,33.62565],[45.72463,33.63304],[45.74732,33.64885],[45.7685,33.79373],[45.80654,33.89343],[45.81749,33.95772],[45.80354,33.99591],[45.82204,34.01384],[45.88085,34.01239],[46.03588,34.02862],[46.18574,33.97756],[46.26635,33.97279],[46.34707,33.95739],[46.41425,33.92312],[46.48784,33.86997],[46.73878,33.80264],[46.85567,33.79471],[47.02589,33.83085],[47.18247,33.82491],[47.20345,33.85907],[47.21741,33.92374],[47.20263,33.94894],[47.17514,33.98307],[47.17514,34.01364],[47.33564,34.04443],[47.36965,34.04206],[47.38618,34.03782],[47.39993,34.02226],[47.42277,33.97824],[47.43166,33.92925],[47.42649,33.89747],[47.41305,33.87504],[47.38928,33.85403],[47.33347,33.82292],[47.31373,33.79957],[46.96357,33.71745],[46.90156,33.66836],[46.87955,33.62296],[46.86208,33.62133],[46.84492,33.61511],[46.84213,33.60007],[46.82663,33.56141],[46.82787,33.55366],[46.84348,33.54612],[46.86601,33.51284],[46.89743,33.49899],[46.92357,33.47119],[46.94456,33.46491],[46.99913,33.43698],[47.00946,33.43336],[47.01329,33.42481],[47.01184,33.4147],[47.00037,33.39724],[47.00316,33.38882],[47.01628,33.37553],[47.02941,33.36587],[47.04739,33.35882],[47.08512,33.34884],[47.08687,33.34621],[47.08832,33.34132],[47.09163,33.33667],[47.09876,33.33456],[47.10413,33.33564],[47.1092,33.34032],[47.11592,33.3414],[47.12367,33.33993],[47.12925,33.33621],[47.134,33.33156],[47.18351,33.29983],[47.20118,33.29298],[47.20108,33.2798],[47.21937,33.2642],[47.2449,33.25125],[47.28738,33.24247],[47.41037,33.19079],[47.42091,33.18033],[47.42649,33.16787],[47.43951,33.16438],[47.45429,33.16366],[47.46535,33.15953],[47.48923,33.13596],[47.50886,33.10452],[47.52178,33.09237],[47.54069,33.08754],[47.55548,33.08134],[47.58813,33.05095],[47.70585,32.92083],[47.86688,32.63548],[47.88651,32.61119],[47.89881,32.60147],[47.80683,32.4205],[47.73376,32.33498],[47.73541,32.2841],[47.7473,32.2202],[47.71154,32.17072],[47.60705,32.11256],[47.58023,32.1035],[47.57806,32.10616],[47.55873,32.11298],[47.54364,32.11458],[47.53475,32.12316],[47.52669,32.13339],[47.51382,32.14031],[47.49817,32.14414],[47.49134,32.14863],[47.49041,32.15654],[47.49248,32.17049],[47.49641,32.18134],[47.50235,32.19013],[47.50767,32.19984],[47.50922,32.2138],[47.504,32.22674],[47.48452,32.23935],[47.47915,32.25206],[47.46943,32.25612],[47.46303,32.26183],[47.44535,32.28263],[47.44158,32.28818],[47.43688,32.29369],[47.40706,32.31777],[47.40246,32.32351],[47.39579,32.33702],[47.39595,32.34198],[47.39998,32.34578],[47.40877,32.36433],[47.41435,32.36986],[47.41796,32.37642],[47.41641,32.38797],[47.41083,32.39529],[47.38412,32.41257],[47.36732,32.43076],[47.35611,32.44619],[47.34334,32.45869],[47.32195,32.46823],[47.26531,32.48468],[47.25126,32.48546],[47.20547,32.46404],[47.1878,32.45838],[47.15255,32.45518],[47.12103,32.46104],[47.09059,32.47456],[47.05866,32.4944],[47.05861,32.49448],[47.0584,32.49448],[46.75733,32.71619],[46.71589,32.75601],[46.65036,32.78937],[46.60442,32.82068],[46.6006,32.82252],[46.50732,32.86802],[46.47931,32.89179],[46.37963,32.93176],[46.27343,32.95949],[46.15556,32.94835],[46.09701,32.95432],[46.07572,32.99434],[46.07572,32.9945],[46.08802,33.00672],[46.10466,33.01806],[46.11949,33.03101],[46.12616,33.04798],[46.12042,33.06168],[46.106,33.0725],[46.08719,33.07922],[46.04327,33.08346],[46.02931,33.09351],[46.0303,33.10568],[46.0504,33.11511],[46.07241,33.11677],[46.08915,33.11568],[46.10538,33.11839],[46.12647,33.13178],[46.15344,33.15426],[46.16719,33.16834],[46.17432,33.18118],[46.1737,33.19022],[46.16212,33.19637],[46.15768,33.20567],[46.15835,33.21386],[46.1644,33.23306],[46.16419,33.24335],[46.1553,33.26022],[46.14135,33.27211],[46.10952,33.29371],[46.06972,33.34086],[46.03624,33.36794],[46.03107,33.38251],[46.0305,33.3992],[46.02745,33.41951],[46.01939,33.4384],[46.00802,33.45566],[45.97443,33.4908],[45.97138,33.49276],[45.96823,33.49424],[45.96446,33.49597],[45.96327,33.49656],[45.95816,33.49739],[45.95314,33.49659],[45.94818,33.49426],[45.92968,33.47951],[45.8994,33.4763],[45.86974,33.48212],[45.85258,33.49437],[45.86819,33.51157],[45.91563,33.53581],[45.92793,33.55087],[45.9209,33.57299],[45.89971,33.58516],[45.88204,33.6002],[45.88596,33.63092],[45.86436,33.62642],[45.81579,33.6258],[45.79754,33.61932],[45.76845,33.59591],[45.75202,33.58676],[45.73455,33.58312]]]}},{"type":"Feature","properties":{"name":"Khuzestan","country_iso_a3":"IRN","type":"Ostan"},"geometry":{"type":"Polygon","coordinates":[[[48.22298,30.3181],[48.2112,30.31965],[48.20009,30.32394],[48.19208,30.33128],[48.18768,30.34084],[48.17947,30.38487],[48.17048,30.40667],[48.15766,30.42631],[48.14092,30.44192],[48.13058,30.4475],[48.11942,30.4508],[48.01359,30.46388],[48.01203,30.49457],[48.01545,30.97625],[48.01224,30.98907],[48.00155,30.99465],[47.67294,30.9947],[47.67644,31.23652],[47.67893,31.40785],[47.83132,31.76184],[47.83727,31.78447],[47.83447,31.80571],[47.82078,31.82359],[47.78135,31.84886],[47.76528,31.8641],[47.76172,31.87165],[47.75655,31.88917],[47.75097,31.89821],[47.74332,31.90425],[47.72523,31.91433],[47.71841,31.92234],[47.68265,31.97691],[47.67795,31.99453],[47.67795,31.99469],[47.66808,32.01241],[47.63314,32.02694],[47.6178,32.04187],[47.59501,32.08543],[47.58023,32.1035],[47.60705,32.11256],[47.71154,32.17072],[47.7473,32.2202],[47.73541,32.2841],[47.73376,32.33498],[47.80683,32.4205],[47.89881,32.60147],[47.95349,32.66901],[48.09012,32.97135],[48.14417,33.006],[48.39098,33.01984],[48.46116,33.03811],[48.5674,33.0447],[48.67117,33.01876],[48.72254,32.97685],[48.78486,32.96083],[49.00634,32.94205],[49.2393,32.80704],[49.37986,32.79578],[49.45324,32.8088],[49.50161,32.70782],[49.55556,32.68343],[49.64258,32.68834],[49.74283,32.6562],[49.78428,32.60876],[49.76278,32.58093],[49.73612,32.50634],[49.73994,32.47688],[49.75627,32.41642],[49.90696,32.21447],[49.93838,32.14719],[49.96267,32.12026],[49.98757,32.10499],[50.00204,32.09086],[50.04928,32.07789],[50.06581,32.06383],[50.07925,32.03735],[50.10633,31.95386],[50.1364,31.89382],[50.1671,31.85237],[50.21681,31.81387],[50.23624,31.78488],[50.3212,31.70682],[50.35034,31.65135],[50.34755,31.60489],[50.29309,31.54665],[50.25753,31.4879],[50.19087,31.41167],[50.07108,31.31995],[49.99398,31.29212],[49.95998,31.27],[49.93476,31.24114],[49.91822,31.20872],[49.91905,31.15019],[49.96463,31.00891],[49.96763,30.96847],[49.96256,30.95341],[49.95812,30.92349],[49.94809,30.89088],[49.95481,30.86641],[50.12534,30.88579],[50.16575,30.8413],[50.24389,30.77458],[50.33918,30.73084],[50.39561,30.69554],[50.41277,30.64278],[50.35499,30.52553],[50.36202,30.47359],[50.39396,30.44235],[50.41266,30.37598],[50.42982,30.2188],[50.27552,30.22575],[50.21784,30.24999],[50.11491,30.23503],[50.05058,30.20736],[50.0241,30.21625],[49.98829,30.21992],[49.95102,30.21503],[49.91456,30.20393],[49.60076,30.0301],[49.56446,30.01683],[49.53224,30.02294],[49.50408,30.05866],[49.50164,30.0749],[49.50123,30.12006],[49.49342,30.13744],[49.48618,30.14639],[49.48365,30.1518],[49.47983,30.15607],[49.46909,30.16169],[49.45932,30.16519],[49.44988,30.16718],[49.42823,30.16852],[49.41765,30.16747],[49.39601,30.16279],[49.38396,30.16169],[49.37281,30.16376],[49.35841,30.17316],[49.34995,30.17528],[49.32928,30.17227],[49.29184,30.15852],[49.27125,30.15485],[49.24513,30.15648],[49.23569,30.16511],[49.23707,30.20637],[49.23406,30.20942],[49.22022,30.21792],[49.21599,30.22378],[49.21551,30.22919],[49.21599,30.24421],[49.21754,30.25178],[49.22169,30.25821],[49.2212,30.26455],[49.20916,30.27147],[49.20338,30.25446],[49.19288,30.23774],[49.17848,30.2259],[49.16139,30.22378],[49.14332,30.23355],[49.13478,30.24632],[49.12403,30.25642],[49.1067,30.2578],[49.08351,30.26484],[49.01734,30.29828],[49.00367,30.30939],[48.99708,30.34162],[48.9795,30.36176],[48.9533,30.37352],[48.92115,30.38076],[48.93181,30.39716],[48.94858,30.40107],[48.98943,30.39501],[49.01075,30.39594],[49.04371,30.40567],[49.06202,30.40811],[49.08237,30.40379],[49.12338,30.38508],[49.13746,30.38076],[49.15968,30.37885],[49.17644,30.37275],[49.18995,30.36221],[49.20289,30.34662],[49.20875,30.36009],[49.22771,30.38923],[49.25717,30.42186],[49.26287,30.43256],[49.26385,30.44965],[49.24318,30.44603],[49.22828,30.45441],[49.21901,30.46979],[49.21119,30.50633],[49.19939,30.50161],[49.18385,30.48705],[49.16822,30.477],[49.16969,30.48973],[49.17115,30.49311],[49.17506,30.49746],[49.16676,30.50877],[49.15821,30.50699],[49.14796,30.50039],[49.13404,30.49746],[49.1281,30.50112],[49.11695,30.51488],[49.11012,30.51797],[49.10377,30.51683],[49.09441,30.51219],[49.08937,30.51113],[49.06935,30.51382],[49.05128,30.51838],[49.03435,30.51927],[49.01734,30.51113],[48.98146,30.51561],[48.95297,30.50019],[48.94565,30.47972],[48.97267,30.46947],[49.0044,30.46402],[49.02947,30.45026],[49.03728,30.43252],[49.01734,30.41494],[49.0005,30.41519],[48.94646,30.42158],[48.93482,30.41865],[48.88014,30.37458],[48.87615,30.3701],[48.86736,30.3581],[48.86232,30.34561],[48.87371,30.33666],[48.86964,30.3295],[48.86305,30.32152],[48.85963,30.31623],[48.86704,30.29474],[48.88453,30.27936],[48.9048,30.26602],[48.92115,30.25043],[48.92954,30.23265],[48.93605,30.21011],[48.94166,30.16511],[48.93971,30.15253],[48.93084,30.13199],[48.92799,30.12067],[48.92856,30.11005],[48.93426,30.09101],[48.93482,30.07974],[48.92856,30.06],[48.91529,30.04218],[48.89723,30.02945],[48.87672,30.02448],[48.80885,30.03144],[48.79135,30.02448],[48.77198,30.03237],[48.702,30.03193],[48.65952,30.05223],[48.64332,30.05541],[48.64064,30.03807],[48.64552,30.02611],[48.65895,30.00727],[48.66163,29.99348],[48.6587,29.98363],[48.65138,29.975],[48.64234,29.96796],[48.6338,29.96304],[48.61085,29.95702],[48.53745,29.96304],[48.53745,29.96987],[48.53207,29.96381],[48.53102,29.96133],[48.52399,29.96411],[48.49304,29.97176],[48.47816,29.97962],[48.46431,29.98913],[48.4578,29.99486],[48.45314,30.00143],[48.44426,30.02091],[48.44219,30.03393],[48.42395,30.08364],[48.42121,30.08535],[48.41553,30.09563],[48.39558,30.11522],[48.38307,30.13842],[48.38111,30.14534],[48.38328,30.15646],[48.39113,30.16477],[48.40075,30.17227],[48.40803,30.1809],[48.41062,30.19154],[48.4087,30.20234],[48.40359,30.21252],[48.39702,30.221],[48.35816,30.2518],[48.32602,30.28348],[48.30571,30.31283],[48.29636,30.31975],[48.28427,30.32332],[48.27166,30.32383],[48.23507,30.31851],[48.22298,30.3181]]]}},{"type":"Feature","properties":{"name":"North Khorasan","country_iso_a3":"IRN","type":"Ostan"},"geometry":{"type":"Polygon","coordinates":[[[57.17494,38.27756],[57.18589,38.27648],[57.20729,38.27074],[57.21835,38.26508],[57.22114,38.2586],[57.22155,38.25115],[57.22579,38.24237],[57.24884,38.21152],[57.26692,38.1769],[57.2786,38.16294],[57.31136,38.13501],[57.32294,38.10512],[57.34433,38.08106],[57.34929,38.06357],[57.34681,38.04693],[57.32707,37.99412],[57.3524,37.96753],[57.49626,37.92231],[57.51208,37.92407],[57.52768,37.92784],[57.54463,37.92999],[57.56137,37.92823],[57.61233,37.9166],[57.66111,37.91743],[57.6761,37.92048],[57.69119,37.92027],[57.70462,37.91371],[57.71713,37.90508],[57.72994,37.89864],[57.73483,37.89827],[57.61357,37.83914],[57.57574,37.80867],[57.57585,37.76508],[57.56458,37.72798],[57.54825,37.69331],[57.58639,37.67168],[58.03494,37.65473],[58.05375,37.63602],[58.06646,37.60202],[58.08951,37.56032],[58.18005,37.49285],[58.20764,37.44818],[58.21384,37.40795],[58.19172,37.37586],[58.16537,37.34999],[58.15617,37.33263],[58.15534,37.31281],[58.14532,37.2831],[58.10935,37.24295],[58.0493,37.10146],[58.00869,37.0613],[58.01344,37.0264],[58.06233,36.99916],[58.09003,36.9748],[58.10801,36.94663],[58.13467,36.94994],[58.14925,36.9802],[58.16227,36.98482],[58.17085,36.95914],[58.1908,36.93465],[58.22397,36.92178],[58.22759,36.89863],[58.16826,36.84747],[58.16175,36.81956],[58.17488,36.8038],[58.21054,36.78675],[58.2188,36.75548],[58.18552,36.67735],[58.14811,36.64895],[58.07225,36.63399],[57.79526,36.66807],[57.13318,36.96291],[56.97351,36.96911],[56.73269,36.81251],[56.67502,36.75083],[56.66706,36.70525],[56.67471,36.66978],[56.67161,36.6426],[56.51927,36.6218],[56.46945,36.63727],[56.37427,36.65037],[56.31794,36.66541],[56.20446,36.74383],[56.08601,36.85062],[56.06731,36.88214],[56.07092,36.90219],[56.08973,36.96201],[56.0948,37.02978],[56.08984,37.05634],[56.08353,37.06699],[56.07702,37.075],[56.08322,37.08967],[56.10896,37.10611],[56.16735,37.12003],[56.17789,37.14306],[56.12911,37.15926],[56.08973,37.15375],[56.01863,37.19385],[55.86742,37.35436],[55.89771,37.37772],[55.97088,37.48081],[56.04354,37.50484],[56.07392,37.52696],[56.1041,37.53789],[56.13087,37.54117],[56.24797,37.57347],[56.30306,37.63414],[56.28445,37.69517],[56.24352,37.71992],[56.1965,37.73845],[56.16249,37.77041],[56.16022,37.81578],[56.18068,37.88032],[56.18151,37.90399],[56.16963,37.94611],[56.16694,37.98239],[56.17345,38.0107],[56.16674,38.08079],[56.19784,38.07065],[56.21407,38.06884],[56.29975,38.08024],[56.31546,38.08946],[56.32548,38.10522],[56.32899,38.12377],[56.32424,38.14114],[56.29706,38.16578],[56.30336,38.17943],[56.36641,38.22552],[56.4001,38.24413],[56.43648,38.25508],[56.52816,38.25741],[56.54521,38.2541],[56.55916,38.24738],[56.57177,38.2395],[56.58521,38.23457],[56.60133,38.23687],[56.68153,38.26462],[56.72938,38.27105],[56.739,38.2696],[56.77817,38.24449],[56.81238,38.22896],[56.82788,38.22496],[56.97836,38.20273],[57.01805,38.18982],[57.03841,38.18728],[57.0565,38.19524],[57.07045,38.20506],[57.1028,38.22201],[57.11468,38.23211],[57.13484,38.25973],[57.13791,38.26236],[57.14662,38.26981],[57.16398,38.27648],[57.17494,38.27756]]]}},{"type":"Feature","properties":{"name":"Golestan","country_iso_a3":"IRN","type":"Ostan"},"geometry":{"type":"Polygon","coordinates":[[[55.70867,38.11866],[55.73844,38.11861],[55.80035,38.1078],[55.83941,38.08992],[55.85409,38.086],[55.90504,38.08558],[55.92189,38.08145],[55.94907,38.07008],[55.96302,38.06652],[55.97842,38.06589],[56.12146,38.08646],[56.16187,38.08238],[56.16674,38.08079],[56.17345,38.0107],[56.16694,37.98239],[56.16963,37.94611],[56.18151,37.90399],[56.18068,37.88032],[56.16022,37.81578],[56.16249,37.77041],[56.1965,37.73845],[56.24352,37.71992],[56.28445,37.69517],[56.30306,37.63414],[56.24797,37.57347],[56.13087,37.54117],[56.1041,37.53789],[56.07392,37.52696],[56.04354,37.50484],[55.97088,37.48081],[55.89771,37.37772],[55.86742,37.35436],[55.82608,37.32723],[55.64005,37.09854],[55.55726,36.95147],[55.53762,36.84202],[55.50434,36.77287],[55.4536,36.75388],[55.0962,36.79313],[55.01114,36.78509],[54.83627,36.70437],[54.66667,36.59772],[54.60497,36.54361],[54.46379,36.49012],[54.39413,36.47744],[54.3161,36.48754],[54.12014,36.48478],[54.07942,36.53477],[53.97358,36.62273],[53.75282,36.72995],[53.71789,36.7784],[53.70673,36.80318],[53.70538,36.81628],[53.85646,36.80549],[53.87208,36.79841],[53.88917,36.79361],[54.01433,36.82111],[54.02622,36.82909],[54.03305,36.84577],[54.03354,36.94912],[54.02809,36.96621],[54.01336,36.97309],[53.99439,36.97915],[53.99724,36.99372],[54.02003,37.02774],[53.99627,37.05732],[53.98032,37.09406],[53.95802,37.17853],[53.92775,37.2438],[53.92319,37.258],[53.91375,37.34276],[54.18659,37.32374],[54.20644,37.3246],[54.22452,37.33075],[54.24303,37.34496],[54.26152,37.35483],[54.28333,37.35565],[54.30638,37.35323],[54.3285,37.35328],[54.36415,37.36268],[54.53334,37.44082],[54.55598,37.44361],[54.61685,37.43301],[54.63897,37.43327],[54.65396,37.4389],[54.67855,37.45999],[54.69829,37.46629],[54.7108,37.4757],[54.75834,37.50055],[54.78366,37.51745],[54.78831,37.52464],[54.79142,37.53993],[54.80506,37.56505],[54.80816,37.57928],[54.8094,37.60334],[54.80816,37.61034],[54.80361,37.61693],[54.79183,37.62535],[54.78831,37.63081],[54.78728,37.65186],[54.80371,37.68292],[54.80816,37.70282],[54.81364,37.71863],[54.82666,37.73527],[54.85663,37.76113],[55.0068,37.84309],[55.05352,37.88441],[55.06137,37.89485],[55.06664,37.90844],[55.07874,37.91371],[55.09279,37.91554],[55.10354,37.9188],[55.11077,37.92647],[55.12173,37.94471],[55.13031,37.95231],[55.14964,37.95748],[55.20741,37.96616],[55.21971,37.96998],[55.2288,37.9858],[55.25051,37.99541],[55.29609,38.00755],[55.30746,38.00879],[55.32813,38.02213],[55.3488,38.0305],[55.42311,38.07589],[55.4474,38.08367],[55.51096,38.08584],[55.70867,38.11866]]]}},{"type":"Feature","properties":{"name":"Razavi Khorasan","country_iso_a3":"IRN","type":"Ostan"},"geometry":{"type":"Polygon","coordinates":[[[57.73483,37.89827],[57.73842,37.898],[57.75475,37.90102],[57.76302,37.89939],[57.77004,37.89389],[57.77914,37.87877],[57.78503,37.87257],[57.80002,37.86764],[57.81645,37.86865],[57.8333,37.87175],[57.84952,37.87273],[57.88415,37.86534],[58.04093,37.8057],[58.10687,37.79343],[58.14056,37.79113],[58.15669,37.78819],[58.17353,37.78162],[58.18118,37.77485],[58.18129,37.76793],[58.17912,37.76077],[58.17994,37.75305],[58.19575,37.72964],[58.19927,37.72219],[58.20185,37.70395],[58.20196,37.6901],[58.20681,37.67874],[58.22387,37.66747],[58.24092,37.66233],[58.31885,37.65305],[58.33146,37.6483],[58.35781,37.63331],[58.37177,37.63037],[58.4623,37.6375],[58.47966,37.64411],[58.4931,37.66067],[58.5023,37.67739],[58.51429,37.69147],[58.52979,37.70039],[58.54933,37.70158],[58.56565,37.69486],[58.61588,37.65951],[58.65909,37.6454],[58.68172,37.64272],[58.70425,37.64463],[58.71293,37.64881],[58.71924,37.65478],[58.72637,37.65938],[58.73774,37.65941],[58.75903,37.65615],[58.76926,37.6568],[58.7798,37.65964],[58.79313,37.67284],[58.79561,37.68773],[58.80109,37.69465],[58.86104,37.66809],[58.93865,37.65393],[58.97814,37.63951],[58.99219,37.63145],[59.00552,37.62801],[59.03457,37.62453],[59.04563,37.61962],[59.07829,37.59275],[59.21171,37.51632],[59.23311,37.51471],[59.28923,37.53518],[59.31228,37.53035],[59.33233,37.51513],[59.35165,37.49384],[59.3563,37.48063],[59.3532,37.45844],[59.3592,37.44751],[59.36199,37.43921],[59.35785,37.43028],[59.35165,37.42043],[59.34835,37.40929],[59.35072,37.38837],[59.37036,37.31943],[59.38204,37.30568],[59.44467,37.26419],[59.46348,37.24744],[59.46937,37.2407],[59.46813,37.23584],[59.46451,37.23246],[59.46307,37.22972],[59.46183,37.223],[59.45883,37.21476],[59.46172,37.2076],[59.47816,37.20414],[59.48467,37.19876],[59.49273,37.1936],[59.5012,37.19021],[59.50947,37.18982],[59.5412,37.19985],[59.55598,37.19778],[59.57272,37.18339],[59.57986,37.16781],[59.58461,37.1489],[59.59154,37.13233],[59.60497,37.12389],[59.61448,37.12549],[59.62151,37.13151],[59.63319,37.14626],[59.64259,37.15024],[59.65324,37.14967],[59.79721,37.11221],[59.86284,37.06782],[59.89953,37.05056],[59.98159,37.03883],[60.01921,37.0258],[60.04887,36.99402],[60.08639,36.93002],[60.13259,36.87341],[60.23852,36.76975],[60.25961,36.74241],[60.28865,36.68107],[60.30922,36.65198],[60.34229,36.63714],[60.50125,36.63947],[60.64108,36.64149],[60.8544,36.64464],[60.97295,36.64634],[61.07548,36.64779],[61.12519,36.64076],[61.16581,36.63632],[61.17397,36.60231],[61.18224,36.58691],[61.18596,36.57767],[61.18761,36.56511],[61.18617,36.55281],[61.18224,36.54165],[61.17686,36.53204],[61.17066,36.52444],[61.16632,36.51385],[61.16798,36.5018],[61.17397,36.48682],[61.15247,36.40631],[61.14669,36.35726],[61.16095,36.32864],[61.15774,36.32466],[61.15619,36.32187],[61.15351,36.31494],[61.16312,36.31158],[61.17108,36.30642],[61.17728,36.30037],[61.18141,36.29448],[61.18544,36.28399],[61.1872,36.27355],[61.18761,36.25035],[61.19092,36.24063],[61.20549,36.2211],[61.22048,36.15893],[61.22306,36.1288],[61.22472,36.12369],[61.22275,36.11754],[61.21221,36.10638],[61.20725,36.0995],[61.20415,36.09056],[61.20239,36.08075],[61.20198,36.0716],[61.19816,36.0608],[61.18968,36.05579],[61.18028,36.05279],[61.17397,36.04803],[61.17108,36.03594],[61.17459,36.01584],[61.17397,36.00648],[61.16177,35.99594],[61.14142,35.98235],[61.12984,35.97052],[61.14359,35.96551],[61.16808,35.96235],[61.18834,35.95357],[61.2058,35.94049],[61.22182,35.92453],[61.23216,35.91068],[61.24105,35.89388],[61.24735,35.87621],[61.2519,35.8404],[61.25552,35.82536],[61.25614,35.80913],[61.24973,35.78671],[61.25614,35.77937],[61.25634,35.7695],[61.24973,35.74578],[61.249,35.7402],[61.24973,35.72247],[61.24673,35.7155],[61.23309,35.70459],[61.22916,35.6986],[61.23174,35.67188],[61.24539,35.6493],[61.26968,35.6185],[61.27701,35.6092],[61.28756,35.56827],[61.29004,35.54806],[61.28384,35.52729],[61.2705,35.50843],[61.24704,35.48507],[61.23598,35.46585],[61.2273,35.43448],[61.22182,35.42425],[61.20084,35.40115],[61.19506,35.39009],[61.1904,35.36957],[61.19506,35.3181],[61.1871,35.30038],[61.16787,35.29139],[61.144,35.28808],[61.12271,35.28767],[61.10834,35.27795],[61.10245,35.25666],[61.10162,35.23532],[61.10235,35.2256],[61.10793,35.22126],[61.11279,35.21165],[61.11237,35.20204],[61.10235,35.1977],[61.09635,35.1932],[61.10152,35.18323],[61.13707,35.1439],[61.13987,35.13967],[61.1379,35.1283],[61.13521,35.11941],[61.13676,35.11119],[61.14731,35.1021],[61.12312,35.07419],[61.11589,35.05988],[61.10989,35.01853],[61.09532,34.98102],[61.09201,34.96149],[61.08891,34.95193],[61.07475,34.93311],[61.07155,34.92056],[61.07258,34.91033],[61.07703,34.89172],[61.07775,34.88304],[61.07341,34.84769],[61.06545,34.81472],[61.03475,34.80625],[61.02907,34.78971],[61.00964,34.76098],[60.97801,34.74062],[60.95993,34.72321],[60.95869,34.69959],[60.96199,34.67375],[60.95796,34.64941],[60.94752,34.63799],[60.93585,34.63567],[60.92282,34.63654],[60.90887,34.63468],[60.89543,34.62833],[60.88892,34.62166],[60.88386,34.6137],[60.83849,34.57091],[60.81895,34.55991],[60.79405,34.55412],[60.73927,34.54802],[60.71436,34.53743],[60.69969,34.5164],[60.71033,34.51513],[60.71891,34.51115],[60.72532,34.50428],[60.73389,34.48043],[60.74278,34.47345],[60.76728,34.46415],[60.77937,34.45508],[60.78909,34.44348],[60.8049,34.41749],[60.87911,34.33765],[60.89047,34.31891],[60.81596,34.31527],[60.71436,34.31013],[60.64367,34.30664],[60.65059,34.28535],[60.63499,34.27122],[60.58744,34.25026],[60.55241,34.22006],[60.52088,34.18613],[60.49277,34.13903],[60.48678,34.09428],[60.48846,34.08093],[60.48802,34.08087],[60.41009,34.07001],[59.78791,34.06851],[59.65675,34.10712],[59.55867,34.23987],[59.50493,34.27796],[59.40064,34.24587],[59.30794,34.20163],[59.011,34.16515],[58.98237,34.1388],[58.95519,34.12241],[58.85256,34.14851],[58.6934,34.16515],[58.63976,34.1481],[58.62508,34.11955],[58.63067,34.09335],[58.66983,34.04107],[58.66033,33.97483],[58.63935,33.90113],[58.64989,33.85706],[58.64617,33.81739],[58.62043,33.76605],[58.60545,33.70929],[58.6101,33.66668],[58.638,33.64389],[58.66157,33.62973],[58.6719,33.60619],[58.68027,33.57743],[58.832,33.48506],[58.80213,33.43899],[58.79613,33.41031],[58.74632,33.34349],[58.70177,33.30551],[58.38758,33.13085],[58.24867,32.95419],[58.2156,32.83572],[58.17281,32.77387],[58.1477,32.7486],[58.12145,32.76438],[58.04062,32.87107],[57.95567,32.91577],[57.89097,32.94021],[57.86709,32.956],[57.78224,32.9968],[57.71702,33.1217],[57.6423,33.54405],[57.60272,33.60772],[57.55993,33.65324],[57.30444,33.60374],[57.1058,33.62358],[57.05887,33.68526],[56.99666,33.97348],[57.00482,34.14257],[57.13081,34.45629],[57.19892,34.55774],[57.59517,34.78881],[57.69201,34.86686],[57.70555,34.931],[57.67124,34.99394],[57.37958,35.17734],[57.26837,35.20131],[57.0166,35.14829],[56.61921,34.99368],[56.21045,34.90606],[56.37127,35.06923],[56.50035,35.16594],[56.61384,35.22126],[56.82509,35.28632],[56.85558,35.30583],[56.89795,35.38655],[57.072,35.63041],[57.08719,35.70035],[57.02177,35.76151],[56.78458,35.91897],[56.75729,35.97494],[56.72494,36.09594],[56.70613,36.28347],[56.72091,36.3924],[56.76132,36.4546],[56.78819,36.5479],[56.7637,36.62658],[56.72308,36.64614],[56.69125,36.64701],[56.67161,36.6426],[56.67471,36.66978],[56.66706,36.70525],[56.67502,36.75083],[56.73269,36.81251],[56.97351,36.96911],[57.13318,36.96291],[57.79526,36.66807],[58.07225,36.63399],[58.14811,36.64895],[58.18552,36.67735],[58.2188,36.75548],[58.21054,36.78675],[58.17488,36.8038],[58.16175,36.81956],[58.16826,36.84747],[58.22759,36.89863],[58.22397,36.92178],[58.1908,36.93465],[58.17085,36.95914],[58.16227,36.98482],[58.14925,36.9802],[58.13467,36.94994],[58.10801,36.94663],[58.09003,36.9748],[58.06233,36.99916],[58.01344,37.0264],[58.00869,37.0613],[58.0493,37.10146],[58.10935,37.24295],[58.14532,37.2831],[58.15534,37.31281],[58.15617,37.33263],[58.16537,37.34999],[58.19172,37.37586],[58.21384,37.40795],[58.20764,37.44818],[58.18005,37.49285],[58.08951,37.56032],[58.06646,37.60202],[58.05375,37.63602],[58.03494,37.65473],[57.58639,37.67168],[57.54825,37.69331],[57.56458,37.72798],[57.57585,37.76508],[57.57574,37.80867],[57.61357,37.83914],[57.73483,37.89827]]]}},{"type":"Feature","properties":{"name":"South Khorasan","country_iso_a3":"IRN","type":"Ostan"},"geometry":{"type":"Polygon","coordinates":[[[60.48846,34.08093],[60.49939,33.99426],[60.52802,33.84145],[60.52584,33.80215],[60.49494,33.74412],[60.48688,33.71138],[60.51179,33.63839],[60.57483,33.5878],[60.65555,33.55989],[60.73389,33.55485],[60.80738,33.55816],[60.84603,33.55578],[60.87962,33.5487],[60.89513,33.54113],[60.91197,33.52845],[60.92086,33.51411],[60.91979,33.51257],[60.91208,33.50152],[60.89729,33.49703],[60.84986,33.49437],[60.83218,33.4845],[60.82929,33.47013],[60.8328,33.45346],[60.83466,33.43626],[60.82908,33.41628],[60.81864,33.40489],[60.78588,33.38778],[60.75705,33.36634],[60.71901,33.32303],[60.67033,33.26771],[60.61597,33.20619],[60.5676,33.15129],[60.5615,33.13731],[60.56295,33.05827],[60.57752,32.99434],[60.60615,32.91236],[60.64005,32.81552],[60.67488,32.7156],[60.71167,32.61031],[60.75229,32.49458],[60.79632,32.35591],[60.83032,32.24889],[60.82826,32.16744],[60.81482,32.08786],[60.80882,32.07117],[60.78268,32.04254],[60.77493,32.02719],[60.77834,32.02104],[60.78671,32.01691],[60.7926,32.01128],[60.78402,31.98926],[60.78609,31.97898],[60.79105,31.96916],[60.79498,31.95846],[60.79673,31.93676],[60.78929,31.87495],[60.79146,31.82653],[60.80531,31.73398],[60.7926,31.66008],[60.79498,31.63668],[60.80996,31.58836],[60.82174,31.49467],[60.85502,31.48273],[60.956,31.47007],[61.12353,31.44909],[61.12515,31.44889],[61.14328,31.39075],[61.12943,31.27029],[61.06535,31.13841],[61.01801,30.99168],[60.99714,30.73037],[61.00127,30.65418],[61.05212,30.46],[61.05036,30.42879],[61.03475,30.40807],[61.00086,30.39646],[60.86484,30.39236],[60.78299,30.45303],[60.62548,30.64655],[60.50228,30.72471],[60.40968,30.74665],[60.38694,30.76231],[60.35159,30.79445],[60.29713,30.80282],[59.54689,30.61963],[59.51537,30.60661],[59.11632,31.10616],[58.97287,31.19789],[57.83474,31.63727],[57.8489,31.65693],[57.9012,31.77155],[58.00393,31.9072],[58.04073,31.99453],[58.17395,32.14605],[58.19038,32.19279],[58.19937,32.2418],[58.22221,32.29756],[58.22438,32.35255],[58.18418,32.40867],[58.1539,32.46458],[58.15224,32.49489],[58.12289,32.52298],[58.1076,32.54608],[58.10036,32.56814],[58.11741,32.60401],[58.14439,32.641],[58.15255,32.67188],[58.1477,32.7486],[58.17281,32.77387],[58.2156,32.83572],[58.24867,32.95419],[58.38758,33.13085],[58.70177,33.30551],[58.74632,33.34349],[58.79613,33.41031],[58.80213,33.43899],[58.832,33.48506],[58.68027,33.57743],[58.6719,33.60619],[58.66157,33.62973],[58.638,33.64389],[58.6101,33.66668],[58.60545,33.70929],[58.62043,33.76605],[58.64617,33.81739],[58.64989,33.85706],[58.63935,33.90113],[58.66033,33.97483],[58.66983,34.04107],[58.63067,34.09335],[58.62508,34.11955],[58.63976,34.1481],[58.6934,34.16515],[58.85256,34.14851],[58.95519,34.12241],[58.98237,34.1388],[59.011,34.16515],[59.30794,34.20163],[59.40064,34.24587],[59.50493,34.27796],[59.55867,34.23987],[59.65675,34.10712],[59.78791,34.06851],[60.41009,34.07001],[60.48802,34.08087],[60.48846,34.08093]]]}},{"type":"Feature","properties":{"name":"Sistan and Baluchestan","country_iso_a3":"IRN","type":"Ostan"},"geometry":{"type":"Polygon","coordinates":[[[61.60626,31.38874],[61.66118,31.38191],[61.68691,31.37318],[61.70655,31.35984],[61.74231,31.32088],[61.74923,31.30238],[61.74231,31.25944],[61.74272,31.23954],[61.75244,31.21913],[61.7792,31.18109],[61.78768,31.15862],[61.78933,31.12931],[61.79181,31.11893],[61.80928,31.08715],[61.82148,31.05449],[61.82633,31.03459],[61.82644,31.01496],[61.81931,30.99392],[61.80019,30.96142],[61.80453,30.94974],[61.80835,30.88142],[61.80236,30.87853],[61.79988,30.8715],[61.79843,30.85347],[61.79977,30.85238],[61.80225,30.84706],[61.7852,30.8314],[61.70262,30.74552],[61.57622,30.61389],[61.46171,30.49457],[61.38037,30.41029],[61.27216,30.29831],[61.21562,30.23971],[61.13304,30.15429],[60.97843,29.9944],[60.97812,29.99414],[60.90215,29.91688],[60.84438,29.85818],[60.9251,29.77498],[60.97801,29.72062],[61.04333,29.65243],[61.11868,29.57398],[61.19691,29.49228],[61.27918,29.40663],[61.29872,29.39265],[61.3198,29.38539],[61.33737,29.37438],[61.34657,29.34906],[61.34471,29.32953],[61.33282,29.29449],[61.33282,29.27491],[61.34233,29.25452],[61.37416,29.22385],[61.38698,29.20664],[61.39008,29.19543],[61.39277,29.17047],[61.39794,29.15907],[61.40858,29.14856],[61.41768,29.14566],[61.42688,29.14463],[61.43773,29.13962],[61.44796,29.12541],[61.45323,29.10838],[61.46088,29.09388],[61.47803,29.08748],[61.48775,29.08066],[61.49064,29.07203],[61.48723,29.06293],[61.47803,29.05433],[61.4708,29.04787],[61.46801,29.04174],[61.47028,29.0359],[61.47803,29.03066],[61.49095,29.02549],[61.50212,29.01771],[61.5109,29.00738],[61.55317,28.92214],[61.55896,28.90273],[61.56134,28.88594],[61.5665,28.87098],[61.59534,28.84268],[61.62397,28.78765],[61.65301,28.75633],[61.75616,28.67396],[61.79771,28.62657],[61.86116,28.57477],[61.89279,28.5426],[61.91129,28.53374],[61.97113,28.51898],[62.01883,28.4947],[62.04911,28.48632],[62.11557,28.48136],[62.1475,28.47527],[62.2307,28.44245],[62.36279,28.41889],[62.39054,28.40612],[62.40216,28.39411],[62.41074,28.3807],[62.42097,28.36855],[62.4372,28.36044],[62.45384,28.35569],[62.46428,28.34982],[62.4712,28.33969],[62.47772,28.3223],[62.49229,28.3007],[62.55544,28.24032],[62.57564,28.22903],[62.7393,28.25833],[62.76152,28.24644],[62.76638,28.21148],[62.7517,28.10872],[62.73568,27.99498],[62.75418,27.92584],[62.78028,27.82972],[62.78638,27.77027],[62.7947,27.68947],[62.79971,27.63927],[62.80932,27.54705],[62.8147,27.49496],[62.8086,27.45336],[62.75605,27.3481],[62.77568,27.32691],[62.78064,27.31606],[62.77878,27.29983],[62.77413,27.28552],[62.76809,27.27436],[62.75821,27.26769],[62.74235,27.26681],[62.7856,27.2325],[62.80064,27.22516],[62.80855,27.22537],[62.82229,27.2325],[62.82932,27.23364],[62.83738,27.23126],[62.86084,27.21963],[62.89242,27.21348],[62.9196,27.21488],[62.97784,27.22516],[63.00378,27.22878],[63.05618,27.2432],[63.08274,27.24439],[63.09943,27.24283],[63.1123,27.2432],[63.16698,27.2587],[63.1771,27.25844],[63.18956,27.25446],[63.21545,27.23322],[63.22682,27.22697],[63.25152,27.21896],[63.26061,27.21379],[63.27126,27.20341],[63.28557,27.18465],[63.31963,27.11731],[63.30242,27.12336],[63.28056,27.1232],[63.26092,27.11561],[63.24997,27.09954],[63.24625,27.08946],[63.2356,27.07587],[63.23136,27.06584],[63.22992,27.05406],[63.23498,26.94115],[63.24397,26.92244],[63.25648,26.90616],[63.26485,26.89004],[63.26165,26.87175],[63.24666,26.85955],[63.20604,26.85371],[63.18956,26.84601],[63.18227,26.83025],[63.17431,26.68504],[63.16377,26.64509],[63.14134,26.6254],[63.13127,26.62582],[63.12346,26.62944],[63.11623,26.63403],[63.1076,26.6376],[63.09804,26.63837],[63.06889,26.63254],[63.02941,26.63352],[62.99045,26.63889],[62.90002,26.64091],[62.82167,26.64261],[62.75356,26.64416],[62.74271,26.64132],[62.73506,26.63223],[62.72473,26.61512],[62.71801,26.61052],[62.71057,26.6069],[62.70194,26.60401],[62.67104,26.59771],[62.66251,26.59827],[62.65135,26.60318],[62.6406,26.60515],[62.63202,26.60039],[62.62412,26.59295],[62.61579,26.58711],[62.59533,26.5807],[62.428,26.56479],[62.4185,26.56231],[62.41064,26.55683],[62.40248,26.54381],[62.39669,26.53905],[62.38635,26.53662],[62.36527,26.5375],[62.35586,26.53662],[62.34759,26.53332],[62.33467,26.52484],[62.32651,26.52066],[62.30698,26.51368],[62.2983,26.50877],[62.29199,26.50123],[62.29013,26.49244],[62.29313,26.48588],[62.29695,26.48025],[62.29788,26.47404],[62.28755,26.45663],[62.25613,26.42893],[62.249,26.41653],[62.25447,26.39358],[62.26424,26.37519],[62.26512,26.36098],[62.24341,26.35064],[62.2059,26.35534],[62.16146,26.3695],[62.12383,26.374],[62.10689,26.34971],[62.10327,26.32511],[62.09417,26.31483],[62.05278,26.30858],[62.03227,26.30289],[62.01366,26.29462],[61.97775,26.27318],[61.85713,26.24238],[61.83295,26.22538],[61.81838,26.19845],[61.8099,26.16745],[61.8007,26.10663],[61.79274,26.05283],[61.78324,25.99061],[61.77063,25.90741],[61.76008,25.8376],[61.7545,25.81997],[61.73931,25.80328],[61.72195,25.79967],[61.70262,25.80008],[61.68143,25.79548],[61.66035,25.76918],[61.66531,25.73238],[61.67637,25.6928],[61.67348,25.65828],[61.66717,25.65048],[61.6525,25.6373],[61.6466,25.62769],[61.64319,25.61332],[61.63906,25.55493],[61.63306,25.4693],[61.62604,25.36977],[61.62004,25.28549],[61.58823,25.20209],[61.58188,25.2167],[61.57976,25.23347],[61.56235,25.24482],[61.55926,25.25096],[61.55445,25.2541],[61.54469,25.24828],[61.54184,25.24258],[61.54037,25.22651],[61.53728,25.22036],[61.54282,25.21564],[61.55275,25.20506],[61.55836,25.20051],[61.53696,25.2027],[61.52076,25.20865],[61.50424,25.20881],[61.4826,25.19367],[61.5062,25.18683],[61.51596,25.18187],[61.52418,25.17316],[61.51881,25.16352],[61.50318,25.14525],[61.49855,25.13467],[61.49855,25.12938],[61.49741,25.12543],[61.48951,25.1186],[61.47511,25.11164],[61.42058,25.09687],[61.43507,25.08771],[61.41172,25.05941],[61.24353,25.11189],[61.18507,25.12325],[61.18548,25.13961],[61.17027,25.16444],[61.03061,25.20978],[60.86671,25.2346],[60.72771,25.26439],[60.63347,25.27497],[60.61695,25.28319],[60.63233,25.29609],[60.60816,25.32758],[60.60499,25.34105],[60.60475,25.39716],[60.60157,25.40595],[60.5652,25.43862],[60.54965,25.44693],[60.53207,25.44892],[60.51417,25.44733],[60.44565,25.42817],[60.42848,25.41962],[60.41896,25.40599],[60.40333,25.38886],[60.39527,25.37787],[60.39503,25.37132],[60.39812,25.36498],[60.40203,25.34467],[60.40691,25.34195],[60.41375,25.34129],[60.42482,25.33637],[60.43344,25.33649],[60.43767,25.33393],[60.44166,25.32758],[60.45221,25.31739],[60.44125,25.31879],[60.44109,25.3166],[60.47006,25.30309],[60.46725,25.29028],[60.45564,25.29279],[60.42352,25.30496],[60.38282,25.32026],[60.36256,25.33055],[60.31922,25.32985],[60.29029,25.3513],[60.29965,25.36726],[60.30397,25.37116],[60.2894,25.37718],[60.27125,25.37958],[60.23504,25.378],[60.20737,25.37311],[60.20151,25.37116],[60.19256,25.36201],[60.19256,25.35615],[60.19508,25.35122],[60.21597,25.33828],[60.20921,25.31969],[60.18198,25.31989],[60.16188,25.33198],[60.15089,25.33527],[60.11671,25.33983],[60.1089,25.34512],[60.09791,25.35814],[60.08204,25.36595],[60.04532,25.36386],[59.99442,25.35685],[59.94082,25.35491],[59.90381,25.32986],[59.8617,25.34306],[59.81987,25.3792],[59.77487,25.38987],[59.65913,25.38336],[59.614,25.38378],[59.53799,25.39975],[59.49044,25.44347],[59.4539,25.46161],[59.39729,25.45185],[59.27914,25.43472],[59.25107,25.43073],[59.24675,25.45452],[59.273,25.46485],[59.27362,25.47989],[59.27621,25.49599],[59.25771,25.50434],[59.24944,25.51415],[59.21409,25.56875],[59.19756,25.58361],[59.18381,25.59952],[59.17709,25.62006],[59.16076,25.63823],[59.13058,25.64872],[59.10857,25.66898],[59.1033,25.70512],[59.07095,25.7529],[58.8815,25.90392],[58.84584,25.92423],[58.8322,25.92945],[58.82817,25.94756],[58.83303,25.97958],[58.85112,26.0043],[58.8631,26.01025],[58.88285,26.05397],[58.88884,26.09107],[58.88822,26.15272],[58.90042,26.17876],[58.91396,26.19486],[58.9122,26.2275],[58.93101,26.24806],[58.94703,26.28664],[58.93845,26.32501],[58.90393,26.3617],[58.88522,26.41999],[58.91013,26.46596],[58.94217,26.50024],[58.94124,26.53448],[58.9093,26.56055],[58.89297,26.58355],[58.92109,26.62659],[58.9494,26.70258],[58.8967,26.79826],[58.82063,26.8766],[58.79985,26.94464],[58.80306,27.00905],[58.79923,27.04636],[58.77526,27.13033],[58.77495,27.22945],[58.89008,27.63079],[58.90331,27.74528],[58.89659,28.09172],[59.01193,28.22469],[59.04294,28.31517],[59.00739,28.36589],[58.92522,28.42085],[58.88801,28.47144],[58.94589,28.49865],[59.05958,28.5326],[59.29223,28.65166],[59.33739,28.68285],[59.36674,28.71086],[59.3684,28.74786],[59.35796,28.78669],[59.32861,28.84059],[59.32726,28.92263],[59.3129,28.98908],[59.32726,29.05358],[59.41108,29.16551],[59.44178,29.26452],[59.44457,29.35175],[59.41005,29.563],[59.37015,29.65075],[59.32499,29.67672],[59.30132,29.69845],[59.31031,29.78154],[59.51537,30.60661],[59.54689,30.61963],[60.29713,30.80282],[60.35159,30.79445],[60.38694,30.76231],[60.40968,30.74665],[60.50228,30.72471],[60.62548,30.64655],[60.78299,30.45303],[60.86484,30.39236],[61.00086,30.39646],[61.03475,30.40807],[61.05036,30.42879],[61.05212,30.46],[61.00127,30.65418],[60.99714,30.73037],[61.01801,30.99168],[61.06535,31.13841],[61.12943,31.27029],[61.14328,31.39075],[61.12515,31.44889],[61.29479,31.42764],[61.49085,31.4031],[61.60626,31.38874]]]}},{"type":"Feature","properties":{"name":"Hadhramaut","country_iso_a3":"YEM","type":"Muhafazah"},"geometry":{"type":"MultiPolygon","coordinates":[[[[51.97861,18.99564],[51.98569,18.97973],[51.98564,18.97967],[51.71227,18.5962],[51.54097,18.1839],[51.47922,17.88436],[51.38485,17.60027],[51.26243,17.33811],[51.13241,17.15275],[50.73006,16.83473],[50.65337,16.7467],[50.57224,16.69464],[50.3969,16.62374],[50.35453,16.59899],[50.33034,16.57981],[50.30967,16.55395],[50.29246,16.51481],[50.29371,16.49251],[50.30502,16.47119],[50.31324,16.43473],[50.23536,16.14558],[50.23335,16.10832],[50.24854,16.08886],[50.2628,16.07457],[50.28471,16.06297],[50.29634,16.03633],[50.30192,16.00174],[50.26358,15.89955],[50.24668,15.87146],[50.22994,15.85337],[50.22172,15.81816],[50.22156,15.79338],[50.21144,15.7647],[50.21288,15.73783],[50.21692,15.71403],[50.21753,15.69527],[50.20834,15.67481],[50.20058,15.64923],[50.19237,15.60931],[50.20121,15.57476],[50.21878,15.55251],[50.25009,15.54347],[50.27882,15.54029],[50.32084,15.529],[50.33034,15.51872],[50.33639,15.4996],[50.3319,15.45908],[50.3213,15.4442],[50.30518,15.43146],[50.28657,15.39965],[50.27087,15.38113],[50.25939,15.36377],[50.25691,15.34656],[50.25707,15.32775],[50.26404,15.31126],[50.27913,15.29398],[50.34135,15.27351],[50.39163,15.27183],[50.46904,15.27927],[50.494,15.28537],[50.51747,15.29382],[50.58449,15.29741],[50.65089,15.27966],[50.70582,15.27183],[50.72836,15.26116],[50.74681,15.23633],[50.75564,15.21672],[50.76665,15.19788],[50.77409,15.17207],[50.78468,15.15424],[50.79212,15.13698],[50.80065,15.12226],[50.80189,15.10368],[50.80499,15.09738],[50.66147,15.0585],[50.55405,15.04857],[50.45948,15.01044],[50.43238,14.99543],[50.35825,14.93334],[50.34303,14.92475],[50.30226,14.91747],[50.24383,14.88715],[50.17954,14.84333],[50.16505,14.84248],[50.14625,14.8498],[50.12143,14.84422],[50.07936,14.82567],[50.06039,14.82022],[50.05177,14.81875],[50.04184,14.81826],[50.03582,14.83893],[50.0298,14.85029],[50.02101,14.84927],[50.00603,14.84439],[49.94215,14.83877],[49.79859,14.79218],[49.57814,14.73729],[49.46046,14.67357],[49.41782,14.65693],[49.37241,14.64981],[49.35206,14.6398],[49.31276,14.61278],[49.22885,14.57526],[49.1902,14.54857],[49.18189,14.51659],[49.17189,14.51826],[49.15675,14.52611],[49.13705,14.53266],[49.11354,14.53022],[49.09278,14.5196],[49.07797,14.50609],[49.02809,14.43635],[49.00994,14.40111],[49.00026,14.35956],[49.00799,14.35444],[49.00856,14.343],[49.00603,14.3312],[49.00367,14.32477],[48.99155,14.31688],[48.95053,14.3006],[48.94166,14.29438],[48.9358,14.27045],[48.92156,14.26187],[48.90349,14.25849],[48.88697,14.25031],[48.88233,14.24323],[48.88038,14.23461],[48.88014,14.2121],[48.87696,14.20673],[48.86988,14.20136],[48.86297,14.19465],[48.85255,14.16698],[48.8353,14.15624],[48.79762,14.14045],[48.73829,14.06818],[48.71949,14.05728],[48.71372,14.05541],[48.70183,14.0467],[48.69581,14.04361],[48.6893,14.04243],[48.68149,14.04361],[48.67246,14.04387],[48.67215,14.05199],[48.66951,14.06529],[48.66192,14.08501],[48.63427,14.13361],[48.62838,14.14978],[48.62606,14.1672],[48.61722,14.18676],[48.60234,14.2082],[48.58042,14.23309],[48.48875,14.27474],[48.40385,14.29585],[48.32659,14.2943],[48.26034,14.30034],[48.18691,14.3353],[48.13746,14.38367],[48.12314,14.41083],[48.09896,14.44243],[48.08857,14.47335],[48.06852,14.51296],[48.0493,14.53519],[48.02366,14.54896],[47.99886,14.55759],[47.9247,14.55963],[47.82182,14.57431],[47.74451,14.60079],[47.66834,14.65048],[47.59728,14.71802],[47.48602,14.79388],[47.47843,14.81894],[47.50183,14.84679],[47.6643,14.9812],[47.67934,15.01022],[47.67903,15.03962],[47.63702,15.09389],[47.61263,15.11885],[47.61216,15.14378],[47.61511,15.17137],[47.644,15.25674],[47.64431,15.28095],[47.65469,15.31622],[47.67764,15.36452],[47.72156,15.41542],[47.85174,15.61266],[47.8398,15.64501],[47.74921,15.67517],[46.33973,15.57073],[46.83273,16.14969],[47.03866,16.34536],[46.99703,16.94851],[47.12878,16.94305],[47.16134,16.94744],[47.1909,16.95891],[47.31358,17.0279],[47.42757,17.09183],[47.42857,17.0931],[47.45796,17.13089],[47.52483,17.30757],[47.57211,17.43232],[47.58901,17.46328],[47.68627,17.57965],[47.83551,17.75819],[47.99359,17.94759],[48.08438,18.0559],[48.16195,18.14892],[48.18443,18.16393],[48.31258,18.22659],[48.48436,18.31041],[48.67597,18.40402],[48.84754,18.48771],[48.9913,18.55789],[49.03585,18.57972],[49.12882,18.6121],[49.25785,18.62951],[49.41805,18.65106],[49.57825,18.67261],[49.73844,18.69416],[49.89854,18.71571],[50.05873,18.73726],[50.21893,18.75886],[50.37913,18.78035],[50.53932,18.8019],[50.69937,18.82353],[50.85972,18.84503],[51.01981,18.86658],[51.1799,18.88815],[51.3401,18.9097],[51.5003,18.93125],[51.66049,18.95282],[51.82069,18.97437],[51.97861,18.99564]]],[[[53.24833,12.1213],[53.26807,12.12883],[53.28688,12.12734],[53.29807,12.12187],[53.30824,12.11839],[53.31027,12.11144],[53.2775,12.11383],[53.26308,12.11487],[53.24833,12.1213]]],[[[53.05307,12.17492],[53.06837,12.17494],[53.08292,12.16479],[53.08707,12.14855],[53.08638,12.13434],[53.07183,12.13028],[53.05659,12.12825],[53.02677,12.13974],[53.0067,12.15664],[52.98526,12.16273],[52.98872,12.1722],[53.00395,12.17694],[53.01705,12.17558],[53.02746,12.17965],[53.03855,12.18033],[53.05307,12.17492]]],[[[52.2892,12.20082],[52.31937,12.18826],[52.37468,12.20059],[52.3895,12.19725],[52.38958,12.19725],[52.39471,12.18732],[52.38148,12.18254],[52.37113,12.17156],[52.37894,12.16569],[52.38846,12.14887],[52.35998,12.15385],[52.3479,12.1513],[52.33058,12.14619],[52.28468,12.15449],[52.24023,12.15688],[52.23503,12.16528],[52.22438,12.18032],[52.21811,12.18061],[52.21176,12.18089],[52.19068,12.17463],[52.17986,12.17284],[52.17579,12.17634],[52.16456,12.19253],[52.16236,12.19741],[52.15699,12.19623],[52.13669,12.20454],[52.12375,12.20198],[52.11232,12.19863],[52.1058,12.2038],[52.10182,12.20702],[52.06849,12.22201],[52.06412,12.23547],[52.07876,12.23974],[52.09409,12.24177],[52.11843,12.24155],[52.14778,12.2349],[52.17888,12.21394],[52.20043,12.20644],[52.2168,12.20734],[52.24611,12.20237],[52.2892,12.20082]]],[[[54.47066,12.54357],[54.49693,12.54691],[54.51609,12.55843],[54.52683,12.55721],[54.54029,12.55024],[54.52793,12.53745],[54.49804,12.52947],[54.47652,12.52261],[54.45742,12.51923],[54.44665,12.51115],[54.44468,12.48472],[54.40234,12.46722],[54.36866,12.45957],[54.32817,12.44346],[54.28334,12.44729],[54.24594,12.43354],[54.23748,12.4252],[54.21876,12.3994],[54.20973,12.39378],[54.18385,12.38251],[54.15496,12.35981],[54.1405,12.35134],[54.11071,12.35381],[54.06423,12.35055],[54.04755,12.35296],[54.03089,12.34836],[54.00824,12.32986],[53.98593,12.33714],[53.98569,12.33714],[53.96998,12.34186],[53.93928,12.33476],[53.89647,12.32791],[53.77635,12.30497],[53.73116,12.30041],[53.67292,12.30634],[53.61827,12.32271],[53.57215,12.33461],[53.552,12.35438],[53.53598,12.37377],[53.51954,12.39354],[53.50563,12.41633],[53.47937,12.42517],[53.43787,12.45196],[53.33424,12.51553],[53.30974,12.53767],[53.30689,12.5434],[53.31568,12.55028],[53.34249,12.54261],[53.363,12.54491],[53.38453,12.55732],[53.38941,12.56078],[53.39112,12.56965],[53.39959,12.58759],[53.40317,12.59805],[53.39603,12.65647],[53.41074,12.66214],[53.42802,12.66539],[53.47008,12.67142],[53.47958,12.68653],[53.49033,12.70162],[53.49987,12.71207],[53.51895,12.71435],[53.57376,12.70377],[53.6062,12.69998],[53.62994,12.7023],[53.65476,12.70476],[53.69401,12.66978],[53.76289,12.6197],[53.80806,12.608],[53.8461,12.5986],[53.8664,12.62293],[53.876,12.64729],[53.90339,12.65303],[53.92243,12.65066],[53.94018,12.64243],[53.97354,12.64699],[54.0081,12.64574],[54.04513,12.66656],[54.05826,12.67116],[54.08217,12.6862],[54.09303,12.69888],[54.11939,12.70112],[54.13225,12.68837],[54.14651,12.67786],[54.16789,12.66499],[54.18346,12.66844],[54.19549,12.6754],[54.20053,12.673],[54.2107,12.66169],[54.21876,12.65265],[54.23732,12.65204],[54.26002,12.64753],[54.26934,12.63212],[54.28485,12.62625],[54.31947,12.61099],[54.36015,12.60269],[54.40078,12.5804],[54.42191,12.57403],[54.47066,12.54357]]]]}},{"type":"Feature","properties":{"name":"Al Mahrah","country_iso_a3":"YEM","type":"Muhafazah"},"geometry":{"type":"Polygon","coordinates":[[[51.98569,18.97973],[52.01396,18.91616],[52.05675,18.81963],[52.09954,18.72304],[52.14233,18.62651],[52.18501,18.52993],[52.2278,18.43342],[52.27069,18.33687],[52.31332,18.24028],[52.35616,18.14378],[52.399,18.04727],[52.44174,17.95064],[52.48453,17.85416],[52.52742,17.75763],[52.57021,17.66109],[52.61284,17.56456],[52.65563,17.46798],[52.69842,17.37145],[52.73015,17.29988],[52.72828,17.29936],[52.72301,17.29869],[52.72146,17.29817],[52.73624,17.28918],[52.77386,17.28711],[52.79102,17.28122],[52.80156,17.26742],[52.84032,17.18371],[52.90275,17.04826],[52.96527,16.91292],[53.0279,16.77748],[53.09034,16.6424],[53.09002,16.64224],[53.06918,16.63182],[53.02182,16.61945],[52.98487,16.62816],[52.97389,16.61831],[52.96217,16.61628],[52.95053,16.61563],[52.94028,16.61018],[52.92115,16.59113],[52.90992,16.58308],[52.88526,16.57543],[52.85108,16.55614],[52.80909,16.54833],[52.78883,16.5397],[52.75213,16.5183],[52.73683,16.51195],[52.59767,16.47671],[52.53256,16.44725],[52.42042,16.37124],[52.31861,16.29116],[52.29274,16.26382],[52.27947,16.24388],[52.2614,16.20897],[52.22869,16.17194],[52.22145,16.16088],[52.21705,16.14838],[52.21705,16.13809],[52.21957,16.12596],[52.22267,16.1164],[52.22438,16.11359],[52.21681,16.09516],[52.19435,16.0703],[52.18409,16.02945],[52.16,16.0021],[52.15553,15.98387],[52.16342,15.96479],[52.17742,15.94237],[52.18653,15.91909],[52.17547,15.87792],[52.19158,15.86298],[52.22438,15.84675],[52.22527,15.83194],[52.21705,15.76073],[52.22145,15.71699],[52.23121,15.67475],[52.23829,15.66865],[52.24285,15.66348],[52.24488,15.6577],[52.24383,15.65156],[52.23854,15.64252],[52.23748,15.63752],[52.23658,15.62934],[52.23357,15.62177],[52.22836,15.61612],[52.22071,15.61396],[52.19899,15.61148],[52.04713,15.57001],[52.03875,15.56314],[52.03151,15.55581],[52.02573,15.55121],[52.01694,15.54865],[52.00164,15.54727],[51.99171,15.54507],[51.9131,15.51533],[51.8742,15.49152],[51.87501,15.46939],[51.8742,15.46503],[51.87184,15.46377],[51.86939,15.46377],[51.86818,15.46312],[51.86866,15.45157],[51.86541,15.4501],[51.85987,15.45331],[51.85385,15.45571],[51.84653,15.45954],[51.83872,15.4663],[51.82928,15.4687],[51.81666,15.45942],[51.80942,15.45576],[51.7588,15.44562],[51.67994,15.40347],[51.66725,15.39142],[51.66212,15.37714],[51.66774,15.35765],[51.67652,15.34699],[51.67644,15.34028],[51.65528,15.33275],[51.54949,15.32298],[51.53053,15.31684],[51.51344,15.30805],[51.4983,15.29804],[51.47429,15.2707],[51.45428,15.26952],[51.44654,15.26642],[51.44361,15.2602],[51.43247,15.25967],[51.38201,15.23802],[51.36785,15.22972],[51.34246,15.2377],[51.31446,15.22671],[51.28842,15.21027],[51.26881,15.20181],[51.06983,15.14964],[50.85133,15.10993],[50.80499,15.09738],[50.80189,15.10368],[50.80065,15.12226],[50.79212,15.13698],[50.78468,15.15424],[50.77409,15.17207],[50.76665,15.19788],[50.75564,15.21672],[50.74681,15.23633],[50.72836,15.26116],[50.70582,15.27183],[50.65089,15.27966],[50.58449,15.29741],[50.51747,15.29382],[50.494,15.28537],[50.46904,15.27927],[50.39163,15.27183],[50.34135,15.27351],[50.27913,15.29398],[50.26404,15.31126],[50.25707,15.32775],[50.25691,15.34656],[50.25939,15.36377],[50.27087,15.38113],[50.28657,15.39965],[50.30518,15.43146],[50.3213,15.4442],[50.3319,15.45908],[50.33639,15.4996],[50.33034,15.51872],[50.32084,15.529],[50.27882,15.54029],[50.25009,15.54347],[50.21878,15.55251],[50.20121,15.57476],[50.19237,15.60931],[50.20058,15.64923],[50.20834,15.67481],[50.21753,15.69527],[50.21692,15.71403],[50.21288,15.73783],[50.21144,15.7647],[50.22156,15.79338],[50.22172,15.81816],[50.22994,15.85337],[50.24668,15.87146],[50.26358,15.89955],[50.30192,16.00174],[50.29634,16.03633],[50.28471,16.06297],[50.2628,16.07457],[50.24854,16.08886],[50.23335,16.10832],[50.23536,16.14558],[50.31324,16.43473],[50.30502,16.47119],[50.29371,16.49251],[50.29246,16.51481],[50.30967,16.55395],[50.33034,16.57981],[50.35453,16.59899],[50.3969,16.62374],[50.57224,16.69464],[50.65337,16.7467],[50.73006,16.83473],[51.13241,17.15275],[51.26243,17.33811],[51.38485,17.60027],[51.47922,17.88436],[51.54097,18.1839],[51.71227,18.5962],[51.98564,18.97967],[51.98569,18.97973]]]}},{"type":"Feature","properties":{"name":"Sa'dah","country_iso_a3":"YEM","type":"Muhafazah"},"geometry":{"type":"Polygon","coordinates":[[[43.43495,17.52286],[43.45314,17.51878],[43.48714,17.51749],[43.50337,17.51345],[43.57706,17.48297],[43.61954,17.45883],[43.63845,17.43851],[43.6893,17.38385],[43.73064,17.35243],[43.75064,17.34566],[43.76878,17.34551],[43.80619,17.34959],[43.84578,17.34618],[43.86324,17.34695],[43.88671,17.35367],[43.89265,17.35103],[43.89265,17.34008],[43.89006,17.32018],[43.89404,17.31217],[43.89735,17.30737],[43.90329,17.30432],[43.91513,17.30184],[43.93869,17.3052],[43.9543,17.32003],[43.96711,17.33956],[43.98231,17.35682],[44.00391,17.36783],[44.02096,17.36602],[44.05936,17.34706],[44.08535,17.34344],[44.10447,17.35196],[44.11966,17.36995],[44.13429,17.3947],[44.14901,17.40483],[44.16938,17.40235],[44.21154,17.39062],[44.23056,17.39186],[44.30735,17.40896],[44.40414,17.41873],[44.46517,17.41646],[44.5338,17.40287],[44.56196,17.40447],[44.62465,17.42721],[44.64645,17.43181],[44.84902,17.43051],[44.97247,17.4297],[44.95021,17.11144],[44.86763,17.07149],[44.80882,17.07772],[44.7449,17.07614],[44.67818,17.0618],[44.6231,17.04333],[44.49086,16.97922],[44.47287,16.96062],[44.43251,16.90607],[44.41918,16.89439],[44.40135,16.86432],[44.39128,16.85592],[44.37696,16.85362],[44.35898,16.83445],[44.31753,16.80869],[44.30311,16.80218],[44.2949,16.79605],[44.28405,16.79295],[44.27051,16.78668],[44.24849,16.77027],[44.23578,16.75298],[44.21542,16.7165],[44.20286,16.66622],[44.18876,16.63147],[44.1177,16.6109],[44.07517,16.61183],[44.03001,16.62064],[43.92774,16.66149],[43.85684,16.67852],[43.81793,16.67898],[43.79167,16.67092],[43.77741,16.66102],[43.7493,16.64627],[43.72977,16.63862],[43.5999,16.60852],[43.48864,16.61785],[43.41289,16.6133],[43.39227,16.6164],[43.37423,16.62583],[43.20618,16.67232],[43.18568,16.68485],[43.17977,16.70823],[43.17068,16.72348],[43.16851,16.73722],[43.18287,16.758],[43.19186,16.76425],[43.20106,16.76813],[43.20861,16.7734],[43.21285,16.78389],[43.2115,16.79686],[43.20473,16.80771],[43.19445,16.81546],[43.15734,16.82538],[43.14582,16.83448],[43.13373,16.87101],[43.11264,16.91003],[43.10872,16.92698],[43.11543,16.95183],[43.13156,16.99044],[43.1359,17.00961],[43.136,17.03142],[43.13032,17.05348],[43.12246,17.07012],[43.11843,17.08625],[43.12432,17.10697],[43.1453,17.14655],[43.15099,17.16686],[43.15006,17.18996],[43.15616,17.2097],[43.17688,17.22551],[43.20334,17.23631],[43.22618,17.24127],[43.2486,17.25192],[43.25217,17.27197],[43.24184,17.29342],[43.2222,17.30783],[43.16504,17.32592],[43.16789,17.33052],[43.21595,17.38721],[43.30307,17.45904],[43.34199,17.48245],[43.39102,17.51196],[43.41289,17.51996],[43.43495,17.52286]]]}},{"type":"Feature","properties":{"name":"Hajjah","country_iso_a3":"YEM","type":"Muhafazah"},"geometry":{"type":"Polygon","coordinates":[[[43.16293,16.66152],[43.17998,16.66462],[43.18608,16.68327],[43.18568,16.68485],[43.20618,16.67232],[43.37423,16.62583],[43.39227,16.6164],[43.41289,16.6133],[43.48864,16.61785],[43.5999,16.60852],[43.59551,16.4361],[43.61044,16.29926],[43.60734,16.28293],[43.60579,16.2611],[43.60595,16.24345],[43.60936,16.22914],[43.60858,16.21415],[43.61463,16.20348],[43.64486,16.18359],[43.65623,16.16609],[43.65483,16.13648],[43.65871,16.1116],[43.65995,16.08917],[43.69902,16.01189],[43.6984,15.99768],[43.6891,15.98667],[43.67576,15.97745],[43.66553,15.96859],[43.65995,15.95804],[43.65654,15.94758],[43.66817,15.93662],[43.67995,15.9388],[43.71829,15.98156],[43.7276,15.98556],[43.73783,15.98032],[43.75023,15.97008],[43.77524,15.93073],[43.78516,15.89296],[43.79167,15.85337],[43.78749,15.83402],[43.78454,15.79798],[43.79043,15.77361],[43.79214,15.75439],[43.8095,15.73969],[43.81668,15.73051],[43.81121,15.69418],[43.80408,15.66726],[43.79353,15.65504],[43.77834,15.65204],[43.75969,15.65607],[43.74356,15.65499],[43.73023,15.64739],[43.72186,15.63824],[43.71659,15.62814],[43.71349,15.61434],[43.71318,15.60106],[43.72698,15.57722],[43.72527,15.56375],[43.70527,15.52629],[43.67886,15.53443],[43.5876,15.54466],[43.56636,15.54303],[43.54528,15.54556],[43.3701,15.52892],[43.31387,15.50967],[43.2993,15.59685],[43.3007,15.61024],[43.30504,15.62024],[43.31201,15.67835],[43.30039,15.71085],[43.30054,15.72932],[43.3086,15.74317],[43.31532,15.75992],[43.32168,15.78526],[43.32307,15.81697],[43.31139,15.84446],[43.28535,15.86355],[43.18261,15.85588],[43.14396,15.84699],[43.12908,15.83673],[43.10722,15.82619],[43.06469,15.8288],[42.9972,15.82017],[42.83473,15.91396],[42.83456,15.91406],[42.83481,15.91535],[42.84327,16.05219],[42.8401,16.09781],[42.81276,16.23827],[42.80885,16.31265],[42.80763,16.31957],[42.80177,16.34015],[42.80258,16.33942],[42.80307,16.34235],[42.80299,16.34736],[42.80177,16.35322],[42.79884,16.35847],[42.7907,16.36864],[42.78948,16.37096],[42.83731,16.38722],[42.87245,16.40164],[42.89819,16.4189],[42.90677,16.43492],[42.90563,16.45109],[42.90294,16.46628],[42.90677,16.47936],[42.91741,16.4838],[42.95627,16.49073],[42.97095,16.49579],[43.01467,16.5207],[43.03627,16.5363],[43.04877,16.55346],[43.07461,16.61878],[43.07864,16.63769],[43.07999,16.65883],[43.08495,16.67257],[43.09776,16.67779],[43.12277,16.6733],[43.16293,16.66152]]]}},{"type":"Feature","properties":{"name":"Al Jawf","country_iso_a3":"YEM","type":"Muhafazah"},"geometry":{"type":"Polygon","coordinates":[[[44.97247,17.4297],[44.99734,17.42953],[45.16539,17.42839],[45.22213,17.41739],[45.3847,17.32649],[45.43038,17.31202],[45.64231,17.29109],[45.89082,17.26665],[46.07996,17.24799],[46.32263,17.22407],[46.48789,17.24598],[46.7101,17.27538],[46.7472,17.25476],[46.8118,17.16846],[46.8858,17.06955],[46.97034,16.95685],[46.983,16.9491],[46.99703,16.94851],[47.03866,16.34536],[46.83273,16.14969],[45.99448,16.00003],[45.69285,15.89774],[45.56423,15.79035],[45.44956,15.78007],[45.23898,15.81296],[44.9978,15.93554],[44.66098,16.01143],[44.59483,16.0508],[44.50951,16.05701],[44.48931,16.04866],[44.48109,16.03998],[44.42585,16.02827],[44.40104,16.05574],[44.3689,16.1108],[44.36363,16.13739],[44.36208,16.16839],[44.35247,16.1955],[44.37463,16.25989],[44.37277,16.27521],[44.36657,16.28454],[44.36177,16.29717],[44.36735,16.31541],[44.36936,16.33523],[44.36611,16.35745],[44.35185,16.38197],[44.34316,16.40765],[44.33464,16.44499],[44.32001,16.47336],[44.32032,16.49091],[44.32937,16.50266],[44.33495,16.51767],[44.3289,16.5339],[44.31428,16.54902],[44.25609,16.59054],[44.24043,16.59782],[44.18876,16.63147],[44.20286,16.66622],[44.21542,16.7165],[44.23578,16.75298],[44.24849,16.77027],[44.27051,16.78668],[44.28405,16.79295],[44.2949,16.79605],[44.30311,16.80218],[44.31753,16.80869],[44.35898,16.83445],[44.37696,16.85362],[44.39128,16.85592],[44.40135,16.86432],[44.41918,16.89439],[44.43251,16.90607],[44.47287,16.96062],[44.49086,16.97922],[44.6231,17.04333],[44.67818,17.0618],[44.7449,17.07614],[44.80882,17.07772],[44.86763,17.07149],[44.95021,17.11144],[44.97247,17.4297]]]}},{"type":"Feature","properties":{"name":"Kherson","country_iso_a3":"UKR","type":"Oblast'"},"geometry":{"type":"MultiPolygon","coordinates":[[[[35.00189,45.729],[34.97567,45.71732],[34.95233,45.72199],[34.91733,45.74766],[34.87066,45.77333],[34.80998,45.785],[34.78898,45.80366],[34.78431,45.82933],[34.78431,45.869],[34.78431,45.89934],[34.76331,45.93201],[34.73531,45.95301],[34.68864,45.97402],[34.64197,45.98102],[34.59996,45.97868],[34.56963,45.97635],[34.52995,45.98102],[34.52062,45.96935],[34.50429,45.95068],[34.46461,45.95535],[34.43428,45.97168],[34.41094,45.98802],[34.39227,46.00902],[34.37827,46.03002],[34.36194,46.05569],[34.33393,46.06969],[34.30126,46.06969],[34.27326,46.08369],[34.23592,46.0977],[34.20092,46.10003],[34.16125,46.09069],[34.10524,46.09536],[34.06791,46.1047],[34.0259,46.11636],[33.9909,46.13036],[33.94423,46.1537],[33.89289,46.17704],[33.84622,46.1957],[33.80188,46.20271],[33.75521,46.19337],[33.71573,46.19574],[33.67028,46.21811],[33.66162,46.21017],[33.67146,46.17295],[33.66045,46.14818],[33.62852,46.12494],[33.61346,46.14521],[33.59653,46.15575],[33.57154,46.14936],[33.54982,46.13642],[33.53248,46.12153],[33.53126,46.10688],[33.55787,46.09471],[33.55787,46.08731],[33.53126,46.08592],[33.50563,46.08027],[33.49578,46.06786],[33.51629,46.04633],[33.50636,46.04682],[33.48553,46.05317],[33.42384,46.05329],[33.41529,46.05809],[33.38429,46.08759],[33.35776,46.10383],[33.33107,46.10749],[33.3108,46.08731],[33.30584,46.09235],[33.30144,46.09365],[33.2964,46.09357],[33.29029,46.09471],[33.30689,46.10615],[33.31772,46.1197],[33.31568,46.13101],[33.29347,46.13569],[33.21461,46.12824],[33.22185,46.14151],[33.22535,46.15412],[33.23512,46.22382],[33.21193,46.20629],[33.195,46.1787],[33.17506,46.15314],[33.14324,46.14191],[33.13551,46.14069],[33.12289,46.13589],[33.1128,46.13569],[33.10328,46.13837],[33.0818,46.14936],[33.02345,46.16987],[33.03248,46.14102],[33.01824,46.12767],[32.9131,46.11518],[32.89926,46.11522],[32.89161,46.11668],[32.88266,46.12067],[32.87615,46.12141],[32.8532,46.12035],[32.84457,46.12141],[32.78981,46.13435],[32.76629,46.13569],[32.75131,46.13304],[32.71404,46.12006],[32.58823,46.1044],[32.57781,46.10155],[32.56756,46.09658],[32.55104,46.0843],[32.54371,46.08047],[32.50343,46.07612],[32.3025,46.11668],[32.28053,46.12759],[32.26775,46.12661],[32.26246,46.12824],[32.26051,46.13215],[32.25733,46.14496],[32.25563,46.14936],[32.25172,46.15689],[32.24741,46.17072],[32.24195,46.17666],[32.26092,46.18863],[32.26678,46.19481],[32.2693,46.20458],[32.23927,46.19526],[32.21314,46.19306],[32.18735,46.19672],[32.14259,46.20799],[32.12867,46.2097],[32.11541,46.21455],[32.07789,46.2495],[32.05014,46.26606],[32.01808,46.25751],[31.96843,46.2757],[31.88575,46.32001],[31.88404,46.30866],[31.88795,46.29515],[31.8899,46.28384],[31.88234,46.27912],[31.81918,46.28059],[31.80112,46.28506],[31.7859,46.29239],[31.77247,46.30268],[31.76734,46.31818],[31.77996,46.33177],[31.79981,46.34223],[31.81674,46.34797],[31.83741,46.34956],[31.89259,46.34113],[31.96827,46.35106],[31.97731,46.35529],[32.02963,46.38898],[32.04168,46.39086],[32.05519,46.39057],[32.06186,46.39379],[32.05356,46.40599],[32.00782,46.44896],[31.99171,46.45356],[31.9546,46.45099],[31.91065,46.45588],[31.81629,46.48301],[31.81649,46.48311],[31.81659,46.48316],[31.85174,46.52196],[31.86183,46.51927],[31.94711,46.51927],[32.03346,46.50629],[32.09116,46.51284],[32.11166,46.51244],[32.22153,46.49543],[32.27613,46.47089],[32.31756,46.46434],[32.36101,46.46686],[32.39967,46.47834],[32.42701,46.49885],[32.40838,46.51728],[32.43572,46.54316],[32.50571,46.58413],[32.52475,46.59272],[32.57097,46.59642],[32.58839,46.60431],[32.60377,46.61571],[32.61939,46.62352],[32.6338,46.63312],[32.64552,46.6496],[32.62184,46.64179],[32.59457,46.62832],[32.56739,46.61848],[32.54371,46.62173],[32.40903,46.56891],[32.33579,46.56216],[32.2693,46.58759],[32.25375,46.60472],[32.24822,46.60741],[32.23683,46.60444],[32.22006,46.59072],[32.21095,46.58759],[32.19972,46.58649],[32.18019,46.58177],[32.16993,46.58076],[32.14633,46.56025],[32.13209,46.5703],[32.11793,46.60688],[32.10108,46.61489],[32.03956,46.62348],[32.0228,46.62914],[32.00896,46.6398],[31.99293,46.65742],[31.97983,46.67707],[31.97446,46.694],[31.97071,46.71288],[31.96491,46.7221],[31.96501,46.72242],[31.96645,46.72702],[32.01673,46.72619],[32.03208,46.72971],[32.03983,46.73555],[32.0574,46.74392],[32.06515,46.74585],[32.07198,46.74679],[32.07771,46.74632],[32.08298,46.74524],[32.09947,46.73823],[32.11218,46.73524],[32.12303,46.73534],[32.15466,46.74167],[32.17161,46.74671],[32.17874,46.75097],[32.18541,46.7558],[32.1882,46.75862],[32.19796,46.77162],[32.20778,46.79037],[32.21057,46.79482],[32.2146,46.79931],[32.22266,46.80497],[32.22871,46.80758],[32.23491,46.80929],[32.24824,46.81089],[32.25925,46.81058],[32.31744,46.79621],[32.34322,46.79459],[32.35113,46.79575],[32.3564,46.79815],[32.35873,46.80143],[32.3702,46.82588],[32.37408,46.83066],[32.38183,46.83657],[32.38932,46.83952],[32.42281,46.84577],[32.44425,46.84712],[32.44952,46.84649],[32.45402,46.845],[32.45728,46.84262],[32.46146,46.83675],[32.46317,46.83368],[32.46968,46.83135],[32.47975,46.82986],[32.51484,46.83172],[32.52259,46.83314],[32.52786,46.83585],[32.53066,46.83784],[32.53314,46.8406],[32.535,46.84422],[32.53624,46.84869],[32.5367,46.85347],[32.5367,46.8683],[32.53841,46.87275],[32.54259,46.87422],[32.5474,46.87425],[32.55195,46.8728],[32.55458,46.87034],[32.55799,46.86802],[32.5628,46.86647],[32.57133,46.86587],[32.5752,46.86363],[32.58264,46.86158],[32.59287,46.85983],[32.63215,46.86081],[32.64068,46.85962],[32.64393,46.85727],[32.64765,46.85518],[32.65246,46.85347],[32.67514,46.84846],[32.67948,46.84649],[32.68305,46.84419],[32.68584,46.84159],[32.69266,46.83306],[32.69545,46.83037],[32.69855,46.82784],[32.70196,46.82577],[32.70568,46.82427],[32.70863,46.82376],[32.71953,46.82355],[32.77291,46.82846],[32.82206,46.82696],[32.82831,46.82794],[32.83234,46.82973],[32.83606,46.83177],[32.9141,46.85073],[32.93146,46.85696],[32.94076,46.86195],[32.9389,46.86443],[32.93487,46.8651],[32.92479,46.86458],[32.91952,46.8651],[32.91037,46.86856],[32.90386,46.87006],[32.84986,46.8666],[32.82645,46.86804],[32.8188,46.86965],[32.81477,46.87099],[32.81105,46.8729],[32.8078,46.8753],[32.80656,46.87869],[32.80702,46.88226],[32.81198,46.88698],[32.81648,46.88884],[32.91394,46.90003],[32.92433,46.90272],[32.94608,46.91962],[32.95895,46.92497],[32.99962,46.93254],[33.01016,46.93618],[33.01512,46.94006],[33.01435,46.94334],[33.01202,46.94613],[33.00908,46.94856],[33.00551,46.95021],[33.00132,46.95096],[32.96593,46.95099],[32.96081,46.95173],[32.95709,46.95357],[32.9543,46.95605],[32.95244,46.95915],[32.9512,46.96248],[32.94996,46.96974],[32.94949,46.98114],[32.9512,46.98566],[32.95492,46.99062],[32.96546,46.99739],[32.97135,46.99956],[32.97492,47.00023],[32.97631,46.99956],[32.98065,46.99615],[32.98593,46.99083],[32.99197,46.98582],[32.99833,46.98194],[33.02504,46.96992],[33.02613,46.97163],[33.02628,46.97429],[33.02628,46.9776],[33.02752,46.9806],[33.02876,46.98261],[33.03155,46.98566],[33.04938,46.99977],[33.05796,47.00866],[33.06013,47.01191],[33.06168,47.01532],[33.06137,47.01863],[33.05936,47.02147],[33.01357,47.05108],[32.956,47.07498],[32.95089,47.07594],[32.94562,47.07607],[32.93022,47.0748],[32.92526,47.07537],[32.92185,47.07733],[32.91983,47.08012],[32.91875,47.08906],[32.91735,47.09408],[32.91595,47.09702],[32.91533,47.10012],[32.91502,47.10353],[32.91642,47.10705],[32.91844,47.11035],[32.93632,47.12689],[32.96205,47.16443],[32.9712,47.18123],[32.97616,47.18678],[32.98081,47.18792],[32.98468,47.18702],[32.99543,47.17753],[32.99833,47.17666],[33.02132,47.17624],[33.0359,47.17795],[33.04318,47.18007],[33.04866,47.18262],[33.07796,47.20627],[33.08385,47.20893],[33.08959,47.20994],[33.09455,47.20906],[33.10716,47.20384],[33.11274,47.20255],[33.12065,47.20244],[33.12499,47.20456],[33.12731,47.20813],[33.12855,47.21221],[33.13057,47.21658],[33.13615,47.22433],[33.13661,47.22689],[33.13491,47.23097],[33.11351,47.25686],[33.10778,47.26575],[33.10623,47.26895],[33.10509,47.27241],[33.10468,47.276],[33.10468,47.2799],[33.10623,47.28828],[33.11119,47.30042],[33.12111,47.31928],[33.1239,47.32734],[33.12452,47.33096],[33.12468,47.33373],[33.1239,47.33933],[33.12204,47.3461],[33.12065,47.34941],[33.09936,47.38238],[33.09625,47.38491],[33.09222,47.38664],[33.08742,47.38739],[33.05362,47.3876],[33.04768,47.38858],[33.04272,47.39008],[33.03869,47.39204],[33.03497,47.39426],[33.03218,47.39695],[33.02985,47.39985],[33.02815,47.4029],[33.02675,47.40589],[33.02613,47.40873],[33.02784,47.41215],[33.0314,47.417],[33.04721,47.43129],[33.05052,47.4361],[33.05279,47.44506],[33.05528,47.45064],[33.05889,47.45219],[33.06184,47.45132],[33.06447,47.44886],[33.07455,47.43362],[33.07998,47.42067],[33.08184,47.41757],[33.08509,47.41527],[33.09021,47.41403],[33.09594,47.41344],[33.11506,47.4145],[33.12406,47.41638],[33.12824,47.41902],[33.1301,47.42258],[33.12995,47.4262],[33.12886,47.42961],[33.1253,47.43576],[33.12313,47.4386],[33.12142,47.44173],[33.12033,47.44522],[33.12002,47.44894],[33.12049,47.45294],[33.12313,47.46131],[33.12499,47.46971],[33.1253,47.47377],[33.12499,47.47731],[33.12421,47.48046],[33.12313,47.48281],[33.12018,47.48733],[33.11801,47.48994],[33.11289,47.49819],[33.11181,47.5003],[33.11165,47.50113],[33.11119,47.5031],[33.11098,47.50609],[33.11227,47.50986],[33.11646,47.51658],[33.11816,47.51999],[33.11863,47.52372],[33.1177,47.52692],[33.11568,47.52971],[33.10974,47.53421],[33.09486,47.54273],[33.0916,47.54521],[33.08928,47.54798],[33.08804,47.55136],[33.08742,47.55488],[33.0868,47.56242],[33.08742,47.5742],[33.08928,47.58286],[33.16545,47.56852],[33.17015,47.56681],[33.18472,47.55777],[33.19341,47.55392],[33.2671,47.5433],[33.28343,47.53932],[33.29319,47.53565],[33.2966,47.52945],[33.30032,47.51963],[33.30203,47.51653],[33.30405,47.51359],[33.30668,47.5108],[33.31319,47.50596],[33.32265,47.5003],[33.3335,47.49573],[33.33944,47.49509],[33.3458,47.49529],[33.35247,47.4979],[33.3551,47.49932],[33.35603,47.50038],[33.35665,47.50361],[33.35758,47.50677],[33.35929,47.50986],[33.36208,47.51255],[33.36595,47.51436],[33.3706,47.5155],[33.47675,47.52992],[33.48527,47.53273],[33.489,47.53498],[33.49179,47.53762],[33.49365,47.54103],[33.49396,47.54469],[33.49365,47.54836],[33.49194,47.55539],[33.49148,47.55873],[33.4921,47.5619],[33.49427,47.56415],[33.49742,47.56544],[33.50331,47.56712],[33.56289,47.57536],[33.56909,47.57462],[33.57545,47.57281],[33.58305,47.56761],[33.58692,47.56371],[33.58878,47.56004],[33.58847,47.55694],[33.58646,47.55394],[33.5787,47.54459],[33.57669,47.54097],[33.57529,47.53759],[33.57529,47.53428],[33.57901,47.52762],[33.58289,47.51793],[33.58444,47.51472],[33.58816,47.51219],[33.59452,47.5108],[33.61705,47.51235],[33.62434,47.51162],[33.63023,47.50764],[33.63302,47.50441],[33.63488,47.5017],[33.6403,47.49131],[33.64278,47.48852],[33.65441,47.48682],[33.75249,47.491],[33.87972,47.51374],[33.90179,47.51446],[34.05821,47.48072],[34.15748,47.4739],[34.20373,47.47839],[34.2304,47.43147],[34.28052,47.31882],[34.29034,47.30207],[34.2922,47.29778],[34.29344,47.29381],[34.29406,47.27877],[34.29546,47.27507],[34.2984,47.2721],[34.30476,47.26978],[34.31034,47.26936],[34.31561,47.26991],[34.32445,47.27246],[34.33592,47.27825],[34.34047,47.2798],[34.35365,47.28078],[34.35938,47.2797],[34.37349,47.27443],[34.37861,47.27334],[34.38403,47.2729],[34.38915,47.2735],[34.39333,47.27489],[34.39659,47.2774],[34.40093,47.28481],[34.40377,47.28797],[34.40951,47.29344],[34.41152,47.29696],[34.41245,47.30078],[34.414,47.30471],[34.41617,47.30802],[34.41989,47.31024],[34.42858,47.3129],[34.49638,47.31758],[34.5001,47.31706],[34.50351,47.316],[34.50645,47.31391],[34.50831,47.31114],[34.50676,47.30709],[34.50413,47.30471],[34.50087,47.30311],[34.48614,47.29874],[34.48258,47.2967],[34.47963,47.29386],[34.47777,47.28998],[34.47638,47.28574],[34.47514,47.27748],[34.47514,47.27368],[34.47622,47.26952],[34.47917,47.26575],[34.48568,47.26125],[34.50072,47.2537],[34.50304,47.25079],[34.50459,47.24652],[34.50444,47.23867],[34.50258,47.23438],[34.50025,47.23179],[34.49513,47.22869],[34.49296,47.22603],[34.49172,47.22234],[34.49157,47.21872],[34.49219,47.21518],[34.50041,47.18782],[34.50087,47.1843],[34.50087,47.18074],[34.49746,47.15994],[34.49731,47.15601],[34.49793,47.14857],[34.49917,47.14141],[34.5032,47.12792],[34.50444,47.12079],[34.50614,47.11697],[34.50955,47.1133],[34.51813,47.10974],[34.53177,47.10643],[34.53689,47.10395],[34.54046,47.09971],[34.55658,47.0524],[34.55797,47.01853],[34.55968,47.0116],[34.562,47.00819],[34.56588,47.00527],[34.5743,47.00258],[34.58795,47.00049],[34.58903,47.0001],[34.59213,46.99824],[34.59508,46.99483],[34.59787,46.98979],[34.60097,46.98023],[34.60376,46.96556],[34.60515,46.96225],[34.60841,46.9592],[34.61492,46.95667],[34.63962,46.9531],[34.64458,46.95155],[34.64892,46.94969],[34.6604,46.94303],[34.66939,46.93944],[34.71781,46.92851],[34.72199,46.92654],[34.72556,46.92287],[34.72913,46.91745],[34.74003,46.88541],[34.74267,46.88184],[34.74639,46.87843],[34.75383,46.87466],[34.75987,46.87342],[34.77135,46.87251],[34.77646,46.87127],[34.7808,46.86941],[34.78437,46.86722],[34.7883,46.8622],[34.79181,46.85497],[34.79651,46.83954],[34.79667,46.83174],[34.79434,46.82693],[34.79047,46.82515],[34.76406,46.81735],[34.7546,46.81557],[34.75042,46.81404],[34.74747,46.81172],[34.74577,46.80846],[34.74484,46.80474],[34.74406,46.7818],[34.74267,46.77833],[34.74065,46.77544],[34.73393,46.76934],[34.73145,46.7664],[34.72913,46.76278],[34.72355,46.75064],[34.72106,46.74738],[34.71796,46.74477],[34.71409,46.74294],[34.70541,46.74027],[34.69797,46.73632],[34.69207,46.73061],[34.68975,46.72723],[34.6868,46.72428],[34.68339,46.72219],[34.67874,46.72108],[34.67373,46.72033],[34.64644,46.71989],[34.64148,46.71916],[34.63714,46.71792],[34.63327,46.71583],[34.63032,46.71343],[34.62799,46.71048],[34.62738,46.70702],[34.62738,46.70353],[34.62924,46.69281],[34.63125,46.68904],[34.63544,46.68578],[34.64551,46.68309],[34.65172,46.68333],[34.65714,46.68439],[34.66117,46.68563],[34.66706,46.68439],[34.68401,46.67529],[34.69145,46.67281],[34.69843,46.67121],[34.72169,46.66899],[34.72773,46.66648],[34.73269,46.66229],[34.73801,46.65359],[34.74267,46.64392],[34.74453,46.63721],[34.74499,46.63359],[34.74437,46.62987],[34.74267,46.6263],[34.73987,46.62323],[34.73006,46.61586],[34.72463,46.60982],[34.72277,46.60628],[34.72184,46.60263],[34.72215,46.59899],[34.72339,46.59571],[34.72525,46.59266],[34.72944,46.58692],[34.75367,46.56039],[34.75569,46.55682],[34.75724,46.55328],[34.7591,46.55018],[34.7622,46.54724],[34.767,46.54499],[34.77631,46.54375],[34.81062,46.54468],[34.85764,46.54173],[34.86292,46.53995],[34.86633,46.5368],[34.86648,46.5306],[34.86447,46.52667],[34.86121,46.52365],[34.8578,46.52161],[34.8547,46.51923],[34.85315,46.51618],[34.85284,46.51259],[34.85315,46.50233],[34.85346,46.50093],[34.85377,46.50016],[34.85827,46.49845],[34.87144,46.49765],[34.91816,46.50083],[34.92374,46.50031],[34.92451,46.5],[34.94653,46.486],[34.96017,46.48047],[34.9689,46.47913],[34.9841,46.472],[34.98968,46.47026],[34.99495,46.46946],[35.02337,46.46905],[35.02942,46.46481],[35.03531,46.45641],[35.06011,46.38446],[35.06104,46.37918],[35.06027,46.37484],[35.05469,46.36311],[35.05329,46.35908],[35.05267,46.35521],[35.05329,46.34792],[35.05903,46.32782],[35.05949,46.32394],[35.05965,46.30601],[35.06931,46.29991],[35.10506,46.29506],[35.07504,46.27106],[35.03077,46.25178],[34.93605,46.23542],[34.92652,46.23505],[34.91407,46.2381],[34.90805,46.24429],[34.90724,46.25165],[34.9048,46.25568],[34.89357,46.25178],[34.88657,46.24274],[34.88543,46.23139],[34.88217,46.22175],[34.83888,46.20767],[34.83513,46.20319],[34.81764,46.18623],[34.81227,46.17666],[34.81129,46.16625],[34.81324,46.15827],[34.8191,46.14191],[34.82423,46.07795],[34.82895,46.06342],[34.83855,46.04755],[34.87436,45.92609],[34.88347,45.91283],[34.89519,45.90103],[34.90504,45.88862],[34.95818,45.78954],[35.00189,45.729]]],[[[35.27954,46.25514],[35.26352,46.24226],[35.20948,46.16987],[35.18474,46.14549],[35.16179,46.12824],[35.1211,46.11848],[35.09653,46.10419],[35.06227,46.09862],[35.03858,46.08609],[35.00001,46.07364],[34.98211,46.07783],[34.98536,46.08747],[35.0171,46.11278],[35.05193,46.12824],[35.04908,46.13207],[35.04444,46.14191],[35.14894,46.16413],[35.20045,46.18301],[35.22787,46.22175],[35.2518,46.24022],[35.26222,46.25731],[35.2648,46.2605],[35.26759,46.25976],[35.27954,46.25514]]],[[[32.98927,46.04263],[32.99936,46.03531],[33.0451,46.03791],[33.05747,46.02521],[33.04005,46.01215],[32.61939,46.06],[32.62672,46.0659],[32.63136,46.06623],[32.63933,46.06],[32.78321,46.04633],[32.85206,46.0563],[32.88168,46.05541],[32.91358,46.0388],[32.95484,46.05174],[32.97869,46.05329],[32.98927,46.04263]]],[[[31.94028,46.20458],[32.07081,46.18244],[32.15309,46.15599],[32.16627,46.14936],[32.14389,46.15266],[32.10182,46.16669],[31.73715,46.22077],[31.58033,46.26276],[31.549,46.28242],[31.52198,46.31322],[31.51401,46.32941],[31.50506,46.35493],[31.5044,46.37336],[31.52198,46.36848],[31.53842,46.32583],[31.55437,46.29633],[31.57797,46.27558],[31.61818,46.25922],[31.94028,46.20458]]]]}},{"type":"Feature","properties":{"name":"Jerusalem","country_iso_a3":"ISR","type":"Mehoz"},"geometry":{"type":"Polygon","coordinates":[[[35.18617,31.80874],[35.18577,31.81412],[35.18223,31.81992],[35.18359,31.82512],[35.18993,31.82666],[35.19664,31.82644],[35.21327,31.81876],[35.21576,31.82011],[35.21613,31.82374],[35.21613,31.83915],[35.21296,31.85339],[35.20933,31.8634],[35.2048,31.8711],[35.20526,31.87725],[35.21205,31.88149],[35.22202,31.87918],[35.22655,31.86725],[35.22565,31.85724],[35.22746,31.85031],[35.23335,31.84261],[35.24477,31.84514],[35.24998,31.84437],[35.25375,31.84146],[35.25723,31.83859],[35.25157,31.83128],[35.25361,31.82935],[35.26018,31.82877],[35.26494,31.82627],[35.26063,31.81876],[35.25587,31.81222],[35.25882,31.80066],[35.25995,31.79257],[35.2629,31.78968],[35.25814,31.78371],[35.2527,31.76965],[35.25315,31.76252],[35.25972,31.75693],[35.26281,31.74863],[35.25812,31.74242],[35.25247,31.73805],[35.24921,31.72357],[35.24432,31.71936],[35.24242,31.71085],[35.23797,31.70933],[35.2314,31.71261],[35.228,31.71743],[35.22415,31.71916],[35.21939,31.71512],[35.20526,31.72319],[35.17942,31.7201],[35.16673,31.73205],[35.15436,31.73343],[35.14895,31.73735],[35.12574,31.7331],[35.11423,31.71768],[35.09339,31.70242],[35.05923,31.6768],[34.97361,31.63037],[34.95531,31.61187],[34.95318,31.60832],[34.95278,31.60856],[34.88152,31.65233],[34.87294,31.6591],[34.87403,31.66489],[34.87418,31.6737],[34.87387,31.67572],[34.87217,31.68104],[34.87201,31.68305],[34.87263,31.68895],[34.87139,31.70173],[34.87139,31.70388],[34.8717,31.70595],[34.87217,31.70775],[34.87465,31.71269],[34.87511,31.71458],[34.87527,31.71664],[34.87527,31.71881],[34.87465,31.7229],[34.87062,31.73334],[34.87015,31.73512],[34.87015,31.73693],[34.87062,31.73868],[34.87232,31.7424],[34.8731,31.74504],[34.87341,31.74954],[34.87263,31.75207],[34.87139,31.75388],[34.87,31.75501],[34.86628,31.75628],[34.86395,31.75656],[34.8548,31.76258],[34.82778,31.79199],[34.88865,31.80633],[34.89485,31.80935],[34.90121,31.81454],[34.90865,31.82932],[34.91128,31.83237],[34.92133,31.84069],[34.9313,31.84049],[34.94331,31.84742],[34.95919,31.85399],[34.97127,31.85495],[34.99238,31.85479],[34.99854,31.85384],[34.98976,31.84558],[34.97874,31.83733],[34.97743,31.83337],[34.98031,31.83132],[35.00155,31.8285],[35.01294,31.82934],[35.02749,31.83273],[35.04562,31.84827],[35.05602,31.85332],[35.06444,31.85458],[35.07632,31.85416],[35.08809,31.84813],[35.09759,31.83127],[35.11247,31.82396],[35.12139,31.82484],[35.13696,31.81429],[35.17392,31.80755],[35.18617,31.80874]]]}},{"type":"Feature","properties":{"name":"Al Hudaydah","country_iso_a3":"YEM","type":"Muhafazah"},"geometry":{"type":"MultiPolygon","coordinates":[[[[43.28429,13.66487],[43.28533,13.68659],[43.28093,13.72211],[43.24789,13.78368],[43.2435,13.79434],[43.23316,13.87637],[43.22731,13.88544],[43.16172,13.95399],[43.13919,14.00735],[43.11807,14.05249],[43.09552,14.08396],[43.08425,14.15919],[43.07579,14.19476],[43.06592,14.22486],[43.04756,14.27551],[43.01905,14.36835],[43.011,14.38841],[43.00611,14.41942],[42.9935,14.44831],[42.98992,14.48021],[42.98732,14.48924],[42.9817,14.49478],[42.96339,14.50776],[42.95932,14.5135],[42.96119,14.52538],[42.96599,14.53026],[42.97348,14.52847],[42.98365,14.52033],[42.99415,14.50047],[43.00611,14.45478],[43.0215,14.44208],[43.02198,14.4711],[43.02003,14.48461],[43.01401,14.49677],[43.02866,14.53799],[43.01759,14.57123],[42.99806,14.60151],[42.98732,14.63386],[42.98951,14.64106],[42.99879,14.65127],[43.00099,14.65717],[42.99985,14.66332],[42.99732,14.6662],[42.9948,14.66791],[42.99049,14.68008],[42.98365,14.68513],[42.97682,14.68838],[42.97381,14.69188],[42.97145,14.69701],[42.96656,14.70185],[42.96168,14.70856],[42.95411,14.74266],[42.95314,14.75373],[42.94223,14.78889],[42.89454,14.84748],[42.88364,14.88369],[42.8816,14.90461],[42.88331,14.91551],[42.89112,14.9138],[42.89576,14.90599],[42.89405,14.89932],[42.89096,14.89142],[42.89112,14.88032],[42.89829,14.86176],[42.91041,14.84138],[42.92661,14.82323],[42.94565,14.81143],[42.94679,14.82587],[42.95314,14.8592],[42.95232,14.87954],[42.94166,14.91535],[42.93727,14.94847],[42.93214,14.96084],[42.92359,14.97142],[42.89812,14.99527],[42.88722,15.00821],[42.88014,15.02485],[42.87745,15.04853],[42.88233,15.10248],[42.87745,15.11986],[42.86402,15.13642],[42.82895,15.15176],[42.79689,15.1787],[42.7767,15.19139],[42.75473,15.20181],[42.73341,15.2093],[42.71127,15.21426],[42.69142,15.21426],[42.67693,15.2058],[42.6714,15.18537],[42.66041,15.18256],[42.63771,15.19086],[42.61801,15.20751],[42.61671,15.22972],[42.61012,15.2436],[42.62135,15.2447],[42.65463,15.23721],[42.67172,15.23965],[42.68263,15.24649],[42.68873,15.25703],[42.6919,15.2707],[42.69093,15.28124],[42.68068,15.29605],[42.67823,15.30829],[42.70428,15.35545],[42.71241,15.36628],[42.71762,15.35346],[42.7151,15.33698],[42.70786,15.32152],[42.69939,15.31167],[42.71852,15.30313],[42.73374,15.29389],[42.77426,15.26044],[42.77914,15.25332],[42.78126,15.2403],[42.77857,15.22162],[42.78199,15.21507],[42.79493,15.2093],[42.79591,15.21735],[42.79461,15.2226],[42.79168,15.2263],[42.7881,15.22972],[42.80307,15.24518],[42.80909,15.26777],[42.80689,15.34431],[42.79737,15.37971],[42.78126,15.4079],[42.77719,15.42194],[42.77768,15.43281],[42.77996,15.44318],[42.78126,15.45571],[42.78053,15.46748],[42.77833,15.47899],[42.77426,15.49103],[42.75994,15.51606],[42.71925,15.57001],[42.72136,15.57819],[42.73341,15.59223],[42.72389,15.6022],[42.71485,15.61396],[42.70826,15.62783],[42.70558,15.64435],[42.71607,15.67984],[42.71363,15.69473],[42.6919,15.70209],[42.69923,15.71743],[42.70924,15.7259],[42.72104,15.73282],[42.73341,15.74307],[42.74171,15.75324],[42.74578,15.76195],[42.74692,15.77265],[42.74724,15.7884],[42.75245,15.81639],[42.7658,15.83576],[42.78346,15.84943],[42.80177,15.86034],[42.82,15.87495],[42.83033,15.89252],[42.83456,15.91406],[42.83473,15.91396],[42.9972,15.82017],[43.06469,15.8288],[43.10722,15.82619],[43.12908,15.83673],[43.14396,15.84699],[43.18261,15.85588],[43.28535,15.86355],[43.31139,15.84446],[43.32307,15.81697],[43.32168,15.78526],[43.31532,15.75992],[43.3086,15.74317],[43.30054,15.72932],[43.30039,15.71085],[43.31201,15.67835],[43.30504,15.62024],[43.3007,15.61024],[43.2993,15.59685],[43.31387,15.50967],[43.31635,15.46725],[43.32106,15.45583],[43.32183,15.43386],[43.32679,15.41707],[43.32803,15.38842],[43.3254,15.35594],[43.32974,15.33304],[43.33222,15.30555],[43.35904,15.26581],[43.38141,15.24992],[43.40622,15.22886],[43.44828,15.21737],[43.45728,15.20026],[43.4689,15.17194],[43.48895,15.13897],[43.50012,15.10967],[43.515,15.08735],[43.5459,15.05774],[43.57102,15.04425],[43.60347,15.01417],[43.63509,14.99818],[43.66197,14.99237],[43.68119,14.99188],[43.70026,14.99459],[43.72465,14.97314],[43.72403,14.96193],[43.71829,14.95663],[43.70196,14.9334],[43.68817,14.9239],[43.67297,14.9217],[43.64207,14.93273],[43.63153,14.93402],[43.62409,14.91971],[43.59458,14.88963],[43.57582,14.87403],[43.55691,14.8484],[43.54104,14.80442],[43.55381,14.73055],[43.549,14.7145],[43.53763,14.70021],[43.53453,14.68303],[43.53608,14.66507],[43.53856,14.65011],[43.53453,14.6336],[43.53815,14.6144],[43.57737,14.51356],[43.58001,14.49749],[43.59334,14.47242],[43.59603,14.46036],[43.59706,14.43436],[43.59365,14.41599],[43.5583,14.37432],[43.53877,14.37344],[43.53159,14.35985],[43.56528,14.22296],[43.56605,14.18924],[43.57939,14.15557],[43.59603,14.14126],[43.61897,14.12689],[43.64998,14.11689],[43.70599,14.084],[43.72573,14.07604],[43.74139,14.07806],[43.75411,14.08963],[43.76935,14.09793],[43.78191,14.10785],[43.79756,14.11405],[43.80036,14.0864],[43.80501,14.06906],[43.79896,14.04168],[43.76046,13.98132],[43.74465,13.97152],[43.73535,13.9777],[43.72,13.98434],[43.70181,13.9761],[43.69824,13.96354],[43.71225,13.94584],[43.72015,13.93321],[43.72217,13.9176],[43.71023,13.92008],[43.68429,13.91199],[43.60099,13.89838],[43.57691,13.89073],[43.54104,13.87548],[43.46534,13.77895],[43.45542,13.75981],[43.44441,13.74681],[43.42219,13.74309],[43.38715,13.73358],[43.35811,13.72185],[43.28767,13.66643],[43.28452,13.66498],[43.28429,13.66487]]],[[[42.71925,13.74262],[42.76173,13.77216],[42.78256,13.77993],[42.79493,13.76992],[42.79184,13.75072],[42.76149,13.71931],[42.75408,13.6979],[42.74391,13.68842],[42.68857,13.6638],[42.68849,13.66376],[42.68629,13.67597],[42.6858,13.67845],[42.6858,13.67853],[42.69353,13.6992],[42.71925,13.74262]]],[[[42.76026,14.06468],[42.76759,14.07152],[42.79575,14.03718],[42.80177,14.02314],[42.80161,14.01227],[42.7881,13.97533],[42.78663,13.94404],[42.78858,13.9267],[42.78175,13.91999],[42.75408,13.92072],[42.76759,13.94863],[42.74659,13.95653],[42.72153,13.96939],[42.71249,13.97744],[42.70069,13.98794],[42.69923,13.99226],[42.6919,14.01317],[42.70086,14.02827],[42.72104,14.04597],[42.74399,14.06013],[42.76026,14.06468]]],[[[42.636,15.44554],[42.61036,15.42939],[42.60719,15.42292],[42.6115,15.42129],[42.61199,15.41657],[42.60808,15.41039],[42.59897,15.40363],[42.58473,15.39663],[42.58155,15.39159],[42.59254,15.38947],[42.60564,15.39301],[42.6185,15.40009],[42.62818,15.39867],[42.6281,15.38646],[42.61622,15.34809],[42.61346,15.3347],[42.61549,15.32636],[42.61329,15.31855],[42.60841,15.31403],[42.60939,15.3122],[42.61525,15.31403],[42.61411,15.30805],[42.59392,15.27871],[42.58221,15.26821],[42.56837,15.26887],[42.55738,15.27757],[42.54575,15.29442],[42.54591,15.31696],[42.55616,15.34146],[42.55893,15.39297],[42.57097,15.4101],[42.58375,15.4228],[42.59343,15.43073],[42.5975,15.43915],[42.6019,15.44627],[42.62387,15.45734],[42.63103,15.45425],[42.636,15.44554]]]]}},{"type":"Feature","properties":{"name":"Ta'izz","country_iso_a3":"YEM","type":"Muhafazah"},"geometry":{"type":"MultiPolygon","coordinates":[[[[43.53075,12.69548],[43.52556,12.69037],[43.51173,12.68317],[43.49073,12.68061],[43.46803,12.6839],[43.46225,12.69335],[43.48121,12.77342],[43.48194,12.81208],[43.47315,12.84662],[43.45289,12.87861],[43.42262,12.9062],[43.41871,12.91645],[43.41554,12.9289],[43.40846,12.93696],[43.40138,12.94343],[43.3982,12.95116],[43.39682,12.97085],[43.39291,12.98969],[43.3864,13.00727],[43.37713,13.02318],[43.34181,13.06265],[43.33619,13.07441],[43.33473,13.08218],[43.32252,13.10578],[43.313,13.13125],[43.30885,13.13931],[43.24887,13.21271],[43.22633,13.28388],[43.23959,13.31513],[43.2483,13.34894],[43.25424,13.52656],[43.27467,13.5576],[43.27849,13.5666],[43.28028,13.57412],[43.28452,13.58039],[43.29518,13.5856],[43.28199,13.61713],[43.28429,13.66487],[43.28452,13.66498],[43.28767,13.66643],[43.35811,13.72185],[43.38715,13.73358],[43.42219,13.74309],[43.44441,13.74681],[43.45542,13.75981],[43.46534,13.77895],[43.54104,13.87548],[43.57691,13.89073],[43.60099,13.89838],[43.68429,13.91199],[43.71178,13.86125],[43.77168,13.85923],[43.79384,13.87014],[43.81927,13.86264],[43.83978,13.87161],[43.8865,13.87773],[43.89317,13.86326],[43.89224,13.84523],[43.90076,13.83512],[43.94608,13.85321],[43.96097,13.8468],[43.96081,13.82784],[43.956,13.81585],[43.96345,13.80182],[44.07967,13.76929],[44.13057,13.76425],[44.15496,13.74939],[44.22989,13.72588],[44.26586,13.725],[44.28575,13.71803],[44.30048,13.71048],[44.32125,13.70301],[44.34533,13.70542],[44.38378,13.73167],[44.39717,13.74658],[44.40693,13.76105],[44.42507,13.73376],[44.42817,13.7111],[44.42445,13.68668],[44.41546,13.66366],[44.41422,13.64322],[44.42926,13.62733],[44.45024,13.62217],[44.47272,13.62651],[44.49427,13.62488],[44.52532,13.6101],[44.5309,13.59728],[44.53323,13.57705],[44.52501,13.55589],[44.51137,13.54974],[44.50285,13.53778],[44.4921,13.52638],[44.47535,13.51974],[44.46155,13.51959],[44.449,13.51566],[44.44512,13.50884],[44.44667,13.50248],[44.4459,13.49484],[44.43877,13.48853],[44.41065,13.4846],[44.39267,13.47734],[44.37665,13.46727],[44.36905,13.45104],[44.37727,13.43585],[44.39469,13.42854],[44.40848,13.42107],[44.43753,13.41748],[44.44931,13.40419],[44.45163,13.38675],[44.44171,13.37577],[44.37717,13.37427],[44.35464,13.36802],[44.3489,13.35495],[44.3565,13.33642],[44.35805,13.31926],[44.35603,13.29402],[44.36099,13.2741],[44.35681,13.25126],[44.33371,13.23384],[44.28172,13.22142],[44.23904,13.22012],[44.19651,13.22744],[44.1841,13.20516],[44.17155,13.19602],[44.1624,13.18752],[44.1624,13.17108],[44.1638,13.15687],[44.15212,13.14959],[44.13057,13.1462],[44.11739,13.14271],[44.10716,13.1232],[44.10328,13.10248],[44.09222,13.09225],[44.0685,13.09574],[44.02923,13.11858],[44.02179,13.11222],[44.02629,13.06316],[44.0207,13.04732],[44.00225,13.04833],[43.97538,13.0606],[43.956,13.07716],[43.91937,13.0978],[43.90092,13.10377],[43.882,13.11339],[43.86211,13.11576],[43.84242,13.11036],[43.82299,13.10199],[43.80764,13.0869],[43.79012,13.07962],[43.77493,13.07129],[43.73953,13.06721],[43.72589,13.05683],[43.72589,13.04081],[43.73395,13.02864],[43.7386,13.01202],[43.73504,12.99027],[43.70057,12.93815],[43.64347,12.88257],[43.56667,12.76721],[43.53075,12.69548]]],[[[43.42897,12.67377],[43.44223,12.66722],[43.44386,12.6638],[43.44899,12.65298],[43.44744,12.63866],[43.4358,12.63215],[43.42888,12.63467],[43.41717,12.64672],[43.41139,12.65265],[43.39975,12.64985],[43.39275,12.65306],[43.39015,12.66633],[43.39763,12.6708],[43.40642,12.67304],[43.42897,12.67377]]]]}},{"type":"Feature","properties":{"name":"Lahij","country_iso_a3":"YEM","type":"Muhafazah"},"geometry":{"type":"Polygon","coordinates":[[[44.41469,12.67329],[44.41179,12.68403],[44.40699,12.68525],[44.38347,12.67634],[44.35434,12.66934],[44.28956,12.63898],[44.26734,12.63679],[44.24732,12.63898],[44.22853,12.63866],[44.19117,12.61913],[44.16912,12.61815],[44.14943,12.62499],[44.13803,12.63898],[44.15162,12.63789],[44.17612,12.63325],[44.18995,12.63215],[44.19842,12.63907],[44.19801,12.65225],[44.19117,12.66047],[44.1797,12.65265],[44.15349,12.65595],[44.12135,12.64338],[44.06235,12.61172],[44.0337,12.60431],[44.0171,12.6037],[43.99171,12.61213],[43.96144,12.5996],[43.9463,12.59805],[43.92709,12.61017],[43.90943,12.64533],[43.89479,12.65265],[43.8742,12.65546],[43.85776,12.66254],[43.8296,12.68061],[43.81349,12.68838],[43.79469,12.69489],[43.77377,12.69941],[43.75147,12.70112],[43.7378,12.70576],[43.69947,12.72785],[43.67945,12.73526],[43.64405,12.73456],[43.63461,12.73867],[43.61939,12.74958],[43.60963,12.75434],[43.6006,12.75629],[43.58774,12.75137],[43.53075,12.69548],[43.56667,12.76721],[43.64347,12.88257],[43.70057,12.93815],[43.73504,12.99027],[43.7386,13.01202],[43.73395,13.02864],[43.72589,13.04081],[43.72589,13.05683],[43.73953,13.06721],[43.77493,13.07129],[43.79012,13.07962],[43.80764,13.0869],[43.82299,13.10199],[43.84242,13.11036],[43.86211,13.11576],[43.882,13.11339],[43.90092,13.10377],[43.91937,13.0978],[43.956,13.07716],[43.97538,13.0606],[44.00225,13.04833],[44.0207,13.04732],[44.02629,13.06316],[44.02179,13.11222],[44.02923,13.11858],[44.0685,13.09574],[44.09222,13.09225],[44.10328,13.10248],[44.10716,13.1232],[44.11739,13.14271],[44.13057,13.1462],[44.15212,13.14959],[44.1638,13.15687],[44.1624,13.17108],[44.1624,13.18752],[44.17155,13.19602],[44.1841,13.20516],[44.19651,13.22744],[44.23904,13.22012],[44.28172,13.22142],[44.33371,13.23384],[44.35681,13.25126],[44.36099,13.2741],[44.35603,13.29402],[44.35805,13.31926],[44.3565,13.33642],[44.3489,13.35495],[44.35464,13.36802],[44.37717,13.37427],[44.44171,13.37577],[44.45163,13.38675],[44.44931,13.40419],[44.43753,13.41748],[44.40848,13.42107],[44.39469,13.42854],[44.37727,13.43585],[44.36905,13.45104],[44.37665,13.46727],[44.39267,13.47734],[44.41065,13.4846],[44.43877,13.48853],[44.4459,13.49484],[44.44667,13.50248],[44.44512,13.50884],[44.449,13.51566],[44.46155,13.51959],[44.47535,13.51974],[44.4921,13.52638],[44.50285,13.53778],[44.51137,13.54974],[44.52501,13.55589],[44.53323,13.57705],[44.57328,13.563],[44.58661,13.54664],[44.62806,13.5168],[44.65488,13.52191],[44.69043,13.54522],[44.75854,13.57357],[44.7758,13.59225],[44.79099,13.60261],[44.83099,13.58752],[44.85306,13.5909],[44.85926,13.61082],[44.85538,13.63509],[44.85755,13.70805],[44.88158,13.71322],[44.91357,13.71604],[44.99656,13.74839],[45.04095,13.77753],[45.08302,13.79668],[45.11872,13.83022],[45.18048,13.96437],[45.23929,13.9639],[45.25541,13.96062],[45.28693,13.97724],[45.3091,13.99648],[45.36093,14.02868],[45.38357,14.03181],[45.39912,14.0232],[45.41168,13.97269],[45.40501,13.89659],[45.36837,13.88662],[45.36109,13.87109],[45.35721,13.83921],[45.36047,13.81885],[45.35752,13.80386],[45.34388,13.79549],[45.32832,13.78789],[45.29189,13.7795],[45.27934,13.76769],[45.27184,13.75164],[45.2753,13.73567],[45.2751,13.71929],[45.27293,13.70487],[45.25386,13.69012],[45.21551,13.667],[45.21582,13.65413],[45.2306,13.64738],[45.28088,13.64415],[45.2984,13.63744],[45.30367,13.62816],[45.29406,13.61421],[45.23835,13.55349],[45.21102,13.51223],[45.20761,13.47205],[45.21148,13.44355],[45.22595,13.42797],[45.24022,13.41887],[45.25231,13.40748],[45.25355,13.39538],[45.24502,13.37373],[45.19738,13.3404],[45.13128,13.16297],[45.09946,12.93618],[45.09376,12.92626],[45.09319,12.92471],[45.00901,12.91841],[44.82593,12.87066],[44.61891,12.83568],[44.5278,12.80364],[44.48419,12.77764],[44.4153,12.67398],[44.41469,12.67329]]]}},{"type":"Feature","properties":{"name":"'Adan","country_iso_a3":"YEM","type":"Muhafazah"},"geometry":{"type":"Polygon","coordinates":[[[45.09319,12.92471],[45.0866,12.90729],[45.084,12.88947],[45.08229,12.88662],[45.05877,12.82714],[45.05665,12.81713],[45.06202,12.77656],[45.0586,12.76203],[45.03932,12.75629],[45.01775,12.75983],[44.99464,12.76919],[44.97934,12.78229],[44.98097,12.79731],[44.99741,12.80345],[45.01775,12.80174],[45.03517,12.80366],[45.04249,12.82087],[45.03858,12.82123],[45.02329,12.84105],[45.02198,12.84512],[45.02003,12.84894],[45.0215,12.85346],[45.0215,12.85716],[45.01515,12.85871],[45.00929,12.85668],[45.00847,12.85224],[45.00929,12.84756],[45.00831,12.84512],[45.00123,12.83348],[44.99806,12.83145],[44.99301,12.83246],[44.98365,12.83714],[44.97755,12.8382],[44.95509,12.83706],[44.94459,12.83397],[44.94011,12.82803],[44.93312,12.81265],[44.91676,12.79946],[44.89829,12.79621],[44.88478,12.81094],[44.87159,12.80353],[44.86744,12.79483],[44.87184,12.76996],[44.8794,12.77643],[44.88543,12.77798],[44.91627,12.77489],[44.92091,12.77139],[44.91896,12.75943],[44.91277,12.7482],[44.89829,12.73676],[44.88136,12.72988],[44.86834,12.73212],[44.83961,12.74348],[44.83082,12.74885],[44.82488,12.75703],[44.82496,12.76162],[44.8226,12.76508],[44.80974,12.76996],[44.78517,12.77228],[44.7649,12.76557],[44.72779,12.74201],[44.72674,12.74653],[44.72291,12.75235],[44.72096,12.75629],[44.7256,12.76651],[44.71925,12.7801],[44.70688,12.79365],[44.69361,12.80345],[44.65235,12.81794],[44.61061,12.81957],[44.57276,12.81159],[44.54282,12.79731],[44.48992,12.75348],[44.43295,12.69359],[44.43084,12.68818],[44.42351,12.67597],[44.41554,12.67015],[44.41469,12.67329],[44.4153,12.67398],[44.48419,12.77764],[44.5278,12.80364],[44.61891,12.83568],[44.82593,12.87066],[45.00901,12.91841],[45.09319,12.92471]]]}},{"type":"Feature","properties":{"name":"Abyan","country_iso_a3":"YEM","type":"Muhafazah"},"geometry":{"type":"Polygon","coordinates":[[[47.32448,13.63279],[47.16684,13.5856],[46.91188,13.53327],[46.82423,13.4763],[46.70069,13.43032],[46.68385,13.42723],[46.66391,13.43008],[46.62827,13.44082],[46.60475,13.4409],[46.58351,13.43513],[46.54021,13.4169],[46.52003,13.41303],[46.313,13.41356],[46.26954,13.42048],[46.24781,13.43211],[46.23455,13.43635],[46.22869,13.43106],[46.22413,13.4287],[46.19752,13.42048],[46.11134,13.40681],[45.9406,13.39936],[45.92319,13.39545],[45.89047,13.38231],[45.87574,13.37946],[45.83375,13.38133],[45.81544,13.37954],[45.80348,13.37202],[45.66578,13.34199],[45.63209,13.3249],[45.5359,13.22866],[45.50847,13.20869],[45.49415,13.19465],[45.48146,13.15754],[45.43409,13.09833],[45.40301,13.07014],[45.36525,13.0537],[45.19353,13.01268],[45.15406,12.99213],[45.11818,12.96174],[45.1045,12.94489],[45.09946,12.93618],[45.13128,13.16297],[45.19738,13.3404],[45.24502,13.37373],[45.25355,13.39538],[45.25231,13.40748],[45.24022,13.41887],[45.22595,13.42797],[45.21148,13.44355],[45.20761,13.47205],[45.21102,13.51223],[45.23835,13.55349],[45.29406,13.61421],[45.30367,13.62816],[45.2984,13.63744],[45.28088,13.64415],[45.2306,13.64738],[45.21582,13.65413],[45.21551,13.667],[45.25386,13.69012],[45.27293,13.70487],[45.2751,13.71929],[45.2753,13.73567],[45.27184,13.75164],[45.27934,13.76769],[45.29189,13.7795],[45.32832,13.78789],[45.34388,13.79549],[45.35752,13.80386],[45.36047,13.81885],[45.35721,13.83921],[45.36109,13.87109],[45.36837,13.88662],[45.40501,13.89659],[45.41679,13.89127],[45.55549,13.87843],[45.58624,13.8682],[45.6019,13.84019],[45.63699,13.8228],[45.65745,13.8228],[45.67781,13.82479],[45.70572,13.83102],[45.73662,13.84414],[45.77755,13.86791],[45.94906,13.99116],[45.98596,14.02364],[46.00224,14.07085],[46.02895,14.10831],[46.04384,14.19169],[46.1351,14.19955],[46.18011,14.21394],[46.21762,14.23153],[46.24791,14.25363],[46.33555,14.28489],[46.36738,14.2999],[46.39658,14.30243],[46.41983,14.27458],[46.43441,14.23792],[46.46872,14.17585],[46.47508,14.14916],[46.49228,14.12511],[46.60835,14.14366],[46.68845,14.17714],[46.7887,14.2042],[46.86503,14.21386],[46.93608,14.20477],[47.00093,14.18211],[47.06842,14.16751],[47.20609,14.16079],[47.2419,14.13756],[47.2556,14.09578],[47.25436,14.05126],[47.25854,14.01824],[47.24614,13.99351],[47.23322,13.97509],[47.22283,13.95196],[47.27497,13.84492],[47.30572,13.74815],[47.30758,13.70924],[47.31502,13.68402],[47.32417,13.63341],[47.32448,13.63279]]]}},{"type":"Feature","properties":{"name":"Shabwah","country_iso_a3":"YEM","type":"Muhafazah"},"geometry":{"type":"Polygon","coordinates":[[[48.68149,14.04361],[48.56479,14.04605],[48.54811,14.04051],[48.50343,14.00263],[48.49383,13.99897],[48.48553,13.99848],[48.47755,13.99673],[48.46876,13.98896],[48.45045,14.01065],[48.41537,14.01683],[48.33823,14.0163],[48.34116,14.0124],[48.34571,14.00263],[48.30421,14.0019],[48.18873,13.96914],[48.19361,13.99339],[48.17758,14.00918],[48.15528,14.02021],[48.14039,14.03059],[48.13356,14.02314],[48.10597,14.03604],[48.01686,14.05728],[48.00164,14.04914],[47.94858,14.03339],[47.93116,14.03059],[47.91733,14.02139],[47.86655,13.96166],[47.82097,13.93846],[47.66725,13.88719],[47.64568,13.8732],[47.56422,13.78913],[47.43605,13.67805],[47.3982,13.65485],[47.32448,13.63279],[47.32417,13.63341],[47.31502,13.68402],[47.30758,13.70924],[47.30572,13.74815],[47.27497,13.84492],[47.22283,13.95196],[47.23322,13.97509],[47.24614,13.99351],[47.25854,14.01824],[47.25436,14.05126],[47.2556,14.09578],[47.2419,14.13756],[47.20609,14.16079],[47.06842,14.16751],[47.00093,14.18211],[46.93608,14.20477],[46.86503,14.21386],[46.7887,14.2042],[46.68845,14.17714],[46.60835,14.14366],[46.49228,14.12511],[46.47508,14.14916],[46.46872,14.17585],[46.43441,14.23792],[46.41983,14.27458],[46.39658,14.30243],[46.36738,14.2999],[46.33555,14.28489],[46.24791,14.25363],[46.21762,14.23153],[46.18011,14.21394],[46.1351,14.19955],[46.04384,14.19169],[46.02213,14.212],[46.01841,14.22921],[46.00911,14.24649],[46.00787,14.25926],[46.00415,14.27109],[46.00487,14.28254],[46.00162,14.29368],[45.98239,14.30701],[45.94002,14.32409],[45.89428,14.33235],[45.8592,14.35527],[45.83703,14.38941],[45.7807,14.5365],[45.7577,14.55495],[45.71471,14.56412],[45.69579,14.57958],[45.69703,14.60373],[45.70448,14.62366],[45.71657,14.64451],[45.72184,14.66324],[45.70417,14.67781],[45.68091,14.68897],[45.56857,14.68928],[45.54681,14.70135],[45.53457,14.71559],[45.52542,14.74336],[45.52774,14.79783],[45.53255,14.82755],[45.53953,14.85424],[45.53922,14.86695],[45.5372,14.87537],[45.55007,14.88372],[45.55487,14.89656],[45.55394,14.914],[45.56206,14.95377],[45.58516,14.99593],[45.59337,15.01738],[45.6143,15.06019],[45.75321,15.17342],[46.33973,15.57073],[47.74921,15.67517],[47.8398,15.64501],[47.85174,15.61266],[47.72156,15.41542],[47.67764,15.36452],[47.65469,15.31622],[47.64431,15.28095],[47.644,15.25674],[47.61511,15.17137],[47.61216,15.14378],[47.61263,15.11885],[47.63702,15.09389],[47.67903,15.03962],[47.67934,15.01022],[47.6643,14.9812],[47.50183,14.84679],[47.47843,14.81894],[47.48602,14.79388],[47.59728,14.71802],[47.66834,14.65048],[47.74451,14.60079],[47.82182,14.57431],[47.9247,14.55963],[47.99886,14.55759],[48.02366,14.54896],[48.0493,14.53519],[48.06852,14.51296],[48.08857,14.47335],[48.09896,14.44243],[48.12314,14.41083],[48.13746,14.38367],[48.18691,14.3353],[48.26034,14.30034],[48.32659,14.2943],[48.40385,14.29585],[48.48875,14.27474],[48.58042,14.23309],[48.60234,14.2082],[48.61722,14.18676],[48.62606,14.1672],[48.62838,14.14978],[48.63427,14.13361],[48.66192,14.08501],[48.66951,14.06529],[48.67215,14.05199],[48.67246,14.04387],[48.68149,14.04361]]]}},{"type":"Feature","properties":{"name":"Bushehr","country_iso_a3":"IRN","type":"Ostan"},"geometry":{"type":"MultiPolygon","coordinates":[[[[52.6788,27.32237],[52.60133,27.35293],[52.58074,27.37226],[52.57911,27.39277],[52.58855,27.4055],[52.60524,27.41205],[52.62615,27.41389],[52.64487,27.41332],[52.66651,27.41535],[52.67897,27.42528],[52.6701,27.44863],[52.65414,27.46088],[52.61354,27.47468],[52.5984,27.48583],[52.59051,27.49775],[52.57447,27.53058],[52.56764,27.54072],[52.49252,27.60944],[52.45965,27.63264],[52.42311,27.64663],[52.24488,27.68138],[52.20721,27.69823],[52.0892,27.7954],[52.05258,27.81737],[52.01124,27.83271],[51.96372,27.83845],[51.8943,27.83088],[51.87843,27.83535],[51.85963,27.84589],[51.82386,27.8436],[51.78529,27.83545],[51.7228,27.82512],[51.68344,27.83058],[51.59693,27.84667],[51.58513,27.84931],[51.58009,27.85578],[51.57887,27.8653],[51.57553,27.87279],[51.57032,27.87763],[51.53914,27.88163],[51.49642,27.89304],[51.4751,27.91348],[51.45208,27.94751],[51.42816,27.96115],[51.42041,27.9332],[51.39988,27.93171],[51.38027,27.99142],[51.36061,28.01638],[51.34522,28.05267],[51.30753,28.10713],[51.29037,28.12152],[51.26976,28.14045],[51.26482,28.16055],[51.28688,28.2143],[51.28533,28.24091],[51.26482,28.27045],[51.22999,28.29841],[51.21762,28.31143],[51.18238,28.35977],[51.14943,28.39053],[51.14186,28.40078],[51.08074,28.53392],[51.07252,28.56525],[51.07154,28.69269],[51.05885,28.73591],[51.03639,28.77253],[51.01092,28.79914],[50.97869,28.81664],[50.93653,28.82534],[50.89601,28.82734],[50.87615,28.83202],[50.86769,28.84268],[50.86004,28.86245],[50.813,28.9147],[50.80486,28.93358],[50.79884,28.96113],[50.80258,28.98583],[50.82325,28.99665],[50.84278,28.99067],[50.86248,28.97614],[50.87892,28.95799],[50.88868,28.94139],[50.89926,28.94945],[50.89796,28.95673],[50.8934,28.96503],[50.89487,28.97614],[50.90203,28.98338],[50.92221,28.99921],[50.92897,29.00967],[50.93238,29.03148],[50.92994,29.05463],[50.92018,29.06904],[50.9017,29.06489],[50.89332,29.0939],[50.88657,29.10407],[50.87436,29.11327],[50.86834,29.11205],[50.85914,29.10781],[50.85084,29.10545],[50.84718,29.10993],[50.84596,29.12686],[50.84401,29.1352],[50.84034,29.14061],[50.81642,29.14419],[50.73829,29.14008],[50.72022,29.13719],[50.6937,29.12344],[50.66586,29.12641],[50.64381,29.14346],[50.63494,29.17133],[50.63307,29.1955],[50.63575,29.20771],[50.64479,29.21979],[50.65187,29.23334],[50.65838,29.24995],[50.66749,29.25727],[50.68263,29.24307],[50.68702,29.28388],[50.68946,29.29084],[50.67986,29.29365],[50.67359,29.29963],[50.66147,29.31879],[50.66863,29.34333],[50.66822,29.38227],[50.6631,29.42194],[50.65528,29.44912],[50.6421,29.46979],[50.62273,29.49307],[50.60743,29.4995],[50.60694,29.46963],[50.60108,29.48066],[50.57276,29.51801],[50.52003,29.55598],[50.5114,29.56892],[50.50457,29.58609],[50.48878,29.60537],[50.45607,29.6341],[50.39698,29.65473],[50.38787,29.66511],[50.3816,29.685],[50.36704,29.70409],[50.34002,29.73029],[50.31332,29.76398],[50.26791,29.83637],[50.24383,29.86685],[50.22511,29.88117],[50.18385,29.90314],[50.14487,29.93806],[50.14137,29.94257],[50.13844,29.95466],[50.13754,29.97297],[50.13396,29.98355],[50.14967,29.98518],[50.15333,29.99103],[50.14747,29.99824],[50.13396,30.00406],[50.14479,30.03791],[50.12184,30.09455],[50.1277,30.12067],[50.11362,30.13032],[50.09791,30.14851],[50.08473,30.16889],[50.07936,30.18525],[50.07342,30.19575],[50.05885,30.20458],[50.05058,30.20736],[50.11491,30.23503],[50.21784,30.24999],[50.27552,30.22575],[50.42982,30.2188],[50.54671,30.1824],[50.58413,30.15899],[50.60149,30.14483],[50.60149,30.09349],[50.62826,30.02122],[50.67859,29.97776],[50.73957,29.86991],[50.79662,29.85094],[51.01759,29.83655],[51.15484,29.79803],[51.22181,29.73317],[51.27556,29.62579],[51.34615,29.52853],[51.41054,29.46952],[51.49032,29.44378],[51.57879,29.37278],[52.02766,28.63241],[52.05091,28.54234],[52.19736,28.1773],[52.22237,28.14089],[52.26671,28.12542],[52.29999,28.10787],[52.37534,28.03012],[52.51094,27.76138],[52.64292,27.61718],[52.77097,27.50995],[52.97086,27.38202],[52.92765,27.35975],[52.91411,27.35551],[52.8675,27.35724],[52.818,27.36848],[52.80156,27.36918],[52.73645,27.36319],[52.7255,27.36381],[52.70513,27.35606],[52.70079,27.35634],[52.69501,27.35042],[52.6788,27.32237]]],[[[50.30582,29.27127],[50.32384,29.26418],[50.33465,29.25866],[50.33011,29.24137],[50.33302,29.22403],[50.32643,29.20893],[50.31653,29.20757],[50.30663,29.21545],[50.29675,29.23747],[50.29047,29.25714],[50.28327,29.26894],[50.295,29.27522],[50.30582,29.27127]]]]}},{"type":"Feature","properties":{"name":"Hormozgan","country_iso_a3":"IRN","type":"Ostan"},"geometry":{"type":"MultiPolygon","coordinates":[[[[59.25107,25.43073],[59.19532,25.42292],[59.13836,25.39851],[59.1172,25.39419],[59.10874,25.3957],[59.10133,25.40225],[59.09409,25.4064],[59.08546,25.40461],[59.07618,25.4007],[59.0669,25.39851],[59.04396,25.3996],[59.02418,25.40322],[59.00733,25.40974],[58.99431,25.41962],[58.94809,25.48652],[58.92351,25.51337],[58.88445,25.52949],[58.84962,25.52879],[58.84034,25.5329],[58.83416,25.54238],[58.83058,25.55231],[58.82521,25.56037],[58.81373,25.56362],[58.72804,25.56362],[58.5464,25.59365],[58.48414,25.58466],[58.43051,25.58796],[58.41179,25.59602],[58.41896,25.61201],[58.38966,25.6103],[58.3576,25.60456],[58.34409,25.59813],[58.32106,25.5808],[58.30592,25.5773],[58.299,25.57982],[58.29558,25.58389],[58.2907,25.58373],[58.27898,25.57388],[58.27101,25.56867],[58.26075,25.56574],[58.25196,25.56684],[58.2483,25.57388],[58.24244,25.57144],[58.20729,25.5493],[58.17042,25.54409],[58.13787,25.54979],[58.10621,25.5589],[58.07309,25.56362],[58.04624,25.57494],[58.02418,25.60187],[57.99431,25.65917],[57.96323,25.69318],[57.9253,25.70132],[57.88404,25.69164],[57.84352,25.67284],[57.80942,25.64777],[57.78745,25.63544],[57.77174,25.63556],[57.77589,25.67967],[57.7798,25.69115],[57.78248,25.69611],[57.78305,25.69977],[57.78151,25.70759],[57.77125,25.73045],[57.75563,25.74274],[57.73471,25.74771],[57.70973,25.74852],[57.68718,25.7464],[57.63185,25.73493],[57.61964,25.73701],[57.59881,25.7464],[57.58717,25.74852],[57.57569,25.7475],[57.55584,25.74282],[57.54558,25.74177],[57.52068,25.74356],[57.45249,25.76289],[57.45997,25.76903],[57.32618,25.777],[57.31153,25.78412],[57.30437,25.79975],[57.29868,25.8487],[57.27443,25.8994],[57.26197,25.93989],[57.25359,25.95897],[57.24366,25.96703],[57.24204,25.97089],[57.21974,25.99502],[57.21534,25.99584],[57.20265,25.99388],[57.19858,25.99502],[57.19679,25.99917],[57.1941,26.01097],[57.18051,26.04686],[57.17652,26.06354],[57.16676,26.08299],[57.16456,26.09492],[57.17091,26.11563],[57.202,26.14623],[57.2129,26.16625],[57.19923,26.19819],[57.13307,26.26374],[57.13844,26.29043],[57.13103,26.29662],[57.12526,26.34186],[57.11818,26.36433],[57.10711,26.38227],[57.0879,26.39899],[57.08318,26.40648],[57.08033,26.41535],[57.07667,26.43822],[57.07635,26.44746],[57.09343,26.57221],[57.09002,26.6188],[57.02491,26.85098],[57.01124,26.86888],[56.97731,26.89533],[56.96518,26.91112],[56.96648,26.92723],[56.93572,26.94554],[56.92555,26.95515],[56.94011,26.95429],[56.95102,26.95816],[56.96111,26.96385],[56.97332,26.96882],[56.96485,26.97565],[56.96355,26.98505],[56.96705,26.99482],[56.97332,27.003],[56.94256,26.99112],[56.93238,26.98933],[56.92311,26.9914],[56.91725,26.99608],[56.9131,27.0008],[56.90821,27.003],[56.90309,27.00642],[56.8978,27.01301],[56.89088,27.01703],[56.87135,27.00845],[56.86549,27.01187],[56.86297,27.02009],[56.86346,27.03026],[56.8506,27.02765],[56.84376,27.0329],[56.84409,27.04023],[56.85353,27.04393],[56.85841,27.04743],[56.87599,27.0644],[56.88461,27.07062],[56.88461,27.07807],[56.85532,27.08169],[56.83139,27.09614],[56.8152,27.11701],[56.80885,27.13955],[56.79721,27.12934],[56.78443,27.12531],[56.75733,27.12523],[56.74236,27.12958],[56.73308,27.13923],[56.7256,27.14883],[56.71607,27.15314],[56.61232,27.15424],[56.58969,27.16063],[56.58286,27.15314],[56.5586,27.16519],[56.52857,27.17072],[56.46616,27.17365],[56.43653,27.17886],[56.38412,27.1975],[56.35304,27.20161],[56.29119,27.19847],[56.25961,27.19123],[56.23658,27.17707],[56.21518,27.16787],[56.15016,27.16535],[56.12371,27.16063],[56.11557,27.15575],[56.09889,27.14102],[56.09555,27.13613],[56.09352,27.12556],[56.08814,27.12222],[56.08041,27.12075],[56.07179,27.11563],[56.05454,27.10261],[55.98732,27.06635],[55.96314,27.04804],[55.96274,27.04393],[55.95753,27.04076],[55.9393,27.02668],[55.9284,27.02342],[55.8838,27.01874],[55.84246,27.00975],[55.8318,27.00873],[55.79835,27.00975],[55.78728,27.00772],[55.77247,26.99828],[55.76368,26.99616],[55.72633,26.99616],[55.69483,27.00275],[55.68482,27.003],[55.66586,26.99543],[55.63233,26.96751],[55.61964,26.96137],[55.60857,26.95368],[55.55445,26.89989],[55.56886,26.90412],[55.57504,26.90717],[55.58237,26.91356],[55.58644,26.88906],[55.58041,26.85912],[55.56853,26.8308],[55.55445,26.81053],[55.52174,26.78457],[55.48406,26.76752],[55.44223,26.75991],[55.39731,26.76215],[55.31674,26.7871],[55.27084,26.79255],[55.23292,26.77643],[55.22104,26.75739],[55.21559,26.73949],[55.2059,26.72639],[55.18165,26.72118],[55.16212,26.71914],[55.11818,26.70759],[55.10328,26.70132],[55.03793,26.64891],[55.02687,26.64265],[54.93068,26.57266],[54.82203,26.51577],[54.8152,26.51044],[54.80893,26.50385],[54.80152,26.49824],[54.79103,26.49584],[54.77849,26.49787],[54.76157,26.50682],[54.74968,26.50894],[54.66383,26.50202],[54.61997,26.50825],[54.60287,26.53099],[54.59059,26.55996],[54.56129,26.58466],[54.51661,26.59251],[54.42563,26.58934],[54.38941,26.60513],[54.37143,26.63085],[54.35662,26.66283],[54.33774,26.69343],[54.30812,26.71499],[54.28688,26.71865],[54.26686,26.71577],[54.24757,26.71084],[54.1714,26.70612],[54.1504,26.7082],[54.08172,26.72614],[54.06446,26.72858],[54.05372,26.73164],[54.03452,26.74531],[54.02622,26.74909],[54.0158,26.74946],[53.99513,26.74559],[53.92937,26.718],[53.88347,26.71235],[53.84278,26.70209],[53.82081,26.70132],[53.77613,26.71426],[53.75172,26.71605],[53.72828,26.70474],[53.71607,26.70856],[53.66383,26.74909],[53.58863,26.78876],[53.49155,26.85431],[53.47722,26.8701],[53.47145,26.88963],[53.46909,26.9372],[53.46111,26.9571],[53.4441,26.97565],[53.41212,26.99356],[53.07203,27.09687],[53.05014,27.09858],[53.02866,27.10407],[53.01531,27.11734],[53.00473,27.13325],[52.9922,27.14696],[52.93263,27.16035],[52.92335,27.17023],[52.91472,27.19196],[52.8943,27.20307],[52.84832,27.21528],[52.76775,27.27973],[52.73219,27.30134],[52.6788,27.32237],[52.69501,27.35042],[52.70079,27.35634],[52.70513,27.35606],[52.7255,27.36381],[52.73645,27.36319],[52.80156,27.36918],[52.818,27.36848],[52.8675,27.35724],[52.91411,27.35551],[52.92765,27.35975],[52.97086,27.38202],[52.99824,27.33502],[53.07152,27.27306],[53.29456,27.25539],[53.33156,27.24221],[53.416,27.18067],[53.43274,27.17336],[53.45031,27.17111],[53.52297,27.18782],[53.54891,27.18775],[53.85483,27.13938],[53.95891,27.18873],[53.98609,27.22774],[53.97472,27.2571],[53.97483,27.2681],[53.99601,27.32291],[54.01069,27.40223],[54.05492,27.45037],[54.15838,27.4822],[54.42513,27.50396],[54.48591,27.49703],[54.53324,27.4822],[54.58285,27.50122],[54.67411,27.51987],[54.94076,27.48644],[55.06561,27.52034],[55.12349,27.56917],[55.15635,27.65787],[55.19521,27.71278],[55.33174,27.77784],[55.42342,27.79892],[55.48109,27.79587],[55.51116,27.80766],[55.53411,27.8221],[55.55127,27.84657],[55.55726,27.90321],[55.50951,27.97225],[55.42497,28.03348],[55.42021,28.06573],[55.42507,28.10748],[55.47551,28.27047],[55.48739,28.38282],[55.46083,28.44583],[55.16007,28.7021],[55.15491,28.74941],[55.18767,28.77031],[55.18736,28.79845],[55.12969,28.95074],[55.21465,28.94526],[55.39531,28.9003],[55.48481,28.83883],[55.52842,28.78873],[55.57225,28.76186],[55.6171,28.74223],[55.66826,28.75401],[55.86835,28.88705],[55.98597,28.93526],[56.01584,28.93862],[56.04416,28.90216],[56.06307,28.52139],[56.03837,28.44728],[56.05924,28.34954],[56.14865,28.24794],[56.23443,28.17826],[56.33726,28.12337],[56.45622,28.10722],[56.5202,28.11735],[56.63792,28.16867],[56.74613,28.25939],[56.77672,28.29246],[56.82271,28.32439],[56.87697,28.32261],[56.98136,28.27755],[56.98932,28.26148],[56.98033,28.15919],[57.01681,28.00377],[57.03128,27.98258],[57.05112,27.96775],[57.08192,27.96419],[57.13391,27.93917],[57.1737,27.89334],[57.19726,27.85365],[57.24274,27.80965],[57.2879,27.74862],[57.29462,27.69841],[57.26692,27.67779],[57.24925,27.647],[57.27199,27.6178],[57.29896,27.60576],[57.32604,27.55659],[57.35643,27.47827],[57.38774,27.10403],[57.408,27.04613],[57.71702,26.8997],[57.78472,26.8551],[57.815,26.84689],[57.86203,26.88634],[57.88611,26.91616],[57.92704,26.94099],[57.99287,26.93954],[58.06171,26.90257],[58.13653,26.84648],[58.19524,26.78576],[58.22387,26.73033],[58.21539,26.71119],[58.15266,26.7454],[58.13106,26.74635],[58.13002,26.7263],[58.15421,26.6623],[58.15555,26.63688],[58.14997,26.62013],[58.13178,26.60013],[58.11793,26.56923],[58.09468,26.374],[58.10036,26.34503],[58.10046,26.31622],[58.08868,26.26036],[58.06822,26.23788],[58.06987,26.21752],[58.20258,26.22589],[58.28464,26.21277],[58.33869,26.21726],[58.37332,26.23189],[58.40846,26.22452],[58.4468,26.209],[58.50923,26.20026],[58.52793,26.18954],[58.52649,26.17871],[58.51698,26.16032],[58.51935,26.14094],[58.52958,26.11874],[58.53238,26.08745],[58.54933,26.06068],[58.59056,26.05221],[58.64017,26.05071],[58.68306,26.05546],[58.71252,26.08342],[58.74177,26.08993],[58.78053,26.07626],[58.80781,26.07639],[58.82228,26.06559],[58.8631,26.01025],[58.85112,26.0043],[58.83303,25.97958],[58.82817,25.94756],[58.8322,25.92945],[58.84584,25.92423],[58.8815,25.90392],[59.07095,25.7529],[59.1033,25.70512],[59.10857,25.66898],[59.13058,25.64872],[59.16076,25.63823],[59.17709,25.62006],[59.18381,25.59952],[59.19756,25.58361],[59.21409,25.56875],[59.24944,25.51415],[59.25771,25.50434],[59.27621,25.49599],[59.27362,25.47989],[59.273,25.46485],[59.24675,25.45452],[59.25107,25.43073]]],[[[54.52638,26.30964],[54.53321,26.30679],[54.53891,26.30272],[54.54371,26.29735],[54.54737,26.29043],[54.52638,26.25194],[54.52101,26.25096],[54.50929,26.25422],[54.49757,26.25971],[54.4922,26.26557],[54.4909,26.27871],[54.48854,26.28872],[54.48813,26.29804],[54.4922,26.30964],[54.49838,26.31737],[54.50685,26.32123],[54.51645,26.3194],[54.52638,26.30964]]],[[[54.03688,26.48843],[53.96306,26.49217],[53.95541,26.49258],[53.92311,26.50654],[53.90284,26.5362],[53.91285,26.5502],[53.92758,26.56013],[53.94549,26.56509],[53.96485,26.56411],[53.9817,26.5589],[54.01881,26.55557],[54.03305,26.55048],[54.03492,26.54613],[54.03582,26.54401],[54.03582,26.54389],[54.03541,26.53486],[54.03557,26.53372],[54.03647,26.52676],[54.03663,26.52668],[54.04371,26.52318],[54.04794,26.51976],[54.05047,26.51777],[54.05136,26.51203],[54.05242,26.5058],[54.05014,26.49982],[54.04803,26.49384],[54.03688,26.48843]]],[[[53.31715,26.79999],[53.29908,26.79072],[53.2798,26.79068],[53.22283,26.79955],[53.20525,26.80622],[53.20314,26.80744],[53.18979,26.81517],[53.15846,26.83857],[53.14943,26.84789],[53.15333,26.8522],[53.16049,26.85371],[53.16847,26.85635],[53.17807,26.85688],[53.26246,26.83365],[53.33741,26.82868],[53.36069,26.8205],[53.37379,26.8098],[53.38201,26.80313],[53.36752,26.79963],[53.32911,26.80256],[53.31715,26.79999]]],[[[56.32228,26.83442],[56.32683,26.86107],[56.34116,26.87934],[56.36655,26.8898],[56.40414,26.89305],[56.40919,26.86225],[56.37916,26.83869],[56.34099,26.82762],[56.32228,26.83442]]],[[[56.21241,27.003],[56.23211,26.99876],[56.25766,26.98871],[56.27361,26.97777],[56.27947,26.97382],[56.28745,26.95515],[56.27133,26.94697],[56.25522,26.93879],[56.19353,26.92455],[56.1714,26.90681],[56.14869,26.86201],[56.13722,26.84467],[56.09588,26.80687],[56.08937,26.79352],[56.08082,26.78535],[56.04282,26.76813],[56.03419,26.75902],[56.02564,26.7541],[55.97641,26.71157],[55.94703,26.69627],[55.924,26.70502],[55.90219,26.72484],[55.87664,26.74291],[55.80982,26.71206],[55.79127,26.6979],[55.77272,26.68838],[55.75131,26.68854],[55.70582,26.69452],[55.68556,26.6905],[55.66424,26.68154],[55.61036,26.64692],[55.55445,26.62564],[55.52052,26.60326],[55.50294,26.59487],[55.44117,26.58861],[55.39731,26.57783],[55.37875,26.56729],[55.36956,26.56411],[55.36948,26.56411],[55.36655,26.5646],[55.36109,26.56562],[55.34978,26.569],[55.33961,26.569],[55.3353,26.56045],[55.33074,26.55362],[55.31983,26.54828],[55.30763,26.54491],[55.29843,26.54365],[55.29835,26.54365],[55.29412,26.54629],[55.29054,26.54849],[55.28541,26.55996],[55.28061,26.58466],[55.28736,26.60228],[55.28924,26.61359],[55.28403,26.6188],[55.27377,26.64981],[55.28468,26.66022],[55.33188,26.64533],[55.34278,26.64981],[55.34897,26.64822],[55.3519,26.64745],[55.35198,26.64749],[55.4048,26.67402],[55.53842,26.71296],[55.55787,26.71499],[55.57049,26.71939],[55.57407,26.72065],[55.57423,26.72069],[55.62045,26.74608],[55.64039,26.76056],[55.70582,26.78327],[55.71607,26.78392],[55.73683,26.78242],[55.74684,26.78327],[55.75416,26.78608],[55.7645,26.79389],[55.77418,26.79694],[55.77117,26.80366],[55.76678,26.81053],[55.78207,26.82616],[55.78565,26.84496],[55.78102,26.88963],[55.7732,26.90672],[55.75611,26.92133],[55.73943,26.93293],[55.7326,26.9409],[55.75799,26.95405],[55.89772,26.90681],[55.93556,26.91478],[56.04103,26.97565],[56.17319,27.00235],[56.21241,27.003]]],[[[56.47299,27.10602],[56.48357,27.09976],[56.49513,27.09577],[56.50465,27.08893],[56.50514,27.08698],[56.50847,27.07437],[56.50473,27.06167],[56.49529,27.05231],[56.48813,27.04914],[56.48178,27.04633],[56.46616,27.04393],[56.43458,27.05484],[56.43686,27.08002],[56.45541,27.10277],[56.47299,27.10602]]],[[[54.54656,25.9265],[54.55161,25.91771],[54.55323,25.89985],[54.54322,25.89305],[54.52963,25.89598],[54.51368,25.90265],[54.50978,25.91376],[54.5228,25.92011],[54.54656,25.9265]]],[[[55.8943,26.67943],[55.90203,26.66885],[55.90398,26.64525],[55.88966,26.62376],[55.86931,26.61302],[55.8532,26.62104],[55.85548,26.64411],[55.86834,26.66645],[55.88453,26.67768],[55.8943,26.67943]]],[[[53.63941,26.68879],[53.65122,26.68382],[53.65919,26.66885],[53.64625,26.65717],[53.62867,26.65933],[53.61118,26.6673],[53.60125,26.67959],[53.60922,26.6905],[53.62916,26.69111],[53.63941,26.68879]]],[[[55.04868,25.88577],[55.0499,25.87608],[55.05437,25.86461],[55.04648,25.85838],[55.03826,25.85773],[55.03264,25.85464],[55.02304,25.86286],[55.0184,25.8596],[55.01897,25.86575],[55.01564,25.87185],[55.01205,25.88162],[55.02646,25.88874],[55.04371,25.89289],[55.04868,25.88577]]]]}},{"type":"Feature","properties":{"name":"Tel Aviv","country_iso_a3":"ISR","type":"Mehoz"},"geometry":{"type":"Polygon","coordinates":[[[34.73389,32.01331],[34.74334,32.03986],[34.74399,32.04462],[34.74269,32.05561],[34.74334,32.06037],[34.75701,32.0666],[34.80443,32.19251],[34.81057,32.19266],[34.8317,32.19033],[34.83604,32.18938],[34.83961,32.18791],[34.84132,32.1869],[34.84721,32.18258],[34.85201,32.1799],[34.85434,32.17716],[34.85558,32.17602],[34.85713,32.17517],[34.86256,32.17282],[34.8638,32.17168],[34.86472,32.17018],[34.86534,32.16842],[34.8655,32.16641],[34.8655,32.15889],[34.86472,32.1547],[34.8638,32.15132],[34.86364,32.1491],[34.86395,32.1477],[34.86581,32.14336],[34.86612,32.14135],[34.86612,32.13925],[34.86348,32.13161],[34.85666,32.11967],[34.85449,32.11659],[34.84798,32.10962],[34.84705,32.1076],[34.84628,32.1031],[34.84566,32.09313],[34.84457,32.08964],[34.84364,32.08587],[34.84364,32.08406],[34.84395,32.08215],[34.84457,32.08044],[34.84535,32.079],[34.84628,32.07789],[34.84705,32.07719],[34.84798,32.07634],[34.85093,32.07455],[34.85248,32.07347],[34.85713,32.07068],[34.85992,32.0684],[34.861,32.06706],[34.86178,32.06551],[34.86256,32.06375],[34.86689,32.04006],[34.86751,32.0383],[34.86829,32.03691],[34.86984,32.03595],[34.87883,32.03231],[34.88038,32.03125],[34.88276,32.02923],[34.88338,32.02846],[34.884,32.02714],[34.88431,32.02538],[34.88214,32.02283],[34.87775,32.01993],[34.86023,32.01381],[34.85573,32.01311],[34.8531,32.01381],[34.84907,32.01668],[34.84519,32.02032],[34.84364,32.02125],[34.84178,32.0219],[34.83884,32.02179],[34.83511,32.02094],[34.82891,32.01794],[34.82623,32.01629],[34.82457,32.015],[34.82364,32.01389],[34.80855,32.00011],[34.8084,32.00006],[34.8084,31.99998],[34.80809,31.99991],[34.80731,31.9996],[34.8039,31.99851],[34.80049,31.99805],[34.78003,31.99844],[34.74788,32.002],[34.74292,32.00456],[34.73393,32.01327],[34.73389,32.01331]]]}},{"type":"Feature","properties":{"name":"Zaporizhzhia","country_iso_a3":"UKR","type":"Oblast'"},"geometry":{"type":"Polygon","coordinates":[[[35.82716,46.62336],[35.77117,46.60126],[35.74195,46.58442],[35.66131,46.51927],[35.62867,46.49848],[35.51051,46.45722],[35.49147,46.44798],[35.47576,46.4357],[35.44549,46.40599],[35.43002,46.39558],[35.39503,46.37861],[35.38014,46.36848],[35.28452,46.25922],[35.27954,46.25514],[35.26759,46.25976],[35.2648,46.2605],[35.29135,46.29336],[35.32781,46.31924],[35.34213,46.33576],[35.34604,46.36103],[35.32887,46.34805],[35.31153,46.33763],[35.29176,46.33641],[35.26759,46.35106],[35.25856,46.37336],[35.2645,46.39981],[35.28452,46.4374],[35.27711,46.44074],[35.26092,46.4416],[35.2505,46.44355],[35.24318,46.44697],[35.23032,46.45551],[35.21461,46.46263],[35.20167,46.4763],[35.19142,46.49429],[35.18832,46.51244],[35.16668,46.49315],[35.174,46.47333],[35.19207,46.45506],[35.202,46.4405],[35.20509,46.42756],[35.2107,46.42015],[35.21372,46.41181],[35.20948,46.39643],[35.20151,46.38532],[35.16782,46.36103],[35.10841,46.29776],[35.10506,46.29506],[35.06931,46.29991],[35.05965,46.30601],[35.05949,46.32394],[35.05903,46.32782],[35.05329,46.34792],[35.05267,46.35521],[35.05329,46.35908],[35.05469,46.36311],[35.06027,46.37484],[35.06104,46.37918],[35.06011,46.38446],[35.03531,46.45641],[35.02942,46.46481],[35.02337,46.46905],[34.99495,46.46946],[34.98968,46.47026],[34.9841,46.472],[34.9689,46.47913],[34.96017,46.48047],[34.94653,46.486],[34.92451,46.5],[34.92374,46.50031],[34.91816,46.50083],[34.87144,46.49765],[34.85827,46.49845],[34.85377,46.50016],[34.85346,46.50093],[34.85315,46.50233],[34.85284,46.51259],[34.85315,46.51618],[34.8547,46.51923],[34.8578,46.52161],[34.86121,46.52365],[34.86447,46.52667],[34.86648,46.5306],[34.86633,46.5368],[34.86292,46.53995],[34.85764,46.54173],[34.81062,46.54468],[34.77631,46.54375],[34.767,46.54499],[34.7622,46.54724],[34.7591,46.55018],[34.75724,46.55328],[34.75569,46.55682],[34.75367,46.56039],[34.72944,46.58692],[34.72525,46.59266],[34.72339,46.59571],[34.72215,46.59899],[34.72184,46.60263],[34.72277,46.60628],[34.72463,46.60982],[34.73006,46.61586],[34.73987,46.62323],[34.74267,46.6263],[34.74437,46.62987],[34.74499,46.63359],[34.74453,46.63721],[34.74267,46.64392],[34.73801,46.65359],[34.73269,46.66229],[34.72773,46.66648],[34.72169,46.66899],[34.69843,46.67121],[34.69145,46.67281],[34.68401,46.67529],[34.66706,46.68439],[34.66117,46.68563],[34.65714,46.68439],[34.65172,46.68333],[34.64551,46.68309],[34.63544,46.68578],[34.63125,46.68904],[34.62924,46.69281],[34.62738,46.70353],[34.62738,46.70702],[34.62799,46.71048],[34.63032,46.71343],[34.63327,46.71583],[34.63714,46.71792],[34.64148,46.71916],[34.64644,46.71989],[34.67373,46.72033],[34.67874,46.72108],[34.68339,46.72219],[34.6868,46.72428],[34.68975,46.72723],[34.69207,46.73061],[34.69797,46.73632],[34.70541,46.74027],[34.71409,46.74294],[34.71796,46.74477],[34.72106,46.74738],[34.72355,46.75064],[34.72913,46.76278],[34.73145,46.7664],[34.73393,46.76934],[34.74065,46.77544],[34.74267,46.77833],[34.74406,46.7818],[34.74484,46.80474],[34.74577,46.80846],[34.74747,46.81172],[34.75042,46.81404],[34.7546,46.81557],[34.76406,46.81735],[34.79047,46.82515],[34.79434,46.82693],[34.79667,46.83174],[34.79651,46.83954],[34.79181,46.85497],[34.7883,46.8622],[34.78437,46.86722],[34.7808,46.86941],[34.77646,46.87127],[34.77135,46.87251],[34.75987,46.87342],[34.75383,46.87466],[34.74639,46.87843],[34.74267,46.88184],[34.74003,46.88541],[34.72913,46.91745],[34.72556,46.92287],[34.72199,46.92654],[34.71781,46.92851],[34.66939,46.93944],[34.6604,46.94303],[34.64892,46.94969],[34.64458,46.95155],[34.63962,46.9531],[34.61492,46.95667],[34.60841,46.9592],[34.60515,46.96225],[34.60376,46.96556],[34.60097,46.98023],[34.59787,46.98979],[34.59508,46.99483],[34.59213,46.99824],[34.58903,47.0001],[34.58795,47.00049],[34.5743,47.00258],[34.56588,47.00527],[34.562,47.00819],[34.55968,47.0116],[34.55797,47.01853],[34.55658,47.0524],[34.54046,47.09971],[34.53689,47.10395],[34.53177,47.10643],[34.51813,47.10974],[34.50955,47.1133],[34.50614,47.11697],[34.50444,47.12079],[34.5032,47.12792],[34.49917,47.14141],[34.49793,47.14857],[34.49731,47.15601],[34.49746,47.15994],[34.50087,47.18074],[34.50087,47.1843],[34.50041,47.18782],[34.49219,47.21518],[34.49157,47.21872],[34.49172,47.22234],[34.49296,47.22603],[34.49513,47.22869],[34.50025,47.23179],[34.50258,47.23438],[34.50444,47.23867],[34.50459,47.24652],[34.50304,47.25079],[34.50072,47.2537],[34.48568,47.26125],[34.47917,47.26575],[34.47622,47.26952],[34.47514,47.27368],[34.47514,47.27748],[34.47638,47.28574],[34.47777,47.28998],[34.47963,47.29386],[34.48258,47.2967],[34.48614,47.29874],[34.50087,47.30311],[34.50413,47.30471],[34.50676,47.30709],[34.50831,47.31114],[34.50645,47.31391],[34.50351,47.316],[34.5001,47.31706],[34.49638,47.31758],[34.42858,47.3129],[34.41989,47.31024],[34.41617,47.30802],[34.414,47.30471],[34.41245,47.30078],[34.41152,47.29696],[34.40951,47.29344],[34.40377,47.28797],[34.40093,47.28481],[34.39659,47.2774],[34.39333,47.27489],[34.38915,47.2735],[34.38403,47.2729],[34.37861,47.27334],[34.37349,47.27443],[34.35938,47.2797],[34.35365,47.28078],[34.34047,47.2798],[34.33592,47.27825],[34.32445,47.27246],[34.31561,47.26991],[34.31034,47.26936],[34.30476,47.26978],[34.2984,47.2721],[34.29546,47.27507],[34.29406,47.27877],[34.29344,47.29381],[34.2922,47.29778],[34.29034,47.30207],[34.28052,47.31882],[34.2304,47.43147],[34.20373,47.47839],[34.31933,47.50519],[34.44594,47.52289],[34.58376,47.56717],[34.59461,47.56862],[34.64458,47.56361],[34.7299,47.53917],[34.83263,47.52591],[34.89826,47.52325],[34.90731,47.52436],[34.91056,47.52625],[34.91614,47.53087],[34.92188,47.53886],[34.92327,47.54193],[34.92963,47.5633],[34.9301,47.56717],[34.92979,47.57084],[34.92824,47.57405],[34.92576,47.57684],[34.91955,47.58154],[34.90002,47.59182],[34.89671,47.5942],[34.89532,47.59725],[34.89578,47.60087],[34.89733,47.60428],[34.91227,47.63017],[34.91862,47.64717],[34.92653,47.67678],[34.93413,47.69226],[34.94544,47.73889],[34.94529,47.74277],[34.94436,47.74621],[34.94079,47.74851],[34.93568,47.75006],[34.91165,47.7523],[34.89377,47.75574],[34.88881,47.75745],[34.88633,47.76013],[34.88664,47.76375],[34.89036,47.77657],[34.89051,47.7805],[34.88958,47.78388],[34.88819,47.78713],[34.8871,47.79044],[34.88664,47.79419],[34.88772,47.79894],[34.89113,47.80499],[34.90002,47.81636],[34.9026,47.82049],[34.90384,47.82421],[34.90415,47.82726],[34.90353,47.82892],[34.90188,47.83083],[34.89578,47.83478],[34.81837,47.86666],[34.81171,47.87139],[34.80953,47.87429],[34.80814,47.87754],[34.80783,47.88121],[34.80767,47.88498],[34.80876,47.88971],[34.81047,47.89485],[34.81434,47.90188],[34.81977,47.90674],[34.84648,47.92206],[34.85268,47.92446],[34.89656,47.93108],[34.90731,47.93439],[34.91211,47.93842],[34.91506,47.94286],[34.9163,47.94715],[34.91692,47.95116],[34.91661,47.95485],[34.91413,47.96141],[34.9118,47.96436],[34.90839,47.96668],[34.90353,47.96839],[34.86679,47.9749],[34.85703,47.97839],[34.8533,47.98071],[34.8502,47.98317],[34.84803,47.98606],[34.84628,47.98916],[34.84535,47.99268],[34.84493,47.99593],[34.84462,48.00151],[34.844,48.004],[34.84225,48.00655],[34.83868,48.00839],[34.83356,48.00896],[34.82271,48.00927],[34.81791,48.01009],[34.81496,48.01201],[34.81341,48.01552],[34.81372,48.01986],[34.8162,48.0258],[34.82116,48.02875],[34.8348,48.03469],[34.83837,48.03813],[34.84023,48.04131],[34.84225,48.06536],[34.84349,48.0705],[34.84493,48.07332],[34.84648,48.07727],[34.84628,48.07872],[34.84566,48.08079],[34.84038,48.08926],[34.83604,48.09887],[34.83527,48.10334],[34.83589,48.10859],[34.84054,48.1175],[34.84586,48.12084],[34.85144,48.12275],[34.85703,48.12285],[34.86261,48.12246],[34.86726,48.12156],[34.86989,48.11934],[34.87036,48.11634],[34.87005,48.11102],[34.8702,48.10427],[34.87129,48.09709],[34.87315,48.09027],[34.87454,48.08699],[34.87656,48.08404],[34.88059,48.082],[34.88602,48.08089],[34.94312,48.08099],[34.96906,48.09195],[35.00177,48.11066],[35.01743,48.11665],[35.02864,48.11944],[35.0381,48.11825],[35.04771,48.11825],[35.06502,48.11975],[35.07407,48.12275],[35.08084,48.12577],[35.1014,48.12872],[35.11815,48.12905],[35.12874,48.12807],[35.15618,48.1198],[35.16455,48.11913],[35.1737,48.12094],[35.19111,48.12373],[35.24511,48.13019],[35.25457,48.12967],[35.27473,48.1258],[35.34005,48.10399],[35.49709,48.08523],[35.51166,48.08001],[35.51476,48.07939],[35.52189,48.07939],[35.53078,48.08068],[35.5466,48.08453],[35.55636,48.08895],[35.5792,48.10461],[35.59533,48.11334],[35.60432,48.11634],[35.64607,48.12432],[35.67413,48.12698],[35.68592,48.1259],[35.69155,48.12445],[35.69604,48.12262],[35.69961,48.12027],[35.70287,48.11781],[35.71093,48.10985],[35.72364,48.09985],[35.72751,48.09763],[35.73232,48.09593],[35.78105,48.08942],[35.78617,48.08781],[35.79051,48.08575],[35.79392,48.08337],[35.80885,48.06683],[35.81645,48.06596],[35.82854,48.06707],[35.88285,48.08203],[35.94228,48.09182],[35.9536,48.09148],[35.95918,48.09071],[35.96399,48.08911],[35.96755,48.08678],[35.96993,48.08391],[35.97086,48.08053],[35.97034,48.07657],[35.96652,48.06358],[35.96569,48.05947],[35.9659,48.05575],[35.96683,48.05226],[35.9721,48.04301],[35.97256,48.0395],[35.97225,48.03177],[35.97458,48.02864],[35.97892,48.02637],[35.98977,48.02627],[35.99582,48.02707],[36.00016,48.02808],[36.03246,48.0427],[36.03974,48.04415],[36.04471,48.0433],[36.04672,48.04043],[36.04765,48.0372],[36.04672,48.0334],[36.04455,48.03004],[36.04176,48.02689],[36.02827,48.01686],[36.02533,48.01412],[36.02253,48.01105],[36.02099,48.00756],[36.0213,48.00423],[36.02409,48.00198],[36.0275,48.00074],[36.04114,47.99909],[36.04641,47.99785],[36.0506,47.9958],[36.05308,47.99304],[36.05478,47.98994],[36.05664,47.98317],[36.05928,47.96906],[36.05943,47.96534],[36.05788,47.95408],[36.05912,47.95113],[36.06315,47.94984],[36.06811,47.94899],[36.07245,47.94762],[36.07587,47.94576],[36.07824,47.94356],[36.07959,47.94162],[36.08238,47.94002],[36.08692,47.93842],[36.11467,47.93981],[36.117,47.93963],[36.11762,47.93868],[36.11762,47.93622],[36.11452,47.92948],[36.11359,47.92591],[36.11359,47.92245],[36.11483,47.91919],[36.11669,47.91609],[36.11778,47.91289],[36.11778,47.90943],[36.11638,47.90576],[36.1094,47.89496],[36.10134,47.87803],[36.0984,47.87336],[36.09282,47.86834],[36.08754,47.86721],[36.083,47.86778],[36.07571,47.87256],[36.07122,47.87465],[36.06377,47.87555],[36.06083,47.87377],[36.05959,47.87062],[36.05959,47.867],[36.06067,47.86359],[36.063,47.86085],[36.07214,47.85692],[36.07478,47.85424],[36.0754,47.85083],[36.07649,47.84757],[36.07866,47.84517],[36.08832,47.8423],[36.09266,47.84039],[36.09514,47.83773],[36.09824,47.83553],[36.10661,47.8347],[36.15224,47.83791],[36.16,47.83966],[36.16325,47.8423],[36.16883,47.8501],[36.17317,47.85465],[36.18108,47.86023],[36.18744,47.86235],[36.19348,47.86354],[36.1988,47.86341],[36.20345,47.86276],[36.20671,47.86064],[36.20842,47.85775],[36.2095,47.85444],[36.21198,47.84028],[36.21229,47.83672],[36.21307,47.8332],[36.21493,47.83031],[36.21927,47.82861],[36.22438,47.82762],[36.24702,47.82623],[36.25234,47.82496],[36.25668,47.82302],[36.26738,47.81615],[36.27497,47.81439],[36.28598,47.81331],[36.30789,47.81383],[36.31844,47.81517],[36.32526,47.81775],[36.33146,47.82571],[36.33642,47.83057],[36.34727,47.83649],[36.35471,47.83873],[36.36122,47.83987],[36.36655,47.83961],[36.37151,47.83873],[36.37569,47.83698],[36.3791,47.83465],[36.38453,47.82933],[36.38778,47.82711],[36.39197,47.82571],[36.57614,47.84421],[36.57692,47.80303],[36.58374,47.7914],[36.59418,47.78822],[36.60581,47.78649],[36.61697,47.78636],[36.64307,47.7898],[36.64958,47.78975],[36.65299,47.78783],[36.655,47.78499],[36.65671,47.77807],[36.65857,47.76367],[36.66136,47.75714],[36.68926,47.7159],[36.70311,47.69084],[36.70885,47.68505],[36.71521,47.68138],[36.74079,47.67709],[36.7473,47.67492],[36.74916,47.67218],[36.74838,47.66991],[36.74497,47.66805],[36.73645,47.66531],[36.72699,47.66345],[36.7228,47.66133],[36.72001,47.65776],[36.72125,47.64893],[36.72373,47.64407],[36.7273,47.6405],[36.73195,47.63885],[36.74947,47.63647],[36.75241,47.63389],[36.75324,47.63038],[36.7521,47.62629],[36.74885,47.6173],[36.74807,47.61203],[36.74885,47.60511],[36.7521,47.60169],[36.75696,47.60025],[36.76657,47.60151],[36.79789,47.61025],[36.80905,47.60557],[36.82585,47.59586],[36.86496,47.56635],[36.88186,47.55593],[36.89334,47.5509],[36.89721,47.55276],[36.90419,47.55736],[36.93075,47.57105],[36.93679,47.57149],[36.94424,47.57038],[36.98754,47.55252],[36.99545,47.54749],[37.02118,47.52421],[37.09989,47.47783],[37.10283,47.47529],[37.12237,47.45462],[37.12872,47.45119],[37.13415,47.45044],[37.13771,47.45227],[37.14066,47.45483],[37.14391,47.46124],[37.14733,47.46325],[37.15218,47.46387],[37.19435,47.45927],[37.21146,47.45948],[37.21921,47.45814],[37.22091,47.45527],[37.22029,47.45196],[37.21781,47.44842],[37.20179,47.42915],[37.19993,47.42558],[37.19931,47.42207],[37.19962,47.41326],[37.19869,47.40915],[37.18877,47.39545],[37.18458,47.38788],[37.18303,47.38372],[37.18226,47.37969],[37.18195,47.37577],[37.18334,47.36778],[37.18474,47.3629],[37.18551,47.35912],[37.18505,47.35561],[37.18241,47.35308],[37.17916,47.35083],[37.1711,47.3475],[37.16722,47.34631],[37.16365,47.3459],[37.16102,47.34755],[37.159,47.35008],[37.15714,47.35303],[37.15249,47.35866],[37.1497,47.3614],[37.14329,47.36639],[37.13988,47.36861],[37.13554,47.37055],[37.13074,47.37189],[37.12593,47.37256],[37.12283,47.37266],[37.11864,47.37235],[37.11446,47.37148],[37.10655,47.36809],[37.1033,47.36561],[37.1002,47.36274],[37.09586,47.3552],[37.09213,47.34677],[37.08996,47.34295],[37.08779,47.3399],[37.0789,47.33],[37.07673,47.32641],[37.07487,47.32274],[37.0741,47.31882],[37.07472,47.30791],[37.07425,47.30419],[37.07239,47.3006],[37.06945,47.29804],[37.06542,47.29618],[37.02893,47.28755],[37.00785,47.28693],[36.98909,47.28864],[36.97741,47.29112],[36.97323,47.29324],[36.97013,47.29567],[36.96656,47.29763],[36.96207,47.29859],[36.95199,47.29874],[36.94703,47.29954],[36.94331,47.30145],[36.93989,47.30355],[36.93648,47.30507],[36.93214,47.3051],[36.9278,47.30435],[36.91943,47.3013],[36.91566,47.29825],[36.91302,47.29386],[36.91395,47.28363],[36.9185,47.27515],[36.93354,47.2536],[36.93617,47.24815],[36.93803,47.24112],[36.94114,47.21596],[36.94036,47.21231],[36.93865,47.209],[36.93556,47.2066],[36.93168,47.20487],[36.92264,47.20275],[36.86993,47.19981],[36.86445,47.19903],[36.86011,47.19725],[36.85654,47.19371],[36.85701,47.19066],[36.85871,47.18766],[36.86445,47.18244],[36.88899,47.16606],[36.89768,47.16219],[36.94052,47.14963],[36.95881,47.14193],[36.96253,47.13971],[36.96749,47.13547],[36.98304,47.11743],[36.9908,47.10617],[37.00258,47.07653],[37.00646,47.06994],[37.01095,47.06563],[37.04588,47.04617],[37.04914,47.04478],[37.05255,47.04524],[37.05534,47.04783],[37.06077,47.0541],[37.06387,47.05656],[37.06712,47.05806],[37.07084,47.05754],[37.0741,47.05581],[37.091,47.0439],[37.10624,47.037],[37.11136,47.03393],[37.11849,47.02819],[37.12051,47.0239],[37.11973,47.02023],[37.11663,47.0177],[37.10562,47.01129],[37.09849,47.00574],[37.09384,47.0009],[37.09369,47.00003],[37.11446,46.97579],[37.1157,46.9699],[37.11446,46.96571],[37.09973,46.95775],[37.09555,46.9561],[37.0912,46.95502],[37.08635,46.95512],[37.08154,46.95623],[37.07208,46.95972],[37.06728,46.96101],[37.06185,46.96106],[37.05705,46.95949],[37.05116,46.95688],[37.04743,46.95388],[37.01886,46.93574],[37.0156,46.93316],[37.0125,46.93008],[37.00955,46.9268],[37.00785,46.92194],[37.00832,46.91827],[37.00955,46.91484],[37.03772,46.87673],[37.03776,46.87666],[37.02882,46.87556],[37.01775,46.87128],[36.98487,46.85248],[36.97381,46.84829],[36.93881,46.8395],[36.88624,46.80402],[36.85369,46.80048],[36.86248,46.77692],[36.84913,46.75446],[36.8296,46.73188],[36.81959,46.70767],[36.81227,46.68057],[36.79371,46.65363],[36.7693,46.6374],[36.74383,46.64216],[36.74383,46.6496],[36.75123,46.6496],[36.77166,46.64346],[36.79029,46.67129],[36.80226,46.70702],[36.8025,46.72476],[36.79428,46.72919],[36.75807,46.75886],[36.74285,46.76472],[36.71013,46.77277],[36.69606,46.77998],[36.67921,46.77302],[36.66163,46.77375],[36.63396,46.77998],[36.61704,46.77668],[36.60597,46.76944],[36.59783,46.76215],[36.59002,46.75886],[36.5241,46.75886],[36.48268,46.74168],[36.43247,46.73485],[36.40016,46.72394],[36.3711,46.70844],[36.30348,46.65925],[36.28435,46.63642],[36.27833,46.60741],[36.27084,46.60741],[36.27117,46.62222],[36.26759,46.62556],[36.25782,46.62173],[36.24789,46.61904],[36.24676,46.61274],[36.24578,46.61083],[36.24073,46.61994],[36.24334,46.62409],[36.24448,46.63052],[36.24431,46.63532],[36.23292,46.64069],[36.23064,46.64216],[36.22185,46.65404],[36.21664,46.65868],[36.20997,46.66266],[36.18946,46.66901],[36.17172,46.66861],[36.13445,46.66266],[36.06202,46.67011],[35.92555,46.65229],[35.90162,46.65274],[35.82716,46.62336]]]}},{"type":"Feature","properties":{"name":"Mykolaiv","country_iso_a3":"UKR","type":"Oblast'"},"geometry":{"type":"MultiPolygon","coordinates":[[[[31.81629,46.48301],[31.77166,46.49584],[31.74855,46.49994],[31.72641,46.50088],[31.7107,46.49543],[31.69597,46.48412],[31.69028,46.47858],[31.68653,46.47089],[31.68507,46.46137],[31.68653,46.42988],[31.66359,46.47211],[31.65577,46.47834],[31.64145,46.48208],[31.52443,46.56419],[31.50831,46.58759],[31.54029,46.57005],[31.56666,46.55036],[31.58155,46.54523],[31.75636,46.55427],[31.79021,46.54727],[31.84791,46.52302],[31.85174,46.52196],[31.81659,46.48316],[31.81649,46.48311],[31.81629,46.48301]]],[[[31.96491,46.7221],[31.96144,46.72761],[31.95021,46.74177],[31.94028,46.75886],[31.93621,46.80036],[31.95476,46.83145],[31.9817,46.86034],[32.00245,46.89545],[32.0075,46.91523],[32.00668,46.93049],[31.99594,46.94038],[31.94606,46.94668],[31.93588,46.95482],[31.93922,46.96796],[31.96892,46.99868],[31.9769,47.00935],[31.97096,47.01634],[31.9437,47.01895],[31.90016,47.01362],[31.88111,47.01504],[31.86525,47.02635],[31.89324,47.06843],[31.89682,47.09272],[31.88234,47.1186],[31.86818,47.12735],[31.85572,47.12962],[31.84555,47.13402],[31.8379,47.14924],[31.83473,47.1682],[31.83448,47.17894],[31.83058,47.18675],[31.81674,47.19709],[31.75766,47.21621],[31.74855,47.22846],[31.75327,47.24852],[31.75213,47.25585],[31.74171,47.2591],[31.7378,47.25536],[31.72381,47.23749],[31.72055,47.23188],[31.72682,47.22053],[31.74244,47.20917],[31.76173,47.20051],[31.80616,47.19269],[31.81625,47.18085],[31.8156,47.12263],[31.82,47.11709],[31.84474,47.11298],[31.85157,47.10834],[31.85662,47.10366],[31.86183,47.10151],[31.87428,47.09382],[31.86647,47.07705],[31.85231,47.06053],[31.84474,47.0537],[31.83741,47.00845],[31.86899,46.99885],[31.91407,47.00308],[31.94711,46.99909],[31.91774,46.97626],[31.90431,46.96052],[31.89943,46.94383],[31.90772,46.92646],[31.92563,46.92292],[31.9476,46.92817],[31.96827,46.937],[31.97283,46.91535],[31.96339,46.88569],[31.94508,46.85952],[31.92319,46.84829],[31.89861,46.84292],[31.87745,46.82827],[31.86476,46.80659],[31.86525,46.77998],[31.90284,46.74518],[31.90675,46.73823],[31.89943,46.694],[31.90235,46.67699],[31.90748,46.66918],[31.90854,46.66275],[31.89943,46.6496],[31.8921,46.64362],[31.87013,46.63312],[31.85841,46.62914],[31.81471,46.62303],[31.7715,46.62751],[31.67408,46.65322],[31.61443,46.6496],[31.59718,46.64321],[31.58872,46.62958],[31.57887,46.61734],[31.55681,46.61489],[31.54851,46.61807],[31.53452,46.62718],[31.5254,46.62914],[31.50416,46.628],[31.49301,46.62873],[31.48504,46.63227],[31.48097,46.64643],[31.4909,46.6634],[31.54615,46.72761],[31.56023,46.74909],[31.55983,46.75886],[31.57211,46.7663],[31.61818,46.81346],[31.60613,46.8264],[31.59783,46.82046],[31.59132,46.80598],[31.584,46.79365],[31.57667,46.78937],[31.55738,46.78364],[31.54933,46.77998],[31.54347,46.77485],[31.52418,46.75406],[31.52296,46.75031],[31.51954,46.74746],[31.50831,46.74518],[31.49562,46.75072],[31.48162,46.75886],[31.46681,46.7836],[31.45606,46.79605],[31.44068,46.80048],[31.45191,46.77546],[31.45379,46.76911],[31.45582,46.75458],[31.46193,46.74868],[31.47071,46.74535],[31.50213,46.72773],[31.50587,46.7204],[31.4983,46.70767],[31.47967,46.6872],[31.4782,46.68378],[31.46266,46.67524],[31.42856,46.63764],[31.41619,46.62914],[31.39666,46.62604],[31.35222,46.60932],[31.33766,46.60126],[31.3239,46.60615],[31.29575,46.60887],[31.28297,46.61489],[31.27556,46.60741],[31.25668,46.6164],[31.18686,46.62914],[31.18795,46.62909],[31.17244,46.68439],[31.17244,46.70322],[31.17508,46.70779],[31.17803,46.71498],[31.17771,46.72092],[31.17617,46.72717],[31.17182,46.73663],[31.16485,46.81647],[31.16221,46.82538],[31.14387,46.8358],[31.13022,46.84122],[31.12681,46.84345],[31.12356,46.84665],[31.11255,46.86443],[31.10526,46.87254],[31.0986,46.8774],[31.05638,46.8974],[31.05002,46.90442],[31.04119,46.91701],[31.03297,46.9385],[31.03152,46.94781],[31.03369,46.95235],[31.03731,46.95313],[31.08806,46.95564],[31.09271,46.95698],[31.09627,46.95899],[31.10635,46.97129],[31.10929,46.97395],[31.11379,46.97543],[31.11891,46.97569],[31.12402,46.97532],[31.12836,46.97388],[31.13518,46.96992],[31.13953,46.96923],[31.14407,46.96977],[31.15353,46.97186],[31.21451,46.9745],[31.21962,46.97532],[31.22396,46.97742],[31.22939,46.98638],[31.23218,46.98948],[31.2359,46.99155],[31.25704,46.99801],[31.26024,47.0001],[31.26184,47.00178],[31.26773,47.01411],[31.27316,47.02927],[31.27766,47.03584],[31.28293,47.04085],[31.2882,47.0439],[31.29455,47.05046],[31.29626,47.05646],[31.29673,47.06317],[31.29626,47.07353],[31.3068,47.09046],[31.30603,47.09754],[31.30417,47.10183],[31.30014,47.10446],[31.29533,47.10547],[31.27859,47.10632],[31.27285,47.10741],[31.26913,47.11035],[31.26603,47.11506],[31.26293,47.12302],[31.25993,47.12769],[31.25714,47.13144],[31.25456,47.13402],[31.24396,47.14061],[31.23993,47.1442],[31.23575,47.1489],[31.23125,47.15821],[31.22784,47.16291],[31.2235,47.16583],[31.21342,47.16583],[31.20391,47.16366],[31.1912,47.15919],[31.18655,47.15805],[31.1819,47.15772],[31.17741,47.15852],[31.17384,47.16017],[31.16314,47.1666],[31.15399,47.16999],[31.12991,47.17428],[31.12464,47.17598],[31.1203,47.17857],[31.11643,47.18234],[31.11519,47.1864],[31.11488,47.19061],[31.11596,47.19895],[31.11813,47.20694],[31.12092,47.20973],[31.12464,47.21156],[31.12929,47.21283],[31.13922,47.21456],[31.1481,47.21727],[31.15182,47.21924],[31.16562,47.22916],[31.16857,47.23365],[31.17198,47.24058],[31.16965,47.24942],[31.16764,47.25505],[31.15989,47.26662],[31.15803,47.26864],[31.15617,47.27014],[31.15368,47.27166],[31.14981,47.27228],[31.07018,47.26037],[31.03964,47.25094],[31.03431,47.25122],[31.02904,47.25334],[31.01804,47.26564],[31.01354,47.26843],[31.01059,47.26911],[30.97023,47.27014],[30.9153,47.2767],[30.90228,47.29112],[30.88554,47.31654],[30.83867,47.41266],[30.83386,47.42951],[30.84611,47.45132],[30.85262,47.46718],[30.8551,47.47602],[30.85634,47.48666],[30.85603,47.4939],[30.8568,47.49976],[30.85758,47.50038],[30.86523,47.50315],[30.86848,47.50542],[30.87034,47.50881],[30.87158,47.51253],[30.8722,47.52232],[30.86817,47.54346],[30.86337,47.54919],[30.84905,47.56103],[30.8382,47.57462],[30.83153,47.58053],[30.82487,47.5835],[30.7904,47.58441],[30.78575,47.58655],[30.78559,47.58934],[30.78761,47.59239],[30.78978,47.59802],[30.79087,47.60614],[30.78807,47.6235],[30.78466,47.63048],[30.77986,47.63373],[30.72384,47.625],[30.71981,47.62314],[30.71718,47.62001],[30.71547,47.61598],[30.71051,47.59906],[30.7057,47.59224],[30.7026,47.58968],[30.69914,47.58782],[30.6948,47.58795],[30.68999,47.58999],[30.68519,47.59343],[30.67945,47.60107],[30.67542,47.61916],[30.67123,47.62329],[30.66581,47.62565],[30.62979,47.62593],[30.62343,47.62686],[30.61692,47.62872],[30.60421,47.63559],[30.59832,47.63732],[30.59289,47.63751],[30.58824,47.63632],[30.57842,47.62903],[30.56323,47.62112],[30.55455,47.61833],[30.54974,47.61761],[30.54447,47.61844],[30.53982,47.62025],[30.53533,47.62376],[30.53129,47.62614],[30.52664,47.62764],[30.52163,47.62764],[30.4759,47.62211],[30.47135,47.62329],[30.46778,47.62546],[30.45802,47.6327],[30.45383,47.63492],[30.43027,47.64303],[30.42035,47.64836],[30.41657,47.65291],[30.41378,47.65699],[30.41037,47.66634],[30.40355,47.6789],[30.402,47.68329],[30.40153,47.68693],[30.40231,47.69104],[30.40402,47.69466],[30.41115,47.70437],[30.41347,47.7082],[30.41461,47.71295],[30.41378,47.71972],[30.41115,47.7236],[30.40789,47.72686],[30.39533,47.73352],[30.38185,47.74264],[30.37921,47.74727],[30.37843,47.75166],[30.38014,47.75533],[30.38309,47.75822],[30.39363,47.7651],[30.39642,47.76758],[30.39843,47.77026],[30.39936,47.77228],[30.39936,47.77675],[30.39456,47.79217],[30.38975,47.79657],[30.38433,47.79925],[30.35807,47.80633],[30.34738,47.81057],[30.33141,47.82111],[30.32738,47.82587],[30.32505,47.82964],[30.32335,47.83432],[30.32211,47.83718],[30.29787,47.94488],[30.29555,47.94958],[30.2926,47.9532],[30.27322,47.96823],[30.26299,47.97862],[30.25912,47.98149],[30.25555,47.98366],[30.25121,47.98557],[30.22651,47.99025],[30.22,47.99299],[30.2172,47.99598],[30.21597,47.99878],[30.21534,48.00797],[30.21597,48.01185],[30.2169,48.01552],[30.2248,48.0241],[30.22573,48.02756],[30.22604,48.03102],[30.22558,48.03456],[30.2262,48.04766],[30.22573,48.0534],[30.22232,48.05681],[30.20976,48.06208],[30.20899,48.06502],[30.21054,48.06782],[30.21767,48.07221],[30.2217,48.07407],[30.25601,48.0842],[30.27121,48.08296],[30.27524,48.08409],[30.28159,48.08926],[30.28532,48.0912],[30.29059,48.09184],[30.29632,48.09138],[30.30175,48.09014],[30.30702,48.08947],[30.31188,48.09024],[30.31529,48.09298],[30.31668,48.09707],[30.31637,48.10249],[30.31188,48.10549],[30.29865,48.11029],[30.29539,48.1135],[30.29431,48.11799],[30.29307,48.13572],[30.32231,48.13461],[30.33048,48.13629],[30.33492,48.14207],[30.34159,48.15985],[30.34753,48.16357],[30.50179,48.16357],[30.51026,48.16218],[30.5193,48.16207],[30.52726,48.16104],[30.57114,48.1504],[30.60995,48.14497],[30.61987,48.14505],[30.62622,48.14647],[30.62886,48.14905],[30.63072,48.15179],[30.6346,48.16001],[30.63682,48.16275],[30.64519,48.16662],[30.65837,48.17119],[30.70477,48.18158],[30.71609,48.18254],[30.74524,48.17892],[30.77567,48.1791],[30.789,48.17778],[30.79753,48.17572],[30.79908,48.17262],[30.80001,48.1691],[30.80218,48.16517],[30.80652,48.16181],[30.81696,48.15908],[30.82316,48.15949],[30.82719,48.16187],[30.83386,48.17458],[30.83649,48.17773],[30.84099,48.18114],[30.85029,48.18528],[30.85711,48.18626],[30.86316,48.18569],[30.86781,48.18398],[30.87158,48.18181],[30.87453,48.17918],[30.87639,48.17616],[30.87732,48.17256],[30.87778,48.16884],[30.88011,48.16476],[30.88507,48.16104],[30.89825,48.15773],[30.90615,48.15711],[30.91267,48.15763],[30.91685,48.15923],[30.92042,48.16145],[30.92341,48.16445],[30.92915,48.16833],[30.93752,48.17246],[30.96884,48.17926],[30.97612,48.18166],[30.97923,48.18435],[30.9816,48.18768],[30.98362,48.19137],[30.98625,48.2],[30.99385,48.20553],[31.00703,48.21119],[31.04181,48.21912],[31.06258,48.22098],[31.13488,48.2167],[31.15089,48.21308],[31.16857,48.21168],[31.17741,48.21013],[31.18345,48.20796],[31.18547,48.20507],[31.18655,48.20166],[31.18903,48.17507],[31.18981,48.17148],[31.19368,48.16817],[31.2004,48.16543],[31.22319,48.16094],[31.22815,48.1589],[31.22939,48.15722],[31.23001,48.15443],[31.22924,48.13861],[31.22955,48.13489],[31.2311,48.13164],[31.23327,48.12903],[31.23559,48.12688],[31.23761,48.12554],[31.24086,48.12389],[31.25032,48.12094],[31.34391,48.11179],[31.35135,48.11254],[31.36856,48.12037],[31.38427,48.12494],[31.38892,48.12378],[31.39186,48.1213],[31.39341,48.11799],[31.3962,48.11463],[31.40039,48.11153],[31.40829,48.10828],[31.4145,48.10771],[31.4193,48.10877],[31.42302,48.11091],[31.43129,48.11339],[31.44416,48.11595],[31.4994,48.11903],[31.50374,48.1181],[31.50731,48.11626],[31.50994,48.11365],[31.51149,48.11045],[31.51258,48.10303],[31.50979,48.08213],[31.50839,48.07794],[31.50653,48.07428],[31.50157,48.06893],[31.50002,48.06676],[31.49971,48.06389],[31.5008,48.06022],[31.50607,48.0564],[31.5118,48.05505],[31.51754,48.0549],[31.52219,48.05606],[31.52545,48.05846],[31.527,48.06208],[31.52777,48.06606],[31.52839,48.0782],[31.53025,48.08265],[31.53366,48.08678],[31.54209,48.09076],[31.54736,48.09027],[31.55139,48.08794],[31.55511,48.08407],[31.55991,48.08285],[31.56503,48.0827],[31.58053,48.08477],[31.58487,48.08621],[31.58813,48.08825],[31.58921,48.09148],[31.58844,48.10241],[31.58921,48.10621],[31.59128,48.10957],[31.59448,48.11195],[31.59981,48.11417],[31.61655,48.11874],[31.62275,48.11828],[31.62725,48.11665],[31.64027,48.10626],[31.64616,48.10399],[31.65598,48.10135],[31.66745,48.10272],[31.67582,48.10164],[31.6828,48.09962],[31.69195,48.09515],[31.69861,48.09376],[31.70487,48.09334],[31.74409,48.09825],[31.75246,48.09748],[31.75804,48.09541],[31.76026,48.09246],[31.76677,48.07593],[31.77065,48.06991],[31.7722,48.06663],[31.77298,48.06319],[31.77329,48.05929],[31.77251,48.05505],[31.77127,48.05089],[31.76926,48.04704],[31.76646,48.04415],[31.76285,48.0419],[31.75091,48.0364],[31.71122,48.02425],[31.70807,48.02244],[31.70807,48.01976],[31.70952,48.01686],[31.7227,48.00043],[31.72347,47.99981],[31.75541,47.96348],[31.76817,47.95258],[31.7798,47.94488],[31.78507,47.94421],[31.81018,47.94782],[31.81669,47.94697],[31.82124,47.94519],[31.82651,47.94002],[31.83054,47.93405],[31.83147,47.93051],[31.83194,47.92674],[31.83302,47.92333],[31.83473,47.92023],[31.8369,47.91739],[31.83969,47.9147],[31.86124,47.89728],[31.86341,47.89439],[31.86527,47.89129],[31.8662,47.88788],[31.86651,47.88416],[31.86604,47.88038],[31.86418,47.87687],[31.86186,47.87354],[31.8445,47.85638],[31.84201,47.85315],[31.84,47.84974],[31.83907,47.84597],[31.83985,47.84253],[31.84155,47.83941],[31.84946,47.83116],[31.85163,47.82835],[31.85271,47.82483],[31.85287,47.82106],[31.8524,47.81688],[31.85147,47.81253],[31.85132,47.8077],[31.8524,47.80308],[31.8569,47.79773],[31.86232,47.79584],[31.86806,47.79512],[31.95529,47.79584],[31.9601,47.79662],[31.96382,47.79838],[31.96552,47.80176],[31.96676,47.80556],[31.96831,47.80943],[31.97498,47.81189],[31.98588,47.81295],[32.02185,47.80985],[32.02991,47.80763],[32.04066,47.80054],[32.06391,47.79217],[32.06826,47.78985],[32.07167,47.78747],[32.07446,47.78484],[32.08314,47.77321],[32.08686,47.76716],[32.09166,47.7629],[32.09988,47.75843],[32.11931,47.75122],[32.13001,47.74874],[32.13869,47.74753],[32.14939,47.74866],[32.15843,47.75122],[32.16231,47.75311],[32.16913,47.75771],[32.18044,47.7691],[32.19331,47.78664],[32.21507,47.81072],[32.21817,47.81346],[32.22158,47.81584],[32.22561,47.8177],[32.23445,47.82044],[32.27062,47.82401],[32.28752,47.82246],[32.29868,47.81987],[32.3254,47.80855],[32.34291,47.79618],[32.34803,47.79548],[32.35253,47.79618],[32.36446,47.79972],[32.37454,47.80179],[32.3809,47.80127],[32.38668,47.80008],[32.39134,47.79827],[32.45681,47.78217],[32.46704,47.78109],[32.64005,47.79956],[32.64455,47.80065],[32.64719,47.80323],[32.64827,47.80646],[32.64951,47.8222],[32.64936,47.82605],[32.65029,47.83385],[32.65199,47.83734],[32.65556,47.83935],[32.67623,47.84189],[32.68026,47.84328],[32.68227,47.84587],[32.68196,47.84891],[32.67902,47.85129],[32.67545,47.85359],[32.67235,47.85605],[32.67065,47.8592],[32.67065,47.86307],[32.67204,47.87147],[32.67173,47.87532],[32.67049,47.87868],[32.66352,47.88718],[32.6616,47.89026],[32.66067,47.89356],[32.66088,47.897],[32.66274,47.90026],[32.66553,47.90292],[32.66941,47.90483],[32.67933,47.90653],[32.7063,47.9086],[32.7108,47.90974],[32.71442,47.91186],[32.71576,47.91522],[32.71628,47.91912],[32.71607,47.92671],[32.71473,47.92974],[32.71095,47.93129],[32.6939,47.93335],[32.6891,47.93483],[32.68568,47.93707],[32.68336,47.93994],[32.68196,47.94322],[32.68134,47.94679],[32.68165,47.95077],[32.68274,47.95485],[32.6846,47.95878],[32.68693,47.96224],[32.68972,47.96529],[32.69266,47.96795],[32.69607,47.9703],[32.70398,47.97418],[32.71669,47.97883],[32.75798,47.984],[32.77757,47.98932],[32.78315,47.9888],[32.78702,47.98712],[32.78981,47.98444],[32.79694,47.97593],[32.80098,47.97281],[32.80671,47.96966],[32.81787,47.96607],[32.82459,47.96565],[32.82935,47.96668],[32.83219,47.96953],[32.83436,47.97304],[32.83823,47.98084],[32.84056,47.98413],[32.84443,47.98622],[32.8756,47.99066],[32.87932,47.99195],[32.88278,47.99397],[32.88474,47.99658],[32.88557,47.99888],[32.88567,47.99997],[32.88557,48.00064],[32.88195,48.01058],[32.88061,48.01785],[32.88102,48.02172],[32.88195,48.02554],[32.88402,48.02896],[32.8882,48.03216],[32.8941,48.035],[32.90681,48.03753],[32.91797,48.0372],[32.94283,48.03402],[32.94934,48.03459],[32.97027,48.04425],[32.97569,48.04451],[32.97926,48.04275],[32.98112,48.03981],[32.98267,48.0365],[32.98422,48.02947],[32.98577,48.02627],[32.98779,48.02327],[32.99244,48.01774],[33.01109,48.00296],[33.01326,48.00074],[33.0145,47.99921],[33.01574,47.9965],[33.01605,47.99314],[33.01481,47.98095],[33.01574,47.97746],[33.01931,47.97444],[33.03528,47.96653],[33.04613,47.9602],[33.04535,47.95392],[33.03931,47.94431],[33.0314,47.92571],[33.03171,47.91974],[33.0345,47.91599],[33.03931,47.91454],[33.04504,47.91408],[33.05062,47.91418],[33.05579,47.91485],[33.0623,47.91367],[33.06912,47.91098],[33.07967,47.90152],[33.08277,47.89594],[33.0823,47.8917],[33.07936,47.88894],[33.0761,47.88648],[33.07315,47.88276],[33.07098,47.87744],[33.06959,47.85455],[33.06819,47.85021],[33.06618,47.84664],[33.06385,47.84315],[33.06215,47.83773],[33.06075,47.83088],[33.06029,47.77558],[33.06122,47.76876],[33.06416,47.76432],[33.06773,47.7621],[33.07191,47.76013],[33.07688,47.75595],[33.08215,47.75011],[33.08773,47.73719],[33.08695,47.73171],[33.08339,47.72877],[33.03977,47.72608],[33.0021,47.71895],[32.99605,47.71704],[32.98779,47.71332],[32.98376,47.71001],[32.98376,47.70688],[32.98484,47.70365],[32.99073,47.69461],[33.00675,47.67477],[33.01435,47.66262],[33.01652,47.65818],[33.01853,47.65254],[33.0207,47.6426],[33.02039,47.63642],[33.01838,47.63187],[33.01264,47.62619],[33.00039,47.61769],[32.99791,47.61513],[32.99492,47.61102],[32.99166,47.60325],[32.99213,47.5987],[32.99419,47.59544],[32.99771,47.59363],[33.0052,47.5917],[33.08928,47.58286],[33.08742,47.5742],[33.0868,47.56242],[33.08742,47.55488],[33.08804,47.55136],[33.08928,47.54798],[33.0916,47.54521],[33.09486,47.54273],[33.10974,47.53421],[33.11568,47.52971],[33.1177,47.52692],[33.11863,47.52372],[33.11816,47.51999],[33.11646,47.51658],[33.11227,47.50986],[33.11098,47.50609],[33.11119,47.5031],[33.11165,47.50113],[33.11181,47.5003],[33.11289,47.49819],[33.11801,47.48994],[33.12018,47.48733],[33.12313,47.48281],[33.12421,47.48046],[33.12499,47.47731],[33.1253,47.47377],[33.12499,47.46971],[33.12313,47.46131],[33.12049,47.45294],[33.12002,47.44894],[33.12033,47.44522],[33.12142,47.44173],[33.12313,47.4386],[33.1253,47.43576],[33.12886,47.42961],[33.12995,47.4262],[33.1301,47.42258],[33.12824,47.41902],[33.12406,47.41638],[33.11506,47.4145],[33.09594,47.41344],[33.09021,47.41403],[33.08509,47.41527],[33.08184,47.41757],[33.07998,47.42067],[33.07455,47.43362],[33.06447,47.44886],[33.06184,47.45132],[33.05889,47.45219],[33.05528,47.45064],[33.05279,47.44506],[33.05052,47.4361],[33.04721,47.43129],[33.0314,47.417],[33.02784,47.41215],[33.02613,47.40873],[33.02675,47.40589],[33.02815,47.4029],[33.02985,47.39985],[33.03218,47.39695],[33.03497,47.39426],[33.03869,47.39204],[33.04272,47.39008],[33.04768,47.38858],[33.05362,47.3876],[33.08742,47.38739],[33.09222,47.38664],[33.09625,47.38491],[33.09936,47.38238],[33.12065,47.34941],[33.12204,47.3461],[33.1239,47.33933],[33.12468,47.33373],[33.12452,47.33096],[33.1239,47.32734],[33.12111,47.31928],[33.11119,47.30042],[33.10623,47.28828],[33.10468,47.2799],[33.10468,47.276],[33.10509,47.27241],[33.10623,47.26895],[33.10778,47.26575],[33.11351,47.25686],[33.13491,47.23097],[33.13661,47.22689],[33.13615,47.22433],[33.13057,47.21658],[33.12855,47.21221],[33.12731,47.20813],[33.12499,47.20456],[33.12065,47.20244],[33.11274,47.20255],[33.10716,47.20384],[33.09455,47.20906],[33.08959,47.20994],[33.08385,47.20893],[33.07796,47.20627],[33.04866,47.18262],[33.04318,47.18007],[33.0359,47.17795],[33.02132,47.17624],[32.99833,47.17666],[32.99543,47.17753],[32.98468,47.18702],[32.98081,47.18792],[32.97616,47.18678],[32.9712,47.18123],[32.96205,47.16443],[32.93632,47.12689],[32.91844,47.11035],[32.91642,47.10705],[32.91502,47.10353],[32.91533,47.10012],[32.91595,47.09702],[32.91735,47.09408],[32.91875,47.08906],[32.91983,47.08012],[32.92185,47.07733],[32.92526,47.07537],[32.93022,47.0748],[32.94562,47.07607],[32.95089,47.07594],[32.956,47.07498],[33.01357,47.05108],[33.05936,47.02147],[33.06137,47.01863],[33.06168,47.01532],[33.06013,47.01191],[33.05796,47.00866],[33.04938,46.99977],[33.03155,46.98566],[33.02876,46.98261],[33.02752,46.9806],[33.02628,46.9776],[33.02628,46.97429],[33.02613,46.97163],[33.02504,46.96992],[32.99833,46.98194],[32.99197,46.98582],[32.98593,46.99083],[32.98065,46.99615],[32.97631,46.99956],[32.97492,47.00023],[32.97135,46.99956],[32.96546,46.99739],[32.95492,46.99062],[32.9512,46.98566],[32.94949,46.98114],[32.94996,46.96974],[32.9512,46.96248],[32.95244,46.95915],[32.9543,46.95605],[32.95709,46.95357],[32.96081,46.95173],[32.96593,46.95099],[33.00132,46.95096],[33.00551,46.95021],[33.00908,46.94856],[33.01202,46.94613],[33.01435,46.94334],[33.01512,46.94006],[33.01016,46.93618],[32.99962,46.93254],[32.95895,46.92497],[32.94608,46.91962],[32.92433,46.90272],[32.91394,46.90003],[32.81648,46.88884],[32.81198,46.88698],[32.80702,46.88226],[32.80656,46.87869],[32.8078,46.8753],[32.81105,46.8729],[32.81477,46.87099],[32.8188,46.86965],[32.82645,46.86804],[32.84986,46.8666],[32.90386,46.87006],[32.91037,46.86856],[32.91952,46.8651],[32.92479,46.86458],[32.93487,46.8651],[32.9389,46.86443],[32.94076,46.86195],[32.93146,46.85696],[32.9141,46.85073],[32.83606,46.83177],[32.83234,46.82973],[32.82831,46.82794],[32.82206,46.82696],[32.77291,46.82846],[32.71953,46.82355],[32.70863,46.82376],[32.70568,46.82427],[32.70196,46.82577],[32.69855,46.82784],[32.69545,46.83037],[32.69266,46.83306],[32.68584,46.84159],[32.68305,46.84419],[32.67948,46.84649],[32.67514,46.84846],[32.65246,46.85347],[32.64765,46.85518],[32.64393,46.85727],[32.64068,46.85962],[32.63215,46.86081],[32.59287,46.85983],[32.58264,46.86158],[32.5752,46.86363],[32.57133,46.86587],[32.5628,46.86647],[32.55799,46.86802],[32.55458,46.87034],[32.55195,46.8728],[32.5474,46.87425],[32.54259,46.87422],[32.53841,46.87275],[32.5367,46.8683],[32.5367,46.85347],[32.53624,46.84869],[32.535,46.84422],[32.53314,46.8406],[32.53066,46.83784],[32.52786,46.83585],[32.52259,46.83314],[32.51484,46.83172],[32.47975,46.82986],[32.46968,46.83135],[32.46317,46.83368],[32.46146,46.83675],[32.45728,46.84262],[32.45402,46.845],[32.44952,46.84649],[32.44425,46.84712],[32.42281,46.84577],[32.38932,46.83952],[32.38183,46.83657],[32.37408,46.83066],[32.3702,46.82588],[32.35873,46.80143],[32.3564,46.79815],[32.35113,46.79575],[32.34322,46.79459],[32.31744,46.79621],[32.25925,46.81058],[32.24824,46.81089],[32.23491,46.80929],[32.22871,46.80758],[32.22266,46.80497],[32.2146,46.79931],[32.21057,46.79482],[32.20778,46.79037],[32.19796,46.77162],[32.1882,46.75862],[32.18541,46.7558],[32.17874,46.75097],[32.17161,46.74671],[32.15466,46.74167],[32.12303,46.73534],[32.11218,46.73524],[32.09947,46.73823],[32.08298,46.74524],[32.07771,46.74632],[32.07198,46.74679],[32.06515,46.74585],[32.0574,46.74392],[32.03983,46.73555],[32.03208,46.72971],[32.01673,46.72619],[31.96645,46.72702],[31.96501,46.72242],[31.96491,46.7221]]]]}},{"type":"Feature","properties":{"name":"Mount Lebanon","country_iso_a3":"LBN","type":"Muhafazah"},"geometry":{"type":"Polygon","coordinates":[[[35.54809,33.9062],[35.55747,33.90567],[35.57203,33.90998],[35.57838,33.91669],[35.5879,33.93659],[35.59311,33.94477],[35.59343,33.94892],[35.59197,33.95043],[35.5857,33.95091],[35.59425,33.9593],[35.60629,33.98322],[35.61354,33.99315],[35.62013,33.9951],[35.63673,33.99531],[35.64088,33.99942],[35.64039,34.00853],[35.63575,34.01325],[35.63038,34.0161],[35.62721,34.01984],[35.62696,34.04426],[35.64332,34.08808],[35.64772,34.11913],[35.64454,34.13085],[35.63038,34.15282],[35.62721,34.16694],[35.62721,34.20112],[35.63038,34.20844],[35.64454,34.21699],[35.64496,34.21766],[35.64618,34.21724],[35.67196,34.21512],[35.73837,34.18722],[35.7565,34.18505],[35.76007,34.18515],[35.77449,34.18784],[35.79919,34.18714],[35.80369,34.18758],[35.81082,34.18993],[35.82337,34.19241],[35.83671,34.19349],[35.8442,34.19306],[35.84963,34.19176],[35.86218,34.18373],[35.86993,34.18091],[35.88983,34.1705],[35.89557,34.16895],[35.90285,34.16923],[35.9089,34.1668],[35.91634,34.16502],[35.91898,34.16502],[35.92177,34.16546],[35.92409,34.16654],[35.92595,34.1683],[35.92843,34.17321],[35.93076,34.17621],[35.93339,34.17667],[35.93618,34.17642],[35.9413,34.17492],[35.94316,34.17406],[35.94874,34.16972],[35.98212,34.15618],[35.98895,34.1551],[35.99546,34.15476],[36.00166,34.15642],[36.01132,34.15223],[36.00321,34.13562],[36.00156,34.12851],[35.99794,34.06779],[35.95313,33.99312],[35.92518,33.9578],[35.91355,33.95338],[35.86839,33.9192],[35.85722,33.90775],[35.85645,33.90542],[35.85211,33.89723],[35.83516,33.87253],[35.77015,33.80807],[35.80322,33.78833],[35.80756,33.78094],[35.80105,33.77197],[35.79888,33.76996],[35.79624,33.7684],[35.79314,33.7674],[35.7902,33.76709],[35.78725,33.76703],[35.77588,33.76809],[35.76844,33.76807],[35.741,33.73474],[35.7565,33.72158],[35.75666,33.71944],[35.75588,33.71665],[35.74767,33.70905],[35.74255,33.70311],[35.73868,33.70058],[35.72891,33.69624],[35.67119,33.6234],[35.66452,33.61283],[35.653,33.58712],[35.6392,33.53906],[35.63656,33.53281],[35.63393,33.52834],[35.62649,33.51958],[35.6223,33.51586],[35.61357,33.50974],[35.61951,33.53806],[35.61858,33.54069],[35.61765,33.54441],[35.61388,33.54591],[35.60881,33.54736],[35.60566,33.54899],[35.60101,33.55268],[35.59962,33.55599],[35.59993,33.55883],[35.60194,33.56493],[35.60287,33.57335],[35.60334,33.59351],[35.60039,33.60128],[35.59636,33.60622],[35.59186,33.60692],[35.58861,33.60617],[35.58551,33.60467],[35.58303,33.60283],[35.5807,33.60188],[35.57822,33.60151],[35.57574,33.60146],[35.56675,33.59996],[35.56194,33.59981],[35.55993,33.59942],[35.55807,33.59857],[35.55683,33.59728],[35.5559,33.59578],[35.55466,33.59454],[35.5528,33.59384],[35.5484,33.59283],[35.54716,33.59167],[35.54515,33.58867],[35.54375,33.58756],[35.53895,33.58477],[35.53693,33.5842],[35.53244,33.58384],[35.52577,33.58245],[35.52034,33.5827],[35.51786,33.5825],[35.51414,33.58126],[35.51228,33.58043],[35.5006,33.57684],[35.49347,33.57547],[35.48355,33.57591],[35.48092,33.57557],[35.47936,33.57451],[35.47828,33.57304],[35.47673,33.5717],[35.47285,33.57201],[35.46185,33.57172],[35.4373,33.57552],[35.41157,33.58668],[35.38206,33.58774],[35.37705,33.58949],[35.40064,33.64313],[35.39438,33.64997],[35.40992,33.66128],[35.42164,33.70234],[35.43849,33.71137],[35.43784,33.72337],[35.47731,33.8039],[35.48129,33.82368],[35.483,33.86517],[35.50205,33.86181],[35.51538,33.86222],[35.51895,33.86408],[35.52267,33.86868],[35.52531,33.87116],[35.53631,33.87199],[35.54794,33.90165],[35.54809,33.9062]]]}},{"type":"Feature","properties":{"name":"Beirut","country_iso_a3":"LBN","type":"Muhafazah"},"geometry":{"type":"Polygon","coordinates":[[[35.483,33.86517],[35.48325,33.87246],[35.47999,33.88426],[35.47381,33.89387],[35.47047,33.90209],[35.47584,33.90998],[35.48658,33.91299],[35.49977,33.9112],[35.51124,33.90705],[35.51734,33.90253],[35.52418,33.90253],[35.53386,33.90705],[35.54809,33.9062],[35.54794,33.90165],[35.53631,33.87199],[35.52531,33.87116],[35.52267,33.86868],[35.51895,33.86408],[35.51538,33.86222],[35.50205,33.86181],[35.483,33.86517]]]}},{"type":"Feature","properties":{"name":"Mazandaran","country_iso_a3":"IRN","type":"Ostan"},"geometry":{"type":"Polygon","coordinates":[[[50.5763,36.98917],[50.62403,36.96328],[50.64479,36.95942],[50.6587,36.95433],[50.68824,36.9287],[50.70314,36.91844],[50.86085,36.84956],[51.00473,36.76765],[51.08863,36.73701],[51.36785,36.69257],[51.54607,36.65095],[51.73097,36.62425],[51.90903,36.58271],[52.09409,36.60252],[52.25856,36.65095],[52.43051,36.68513],[52.60865,36.71239],[52.77931,36.74038],[52.95053,36.78132],[53.11573,36.82225],[53.4476,36.8819],[53.49236,36.88788],[53.88592,36.90583],[53.95777,36.91962],[54.00652,36.95262],[54.00424,36.91462],[53.9476,36.89875],[53.87647,36.89167],[53.83074,36.88028],[53.81821,36.87523],[53.80388,36.87702],[53.77711,36.88373],[53.76205,36.88182],[53.73439,36.87324],[53.71901,36.87067],[53.66041,36.8769],[53.60914,36.8769],[53.61695,36.86567],[53.63103,36.86196],[53.66383,36.86323],[53.64389,36.85782],[53.636,36.857],[53.66017,36.8312],[53.70102,36.8166],[53.70538,36.81628],[53.70673,36.80318],[53.71789,36.7784],[53.75282,36.72995],[53.97358,36.62273],[54.07942,36.53477],[54.12014,36.48478],[54.01937,36.46046],[53.93617,36.42103],[53.86114,36.36031],[53.82569,36.30476],[53.80357,36.2443],[53.78765,36.16376],[53.74817,36.12694],[53.64575,36.05299],[53.6225,36.02555],[53.6102,36.00033],[53.58663,35.97351],[53.54322,35.9422],[53.47243,35.91132],[53.39594,35.89114],[53.34582,35.88554],[53.31357,35.90024],[53.26159,35.88582],[53.19813,35.85611],[53.15069,35.84541],[53.0494,35.83637],[53.03473,35.83109],[52.94481,35.88156],[52.9014,35.8897],[52.86926,35.87406],[52.81634,35.86825],[52.74027,35.88101],[52.62586,35.93135],[52.53595,35.94489],[52.46474,35.9692],[52.39849,35.9762],[52.30681,35.91739],[52.177,35.78996],[52.10817,35.76717],[52.02921,35.77092],[51.98011,35.78521],[51.95025,35.7998],[51.91448,35.83332],[51.8565,35.92155],[51.75439,36.01098],[51.61828,36.05405],[51.465,36.0647],[51.3569,36.11627],[51.29199,36.1781],[51.12797,36.20745],[51.08601,36.22226],[51.04798,36.25063],[51.02989,36.27179],[50.96622,36.2922],[50.80096,36.31866],[50.80003,36.33866],[50.78835,36.36579],[50.6264,36.46537],[50.57111,36.4895],[50.30456,36.67027],[50.35644,36.69737],[50.41773,36.78535],[50.43964,36.86824],[50.47974,36.90018],[50.53193,36.9225],[50.56604,36.96038],[50.57565,36.9858],[50.5763,36.98917]]]}},{"type":"Feature","properties":{"name":"Ma'rib","country_iso_a3":"YEM","type":"Muhafazah"},"geometry":{"type":"Polygon","coordinates":[[[45.44956,15.78007],[45.56423,15.79035],[45.69285,15.89774],[45.99448,16.00003],[46.83273,16.14969],[46.33973,15.57073],[45.75321,15.17342],[45.6143,15.06019],[45.59337,15.01738],[45.58516,14.99593],[45.56206,14.95377],[45.55394,14.914],[45.55487,14.89656],[45.55007,14.88372],[45.5372,14.87537],[45.53922,14.86695],[45.53953,14.85424],[45.53255,14.82755],[45.52774,14.79783],[45.52542,14.74336],[45.53457,14.71559],[45.54681,14.70135],[45.56857,14.68928],[45.5619,14.65639],[45.55379,14.64781],[45.53968,14.64102],[45.5296,14.64642],[45.52278,14.65717],[45.51736,14.66365],[45.50712,14.66569],[45.49839,14.65461],[45.49684,14.6404],[45.51503,14.60955],[45.51488,14.59174],[45.49875,14.58585],[45.47607,14.58888],[45.45049,14.59663],[45.41509,14.59379],[45.38233,14.57826],[45.35396,14.56826],[45.33452,14.5664],[45.32615,14.55622],[45.33049,14.54575],[45.32367,14.53542],[45.28213,14.54444],[45.26548,14.53885],[45.25386,14.52516],[45.21505,14.49772],[45.18311,14.49842],[45.16389,14.5094],[45.15144,14.52836],[45.14275,14.54958],[45.14027,14.57082],[45.13082,14.59384],[45.12942,14.6266],[45.12058,14.65983],[45.1117,14.71094],[45.11139,14.74112],[45.10663,14.76812],[45.08612,14.7899],[45.05883,14.80426],[45.00592,14.81426],[45.00684,14.87496],[45.01227,14.88989],[45.01212,14.90901],[45.0039,14.91609],[44.99894,14.92224],[45.00126,14.93054],[45.01196,14.94224],[45.01909,14.96216],[45.03227,14.98407],[45.04266,14.99609],[45.05496,15.00792],[45.06767,15.03583],[45.07247,15.05048],[45.08953,15.06262],[45.13919,15.08412],[45.15361,15.10789],[45.16492,15.13915],[45.1612,15.16264],[45.16461,15.18248],[45.1643,15.20398],[45.15407,15.23848],[45.13469,15.25757],[45.10457,15.27041],[45.05914,15.27483],[45.0239,15.2832],[44.99801,15.30609],[44.96509,15.34123],[44.92101,15.37413],[44.90318,15.37979],[44.88763,15.38307],[44.86763,15.37064],[44.85538,15.35302],[44.84298,15.32971],[44.80913,15.31927],[44.77611,15.33162],[44.74211,15.37141],[44.7081,15.39896],[44.68454,15.40637],[44.66201,15.40862],[44.64697,15.41472],[44.64247,15.43066],[44.66315,15.4495],[44.78185,15.52923],[44.80929,15.55763],[44.8282,15.59556],[44.80696,15.6292],[44.74211,15.70837],[44.72722,15.75439],[44.72738,15.82327],[44.70996,15.91624],[44.66098,16.01143],[44.9978,15.93554],[45.23898,15.81296],[45.44956,15.78007]]]}},{"type":"Feature","properties":{"name":"Sanaa","country_iso_a3":"YEM","type":"Muhafazah"},"geometry":{"type":"Polygon","coordinates":[[[44.50951,16.05701],[44.59483,16.0508],[44.66098,16.01143],[44.70996,15.91624],[44.72738,15.82327],[44.72722,15.75439],[44.74211,15.70837],[44.80696,15.6292],[44.8282,15.59556],[44.80929,15.55763],[44.78185,15.52923],[44.66315,15.4495],[44.64247,15.43066],[44.64697,15.41472],[44.66201,15.40862],[44.68454,15.40637],[44.7081,15.39896],[44.74211,15.37141],[44.77611,15.33162],[44.80913,15.31927],[44.84298,15.32971],[44.85538,15.35302],[44.86763,15.37064],[44.88763,15.38307],[44.90318,15.37979],[44.92101,15.37413],[44.96509,15.34123],[44.99801,15.30609],[45.0239,15.2832],[45.05914,15.27483],[45.10457,15.27041],[45.13469,15.25757],[45.15407,15.23848],[45.1643,15.20398],[45.16461,15.18248],[45.1612,15.16264],[45.16492,15.13915],[45.15361,15.10789],[45.13919,15.08412],[45.08953,15.06262],[45.07247,15.05048],[45.06767,15.03583],[45.05496,15.00792],[45.04266,14.99609],[45.03227,14.98407],[45.01909,14.96216],[45.01196,14.94224],[45.00126,14.93054],[44.99894,14.92224],[45.0039,14.91609],[45.01212,14.90901],[45.01227,14.88989],[45.00684,14.87496],[45.00592,14.81426],[44.9637,14.77974],[44.92163,14.76357],[44.86871,14.75623],[44.86763,14.79049],[44.85709,14.81292],[44.81735,14.86762],[44.79874,14.90395],[44.78448,14.97154],[44.75513,15.01203],[44.7325,15.02678],[44.70733,15.02906],[44.68268,15.02596],[44.65627,15.02937],[44.63503,15.02624],[44.61131,15.01154],[44.59436,14.98611],[44.57126,14.95904],[44.55111,14.94811],[44.5092,14.93289],[44.48279,14.93578],[44.45675,14.95237],[44.43877,14.97397],[44.41468,14.97702],[44.406,14.96232],[44.40042,14.94299],[44.38662,14.92428],[44.3565,14.91532],[44.28079,14.93098],[44.25717,14.9501],[44.23671,14.97102],[44.20984,14.98115],[44.19186,14.99327],[44.16426,14.99157],[44.13274,14.98555],[44.0975,14.97382],[44.04292,14.93508],[44.01962,14.92278],[44.00024,14.90994],[43.98081,14.89945],[43.9467,14.86873],[43.92464,14.86204],[43.88603,14.85883],[43.83792,14.86333],[43.82397,14.85036],[43.78195,14.86228],[43.77778,14.8727],[43.7257,14.87999],[43.71841,14.9102],[43.70196,14.9334],[43.71829,14.95663],[43.72403,14.96193],[43.72465,14.97314],[43.70026,14.99459],[43.68119,14.99188],[43.66197,14.99237],[43.63509,14.99818],[43.60347,15.01417],[43.57102,15.04425],[43.59675,15.08564],[43.60843,15.09544],[43.61866,15.11988],[43.61509,15.16946],[43.623,15.19546],[43.64005,15.21703],[43.70196,15.25349],[43.71318,15.26517],[43.77974,15.27819],[43.81772,15.31428],[43.8882,15.36405],[43.90882,15.37304],[43.94887,15.4002],[43.96577,15.41774],[43.9712,15.46025],[43.98422,15.50474],[43.99528,15.53001],[43.99388,15.54572],[44.00753,15.55944],[44.04582,15.55639],[44.07858,15.5605],[44.10638,15.57458],[44.16721,15.62062],[44.1779,15.66225],[44.17961,15.70827],[44.19806,15.73343],[44.22648,15.75454],[44.24803,15.78255],[44.25283,15.80141],[44.25392,15.82304],[44.24648,15.84224],[44.24043,15.87022],[44.23609,15.92515],[44.24384,15.95063],[44.25454,15.97381],[44.31257,16.00331],[44.3706,16.02455],[44.42585,16.02827],[44.48109,16.03998],[44.48931,16.04866],[44.50951,16.05701]],[[44.36843,15.53336],[44.38429,15.53408],[44.39294,15.54057],[44.39942,15.54922],[44.39798,15.55715],[44.39077,15.56651],[44.37276,15.57804],[44.36123,15.59102],[44.35258,15.59894],[44.336,15.60615],[44.31943,15.61192],[44.30645,15.6112],[44.29204,15.60615],[44.28267,15.60111],[44.27042,15.58813],[44.26177,15.5766],[44.25745,15.57084],[44.24376,15.57084],[44.23511,15.56723],[44.2279,15.55859],[44.20988,15.5521],[44.20124,15.54129],[44.19908,15.51607],[44.2034,15.50958],[44.20124,15.50526],[44.19115,15.50381],[44.18754,15.49517],[44.17962,15.48508],[44.16736,15.48292],[44.16088,15.47571],[44.15079,15.47283],[44.13277,15.4685],[44.12196,15.4649],[44.1198,15.45697],[44.12557,15.44544],[44.13349,15.43823],[44.14142,15.43463],[44.15079,15.42815],[44.1652,15.41229],[44.16592,15.40148],[44.1616,15.39932],[44.15079,15.39716],[44.14358,15.38923],[44.13854,15.36905],[44.14214,15.35175],[44.15944,15.34094],[44.17673,15.32869],[44.18106,15.32004],[44.17673,15.29842],[44.18106,15.29338],[44.20844,15.29338],[44.22862,15.29338],[44.23655,15.29482],[44.23799,15.29914],[44.23583,15.30851],[44.23943,15.31428],[44.2488,15.31572],[44.25817,15.32076],[44.26177,15.32941],[44.26177,15.34815],[44.25673,15.36184],[44.25024,15.35968],[44.24376,15.36473],[44.24304,15.37626],[44.24087,15.38707],[44.23367,15.39932],[44.23223,15.40869],[44.23439,15.4195],[44.23295,15.42887],[44.23799,15.43823],[44.25168,15.45049],[44.26826,15.46202],[44.27835,15.47066],[44.28123,15.48003],[44.27979,15.48796],[44.27691,15.50237],[44.28267,15.51246],[44.2906,15.52111],[44.29637,15.51246],[44.30285,15.52183],[44.31294,15.52183],[44.33312,15.51967],[44.33744,15.52616],[44.33744,15.53697],[44.34105,15.54633],[44.34753,15.55138],[44.3533,15.55642],[44.35906,15.55642],[44.36483,15.55354],[44.36195,15.54633],[44.36051,15.53769],[44.36843,15.53336]]]}},{"type":"Feature","properties":{"name":"Raymah","country_iso_a3":"YEM","type":"Muhafazah"},"geometry":{"type":"Polygon","coordinates":[[[43.63153,14.93402],[43.64207,14.93273],[43.67297,14.9217],[43.68817,14.9239],[43.70196,14.9334],[43.71841,14.9102],[43.7257,14.87999],[43.77778,14.8727],[43.78195,14.86228],[43.82397,14.85036],[43.82475,14.83235],[43.83653,14.7976],[43.85963,14.76659],[43.9251,14.69533],[43.94515,14.66494],[43.95585,14.63846],[43.97228,14.61717],[43.98143,14.59875],[43.97259,14.57423],[43.94252,14.53596],[43.92541,14.52278],[43.90758,14.50601],[43.84475,14.46868],[43.83033,14.45803],[43.81322,14.45392],[43.80222,14.4531],[43.78764,14.44966],[43.7726,14.45178],[43.751,14.45927],[43.72077,14.45819],[43.70336,14.45108],[43.69313,14.43824],[43.65917,14.40946],[43.59861,14.37731],[43.58187,14.37514],[43.5583,14.37432],[43.59365,14.41599],[43.59706,14.43436],[43.59603,14.46036],[43.59334,14.47242],[43.58001,14.49749],[43.57737,14.51356],[43.53815,14.6144],[43.53453,14.6336],[43.53856,14.65011],[43.53608,14.66507],[43.53453,14.68303],[43.53763,14.70021],[43.549,14.7145],[43.55381,14.73055],[43.54104,14.80442],[43.55691,14.8484],[43.57582,14.87403],[43.59458,14.88963],[43.62409,14.91971],[43.63153,14.93402]]]}},{"type":"Feature","properties":{"name":"Al Bayda'","country_iso_a3":"YEM","type":"Muhafazah"},"geometry":{"type":"Polygon","coordinates":[[[45.00592,14.81426],[45.05883,14.80426],[45.08612,14.7899],[45.10663,14.76812],[45.11139,14.74112],[45.1117,14.71094],[45.12058,14.65983],[45.12942,14.6266],[45.13082,14.59384],[45.14027,14.57082],[45.14275,14.54958],[45.15144,14.52836],[45.16389,14.5094],[45.18311,14.49842],[45.21505,14.49772],[45.25386,14.52516],[45.26548,14.53885],[45.28213,14.54444],[45.32367,14.53542],[45.33049,14.54575],[45.32615,14.55622],[45.33452,14.5664],[45.35396,14.56826],[45.38233,14.57826],[45.41509,14.59379],[45.45049,14.59663],[45.47607,14.58888],[45.49875,14.58585],[45.51488,14.59174],[45.51503,14.60955],[45.49684,14.6404],[45.49839,14.65461],[45.50712,14.66569],[45.51736,14.66365],[45.52278,14.65717],[45.5296,14.64642],[45.53968,14.64102],[45.55379,14.64781],[45.5619,14.65639],[45.56857,14.68928],[45.68091,14.68897],[45.70417,14.67781],[45.72184,14.66324],[45.71657,14.64451],[45.70448,14.62366],[45.69703,14.60373],[45.69579,14.57958],[45.71471,14.56412],[45.7577,14.55495],[45.7807,14.5365],[45.83703,14.38941],[45.8592,14.35527],[45.89428,14.33235],[45.94002,14.32409],[45.98239,14.30701],[46.00162,14.29368],[46.00487,14.28254],[46.00415,14.27109],[46.00787,14.25926],[46.00911,14.24649],[46.01841,14.22921],[46.02213,14.212],[46.04384,14.19169],[46.02895,14.10831],[46.00224,14.07085],[45.98596,14.02364],[45.94906,13.99116],[45.77755,13.86791],[45.73662,13.84414],[45.70572,13.83102],[45.67781,13.82479],[45.65745,13.8228],[45.63699,13.8228],[45.6019,13.84019],[45.58624,13.8682],[45.55549,13.87843],[45.41679,13.89127],[45.40501,13.89659],[45.41168,13.97269],[45.39912,14.0232],[45.38357,14.03181],[45.36093,14.02868],[45.3091,13.99648],[45.28693,13.97724],[45.25541,13.96062],[45.23929,13.9639],[45.18048,13.96437],[45.1797,13.99054],[45.17412,14.01478],[45.14865,14.04563],[45.0748,14.11371],[45.04653,14.14787],[45.02979,14.17714],[45.00747,14.20515],[44.9747,14.2167],[44.93326,14.21768],[44.90659,14.22166],[44.88473,14.21384],[44.86778,14.21058],[44.85476,14.20055],[44.83786,14.19412],[44.81053,14.19417],[44.78092,14.18916],[44.76195,14.17802],[44.71802,14.16169],[44.68345,14.18265],[44.67167,14.18559],[44.66263,14.2003],[44.66345,14.25665],[44.63038,14.2766],[44.65379,14.33024],[44.69027,14.34845],[44.72397,14.37974],[44.74908,14.4276],[44.76753,14.56896],[44.79254,14.66675],[44.86871,14.75623],[44.92163,14.76357],[44.9637,14.77974],[45.00592,14.81426]]]}},{"type":"Feature","properties":{"name":"'Amran","country_iso_a3":"YEM","type":"Muhafazah"},"geometry":{"type":"Polygon","coordinates":[[[43.81793,16.67898],[43.85684,16.67852],[43.92774,16.66149],[44.03001,16.62064],[44.07517,16.61183],[44.1177,16.6109],[44.18876,16.63147],[44.24043,16.59782],[44.25609,16.59054],[44.31428,16.54902],[44.3289,16.5339],[44.33495,16.51767],[44.32937,16.50266],[44.32032,16.49091],[44.32001,16.47336],[44.33464,16.44499],[44.34316,16.40765],[44.35185,16.38197],[44.36611,16.35745],[44.36936,16.33523],[44.36735,16.31541],[44.36177,16.29717],[44.36657,16.28454],[44.37277,16.27521],[44.37463,16.25989],[44.35247,16.1955],[44.36208,16.16839],[44.36363,16.13739],[44.3689,16.1108],[44.40104,16.05574],[44.42585,16.02827],[44.3706,16.02455],[44.31257,16.00331],[44.25454,15.97381],[44.24384,15.95063],[44.23609,15.92515],[44.24043,15.87022],[44.24648,15.84224],[44.25392,15.82304],[44.25283,15.80141],[44.24803,15.78255],[44.22648,15.75454],[44.19806,15.73343],[44.17961,15.70827],[44.1779,15.66225],[44.16721,15.62062],[44.10638,15.57458],[44.07858,15.5605],[44.04582,15.55639],[44.00753,15.55944],[43.99388,15.54572],[43.99528,15.53001],[43.98422,15.50474],[43.92138,15.53334],[43.90355,15.54443],[43.89472,15.55623],[43.88076,15.56112],[43.86257,15.56368],[43.8432,15.55068],[43.79912,15.53283],[43.74713,15.53481],[43.72868,15.52846],[43.70527,15.52629],[43.72527,15.56375],[43.72698,15.57722],[43.71318,15.60106],[43.71349,15.61434],[43.71659,15.62814],[43.72186,15.63824],[43.73023,15.64739],[43.74356,15.65499],[43.75969,15.65607],[43.77834,15.65204],[43.79353,15.65504],[43.80408,15.66726],[43.81121,15.69418],[43.81668,15.73051],[43.8095,15.73969],[43.79214,15.75439],[43.79043,15.77361],[43.78454,15.79798],[43.78749,15.83402],[43.79167,15.85337],[43.78516,15.89296],[43.77524,15.93073],[43.75023,15.97008],[43.73783,15.98032],[43.7276,15.98556],[43.71829,15.98156],[43.67995,15.9388],[43.66817,15.93662],[43.65654,15.94758],[43.65995,15.95804],[43.66553,15.96859],[43.67576,15.97745],[43.6891,15.98667],[43.6984,15.99768],[43.69902,16.01189],[43.65995,16.08917],[43.65871,16.1116],[43.65483,16.13648],[43.65623,16.16609],[43.64486,16.18359],[43.61463,16.20348],[43.60858,16.21415],[43.60936,16.22914],[43.60595,16.24345],[43.60579,16.2611],[43.60734,16.28293],[43.61044,16.29926],[43.59551,16.4361],[43.5999,16.60852],[43.72977,16.63862],[43.7493,16.64627],[43.77741,16.66102],[43.79167,16.67092],[43.81793,16.67898]]]}},{"type":"Feature","properties":{"name":"Ad Dali'","country_iso_a3":"YEM","type":"Muhafazah"},"geometry":{"type":"Polygon","coordinates":[[[44.90659,14.22166],[44.93326,14.21768],[44.9747,14.2167],[45.00747,14.20515],[45.02979,14.17714],[45.04653,14.14787],[45.0748,14.11371],[45.14865,14.04563],[45.17412,14.01478],[45.1797,13.99054],[45.18048,13.96437],[45.11872,13.83022],[45.08302,13.79668],[45.04095,13.77753],[44.99656,13.74839],[44.91357,13.71604],[44.88158,13.71322],[44.85755,13.70805],[44.85538,13.63509],[44.85926,13.61082],[44.85306,13.5909],[44.83099,13.58752],[44.79099,13.60261],[44.7758,13.59225],[44.75854,13.57357],[44.69043,13.54522],[44.65488,13.52191],[44.62806,13.5168],[44.58661,13.54664],[44.57328,13.563],[44.53323,13.57705],[44.5309,13.59728],[44.52532,13.6101],[44.49427,13.62488],[44.47272,13.62651],[44.45024,13.62217],[44.42926,13.62733],[44.41422,13.64322],[44.41546,13.66366],[44.42445,13.68668],[44.42817,13.7111],[44.42507,13.73376],[44.40693,13.76105],[44.41251,13.78637],[44.41112,13.79254],[44.41871,13.81063],[44.43515,13.82079],[44.45039,13.86065],[44.46202,13.86874],[44.47427,13.8676],[44.48372,13.87285],[44.48574,13.88422],[44.49086,13.90179],[44.49365,13.92031],[44.50967,13.94551],[44.53494,13.9623],[44.56026,13.97235],[44.58413,13.97662],[44.60382,13.97654],[44.62248,13.98101],[44.63193,13.99907],[44.61395,14.01648],[44.60754,14.03705],[44.61503,14.05842],[44.631,14.07433],[44.64154,14.0956],[44.64247,14.10917],[44.65162,14.11733],[44.67214,14.11919],[44.69152,14.11914],[44.70733,14.13012],[44.71802,14.16169],[44.76195,14.17802],[44.78092,14.18916],[44.81053,14.19417],[44.83786,14.19412],[44.85476,14.20055],[44.86778,14.21058],[44.88473,14.21384],[44.90659,14.22166]]]}},{"type":"Feature","properties":{"name":"Ibb","country_iso_a3":"YEM","type":"Muhafazah"},"geometry":{"type":"Polygon","coordinates":[[[43.74465,13.97152],[43.76046,13.98132],[43.79896,14.04168],[43.80501,14.06906],[43.80036,14.0864],[43.79756,14.11405],[43.81276,14.1458],[43.8263,14.16539],[43.84273,14.20782],[43.85854,14.23014],[43.86567,14.24554],[43.87425,14.24686],[43.87937,14.23696],[43.87518,14.21572],[43.87968,14.19789],[43.89596,14.19079],[43.92247,14.19673],[43.94593,14.20849],[43.9729,14.25665],[43.97368,14.27923],[43.97089,14.30207],[43.96298,14.31812],[43.96252,14.33533],[43.96996,14.3446],[43.98567,14.35171],[43.99853,14.35241],[44.00939,14.35101],[44.03156,14.37879],[44.05936,14.40036],[44.08261,14.42543],[44.10153,14.43372],[44.11615,14.43072],[44.13041,14.37871],[44.1377,14.36486],[44.16349,14.35938],[44.20891,14.37672],[44.22028,14.39349],[44.22834,14.41028],[44.22958,14.42362],[44.24074,14.44101],[44.25299,14.44356],[44.26927,14.43798],[44.31242,14.40349],[44.33092,14.38452],[44.3534,14.37383],[44.40337,14.36091],[44.42538,14.34745],[44.45365,14.33897],[44.47721,14.32889],[44.52284,14.2998],[44.5801,14.28125],[44.59824,14.27251],[44.61023,14.26822],[44.63038,14.2766],[44.66345,14.25665],[44.66263,14.2003],[44.67167,14.18559],[44.68345,14.18265],[44.71802,14.16169],[44.70733,14.13012],[44.69152,14.11914],[44.67214,14.11919],[44.65162,14.11733],[44.64247,14.10917],[44.64154,14.0956],[44.631,14.07433],[44.61503,14.05842],[44.60754,14.03705],[44.61395,14.01648],[44.63193,13.99907],[44.62248,13.98101],[44.60382,13.97654],[44.58413,13.97662],[44.56026,13.97235],[44.53494,13.9623],[44.50967,13.94551],[44.49365,13.92031],[44.49086,13.90179],[44.48574,13.88422],[44.48372,13.87285],[44.47427,13.8676],[44.46202,13.86874],[44.45039,13.86065],[44.43515,13.82079],[44.41871,13.81063],[44.41112,13.79254],[44.41251,13.78637],[44.40693,13.76105],[44.39717,13.74658],[44.38378,13.73167],[44.34533,13.70542],[44.32125,13.70301],[44.30048,13.71048],[44.28575,13.71803],[44.26586,13.725],[44.22989,13.72588],[44.15496,13.74939],[44.13057,13.76425],[44.07967,13.76929],[43.96345,13.80182],[43.956,13.81585],[43.96081,13.82784],[43.96097,13.8468],[43.94608,13.85321],[43.90076,13.83512],[43.89224,13.84523],[43.89317,13.86326],[43.8865,13.87773],[43.83978,13.87161],[43.81927,13.86264],[43.79384,13.87014],[43.77168,13.85923],[43.71178,13.86125],[43.68429,13.91199],[43.71023,13.92008],[43.72217,13.9176],[43.72015,13.93321],[43.71225,13.94584],[43.69824,13.96354],[43.70181,13.9761],[43.72,13.98434],[43.73535,13.9777],[43.74465,13.97152]]]}},{"type":"Feature","properties":{"name":"Al Mahwit","country_iso_a3":"YEM","type":"Muhafazah"},"geometry":{"type":"Polygon","coordinates":[[[43.57102,15.04425],[43.5459,15.05774],[43.515,15.08735],[43.50012,15.10967],[43.48895,15.13897],[43.4689,15.17194],[43.45728,15.20026],[43.44828,15.21737],[43.40622,15.22886],[43.38141,15.24992],[43.35904,15.26581],[43.33222,15.30555],[43.32974,15.33304],[43.3254,15.35594],[43.32803,15.38842],[43.32679,15.41707],[43.32183,15.43386],[43.32106,15.45583],[43.31635,15.46725],[43.31387,15.50967],[43.3701,15.52892],[43.54528,15.54556],[43.56636,15.54303],[43.5876,15.54466],[43.67886,15.53443],[43.70527,15.52629],[43.72868,15.52846],[43.74713,15.53481],[43.79912,15.53283],[43.8432,15.55068],[43.86257,15.56368],[43.88076,15.56112],[43.89472,15.55623],[43.90355,15.54443],[43.92138,15.53334],[43.98422,15.50474],[43.9712,15.46025],[43.96577,15.41774],[43.94887,15.4002],[43.90882,15.37304],[43.8882,15.36405],[43.81772,15.31428],[43.77974,15.27819],[43.71318,15.26517],[43.70196,15.25349],[43.64005,15.21703],[43.623,15.19546],[43.61509,15.16946],[43.61866,15.11988],[43.60843,15.09544],[43.59675,15.08564],[43.57102,15.04425]]]}},{"type":"Feature","properties":{"name":"Dhamar","country_iso_a3":"YEM","type":"Muhafazah"},"geometry":{"type":"Polygon","coordinates":[[[43.72573,14.07604],[43.70599,14.084],[43.64998,14.11689],[43.61897,14.12689],[43.59603,14.14126],[43.57939,14.15557],[43.56605,14.18924],[43.56528,14.22296],[43.53159,14.35985],[43.53877,14.37344],[43.5583,14.37432],[43.58187,14.37514],[43.59861,14.37731],[43.65917,14.40946],[43.69313,14.43824],[43.70336,14.45108],[43.72077,14.45819],[43.751,14.45927],[43.7726,14.45178],[43.78764,14.44966],[43.80222,14.4531],[43.81322,14.45392],[43.83033,14.45803],[43.84475,14.46868],[43.90758,14.50601],[43.92541,14.52278],[43.94252,14.53596],[43.97259,14.57423],[43.98143,14.59875],[43.97228,14.61717],[43.95585,14.63846],[43.94515,14.66494],[43.9251,14.69533],[43.85963,14.76659],[43.83653,14.7976],[43.82475,14.83235],[43.82397,14.85036],[43.83792,14.86333],[43.88603,14.85883],[43.92464,14.86204],[43.9467,14.86873],[43.98081,14.89945],[44.00024,14.90994],[44.01962,14.92278],[44.04292,14.93508],[44.0975,14.97382],[44.13274,14.98555],[44.16426,14.99157],[44.19186,14.99327],[44.20984,14.98115],[44.23671,14.97102],[44.25717,14.9501],[44.28079,14.93098],[44.3565,14.91532],[44.38662,14.92428],[44.40042,14.94299],[44.406,14.96232],[44.41468,14.97702],[44.43877,14.97397],[44.45675,14.95237],[44.48279,14.93578],[44.5092,14.93289],[44.55111,14.94811],[44.57126,14.95904],[44.59436,14.98611],[44.61131,15.01154],[44.63503,15.02624],[44.65627,15.02937],[44.68268,15.02596],[44.70733,15.02906],[44.7325,15.02678],[44.75513,15.01203],[44.78448,14.97154],[44.79874,14.90395],[44.81735,14.86762],[44.85709,14.81292],[44.86763,14.79049],[44.86871,14.75623],[44.79254,14.66675],[44.76753,14.56896],[44.74908,14.4276],[44.72397,14.37974],[44.69027,14.34845],[44.65379,14.33024],[44.63038,14.2766],[44.61023,14.26822],[44.59824,14.27251],[44.5801,14.28125],[44.52284,14.2998],[44.47721,14.32889],[44.45365,14.33897],[44.42538,14.34745],[44.40337,14.36091],[44.3534,14.37383],[44.33092,14.38452],[44.31242,14.40349],[44.26927,14.43798],[44.25299,14.44356],[44.24074,14.44101],[44.22958,14.42362],[44.22834,14.41028],[44.22028,14.39349],[44.20891,14.37672],[44.16349,14.35938],[44.1377,14.36486],[44.13041,14.37871],[44.11615,14.43072],[44.10153,14.43372],[44.08261,14.42543],[44.05936,14.40036],[44.03156,14.37879],[44.00939,14.35101],[43.99853,14.35241],[43.98567,14.35171],[43.96996,14.3446],[43.96252,14.33533],[43.96298,14.31812],[43.97089,14.30207],[43.97368,14.27923],[43.9729,14.25665],[43.94593,14.20849],[43.92247,14.19673],[43.89596,14.19079],[43.87968,14.19789],[43.87518,14.21572],[43.87937,14.23696],[43.87425,14.24686],[43.86567,14.24554],[43.85854,14.23014],[43.84273,14.20782],[43.8263,14.16539],[43.81276,14.1458],[43.79756,14.11405],[43.78191,14.10785],[43.76935,14.09793],[43.75411,14.08963],[43.74139,14.07806],[43.72573,14.07604]]]}},{"type":"Feature","properties":{"name":"Poltava","country_iso_a3":"UKR","type":"Oblast'"},"geometry":{"type":"Polygon","coordinates":[[[32.72728,50.35791],[32.81214,50.38806],[32.82831,50.39093],[32.86319,50.39279],[32.87342,50.39486],[32.87839,50.39744],[32.8834,50.40132],[32.88882,50.40984],[32.89472,50.42085],[32.89921,50.42511],[32.90588,50.42948],[32.92851,50.43837],[32.94608,50.44191],[32.95089,50.44423],[32.95523,50.44762],[32.96205,50.45971],[32.9667,50.46446],[32.97259,50.46844],[32.98468,50.47356],[33.00923,50.47999],[33.0238,50.49159],[33.06153,50.53841],[33.09811,50.52454],[33.19403,50.51733],[33.20596,50.51826],[33.20937,50.52077],[33.21216,50.524],[33.21449,50.52751],[33.21635,50.53133],[33.2226,50.53583],[33.23361,50.54028],[33.26089,50.5456],[33.2749,50.5466],[33.28482,50.54599],[33.28916,50.544],[33.29242,50.54157],[33.298,50.53847],[33.30606,50.53505],[33.33319,50.52782],[33.34006,50.52524],[33.64495,50.48547],[33.72066,50.46266],[33.73063,50.46167],[33.73808,50.4624],[33.74784,50.47023],[33.77606,50.47439],[33.81704,50.47558],[33.8327,50.47875],[33.84158,50.48214],[33.84081,50.48555],[33.83766,50.48808],[33.80665,50.50033],[33.80588,50.50087],[33.80479,50.50214],[33.80448,50.50451],[33.80618,50.50741],[33.80913,50.50991],[33.81301,50.51196],[33.86453,50.52694],[33.89822,50.5326],[33.90721,50.53206],[33.9131,50.53028],[33.92473,50.51966],[33.93806,50.50984],[33.97098,50.4934],[34.04762,50.47098],[34.0549,50.47067],[34.05987,50.47191],[34.06162,50.47527],[34.06131,50.47873],[34.06018,50.48219],[34.05987,50.4856],[34.0611,50.48917],[34.06503,50.49214],[34.07046,50.49475],[34.07914,50.49728],[34.08751,50.49668],[34.10782,50.49247],[34.11356,50.49366],[34.11702,50.4962],[34.11805,50.49997],[34.11805,50.50074],[34.11609,50.50762],[34.11743,50.51087],[34.12167,50.51379],[34.14322,50.51707],[34.14942,50.51878],[34.15593,50.52198],[34.16492,50.52529],[34.18606,50.52764],[34.19521,50.53066],[34.20094,50.53444],[34.20311,50.53836],[34.20652,50.54224],[34.21241,50.54239],[34.2458,50.53459],[34.25014,50.53252],[34.25246,50.52963],[34.25277,50.52601],[34.24936,50.50555],[34.25029,50.45547],[34.25169,50.44839],[34.25448,50.44183],[34.25851,50.43573],[34.28207,50.4147],[34.31608,50.38984],[34.35969,50.36581],[34.3662,50.3608],[34.37178,50.35543],[34.37581,50.3493],[34.37736,50.34605],[34.37799,50.34251],[34.37736,50.33879],[34.37566,50.33517],[34.36744,50.32517],[34.36326,50.31745],[34.36217,50.31336],[34.36202,50.30946],[34.36496,50.2836],[34.36651,50.27672],[34.36915,50.273],[34.37318,50.26902],[34.38093,50.26386],[34.38667,50.26267],[34.39101,50.26404],[34.39364,50.26727],[34.39752,50.2707],[34.40315,50.27347],[34.41447,50.27486],[34.42129,50.27401],[34.42625,50.27202],[34.42904,50.26939],[34.43106,50.26639],[34.43214,50.26319],[34.43307,50.2559],[34.43416,50.25213],[34.43648,50.24864],[34.44656,50.24272],[34.44935,50.23962],[34.44997,50.236],[34.45291,50.23115],[34.4587,50.22567],[34.4956,50.20898],[34.4987,50.20701],[34.50041,50.20554],[34.50242,50.20329],[34.50583,50.19745],[34.50707,50.19415],[34.5079,50.19058],[34.508,50.18681],[34.50738,50.18278],[34.50583,50.17875],[34.50397,50.17536],[34.50134,50.17285],[34.49948,50.1713],[34.49653,50.16939],[34.49281,50.16789],[34.48816,50.16663],[34.46583,50.1649],[34.46196,50.16309],[34.45948,50.15963],[34.45622,50.14702],[34.45695,50.14221],[34.45917,50.13707],[34.46739,50.13035],[34.4708,50.12583],[34.47219,50.12164],[34.47157,50.11736],[34.47126,50.11317],[34.47405,50.10813],[34.47793,50.10723],[34.48196,50.10798],[34.49607,50.11627],[34.5018,50.1187],[34.52046,50.12263],[34.53627,50.12443],[34.63373,50.1148],[34.66939,50.11555],[34.67404,50.11689],[34.67791,50.11906],[34.68133,50.12164],[34.68417,50.1248],[34.68634,50.12849],[34.6882,50.13244],[34.69083,50.14079],[34.693,50.145],[34.69703,50.14846],[34.70494,50.15089],[34.71068,50.15043],[34.71657,50.14815],[34.73238,50.14009],[34.73941,50.13823],[34.74515,50.13818],[34.76313,50.14402],[34.78716,50.15699],[34.81434,50.15957],[34.90824,50.14596],[34.91723,50.13244],[34.91785,50.07736],[34.91583,50.06413],[34.9132,50.05568],[34.90684,50.05002],[34.86214,50.02162],[34.85284,50.01323],[34.84271,50.00191],[34.84147,50.00005],[34.85672,49.97271],[34.85811,49.96935],[34.864,49.94233],[34.86896,49.93636],[34.87392,49.9322],[34.8778,49.92998],[34.88819,49.91765],[34.89284,49.91452],[34.89857,49.91241],[34.91723,49.90912],[34.92203,49.90734],[34.92607,49.90507],[34.93568,49.8976],[34.94389,49.89341],[34.94885,49.89153],[34.95459,49.89008],[34.96735,49.88874],[35.00859,49.88889],[35.01516,49.88667],[35.02244,49.88326],[35.03593,49.87132],[35.04073,49.86802],[35.10295,49.84766],[35.11536,49.84652],[35.12078,49.84698],[35.12574,49.84807],[35.1382,49.85357],[35.143,49.85473],[35.14827,49.8553],[35.15416,49.85494],[35.1599,49.85373],[35.16626,49.85117],[35.183,49.84052],[35.1877,49.83595],[35.19111,49.832],[35.19313,49.82523],[35.19359,49.81776],[35.19049,49.78967],[35.19127,49.77466],[35.19235,49.76988],[35.1984,49.75386],[35.20243,49.7473],[35.206,49.74286],[35.21003,49.7403],[35.23034,49.73154],[35.2339,49.72787],[35.23592,49.72415],[35.23705,49.71105],[35.23902,49.70451],[35.24356,49.70136],[35.2493,49.69929],[35.2769,49.69619],[35.28046,49.69319],[35.28217,49.68924],[35.28325,49.6841],[35.2862,49.68097],[35.29131,49.67927],[35.34175,49.66942],[35.35446,49.66813],[35.35979,49.66842],[35.36335,49.67025],[35.36599,49.67353],[35.36986,49.68159],[35.37265,49.6849],[35.37637,49.68704],[35.38133,49.68808],[35.41193,49.68756],[35.41968,49.68627],[35.42371,49.68384],[35.42588,49.68064],[35.4282,49.67015],[35.42867,49.66684],[35.4282,49.66387],[35.4251,49.66201],[35.41673,49.65919],[35.41363,49.65692],[35.41301,49.65374],[35.41348,49.65046],[35.41627,49.64384],[35.41983,49.63733],[35.46422,49.58219],[35.47275,49.5686],[35.47507,49.56039],[35.4712,49.55847],[35.4665,49.55718],[35.44557,49.5546],[35.39839,49.55475],[35.39343,49.55336],[35.39064,49.55057],[35.39203,49.54406],[35.39622,49.54075],[35.41596,49.53377],[35.43301,49.52204],[35.45441,49.51354],[35.46484,49.507],[35.46934,49.50055],[35.46872,49.49822],[35.46748,49.49646],[35.46453,49.49439],[35.45999,49.49321],[35.44324,49.49253],[35.43828,49.4915],[35.43456,49.48931],[35.42883,49.48303],[35.42495,49.48096],[35.41937,49.48086],[35.36273,49.49073],[35.35684,49.49083],[35.35157,49.49011],[35.34222,49.48763],[35.32671,49.48535],[35.32268,49.48349],[35.31974,49.48055],[35.31741,49.47693],[35.31524,49.47264],[35.31369,49.46783],[35.31369,49.46117],[35.31648,49.45502],[35.32346,49.44587],[35.3264,49.43887],[35.33059,49.43468],[35.34314,49.43037],[35.35136,49.42657],[35.35322,49.423],[35.35312,49.42019],[35.3495,49.41512],[35.34919,49.41078],[35.35963,49.40045],[35.36133,49.39595],[35.36056,49.39202],[35.33508,49.3698],[35.30904,49.34205],[35.27907,49.31978],[35.26325,49.31167],[35.20956,49.29433],[35.18848,49.29201],[35.09024,49.2972],[35.08389,49.29836],[35.07334,49.30164],[35.06166,49.30821],[35.05841,49.31079],[35.05298,49.31616],[35.04926,49.31828],[35.04446,49.31986],[35.03887,49.3205],[35.03345,49.32025],[35.02864,49.31908],[35.02461,49.3172],[34.97293,49.28061],[34.9641,49.27157],[34.95759,49.26196],[34.95381,49.25281],[34.95304,49.24738],[34.9535,49.24289],[34.9549,49.23955],[34.97464,49.21697],[34.97836,49.21092],[34.98332,49.20033],[34.98735,49.18919],[34.98968,49.17749],[34.98844,49.17013],[34.98394,49.16372],[34.95428,49.17684],[34.94389,49.18025],[34.93227,49.18268],[34.92622,49.18304],[34.92002,49.18186],[34.91366,49.17938],[34.9057,49.17328],[34.90219,49.16832],[34.89971,49.16341],[34.89625,49.15491],[34.89392,49.15142],[34.89113,49.14827],[34.88602,49.14599],[34.87935,49.14447],[34.86741,49.14491],[34.86121,49.14677],[34.85733,49.14961],[34.85703,49.15289],[34.85827,49.15612],[34.8609,49.15886],[34.86819,49.1632],[34.87082,49.16566],[34.87129,49.16873],[34.86881,49.17121],[34.86478,49.17341],[34.83667,49.18072],[34.83077,49.1809],[34.82473,49.17958],[34.81667,49.17535],[34.80922,49.17364],[34.78406,49.17457],[34.77832,49.17356],[34.77011,49.17077],[34.76266,49.16739],[34.75197,49.16041],[34.74236,49.15199],[34.736,49.14904],[34.72649,49.14599],[34.64505,49.12977],[34.60981,49.12651],[34.43044,49.0746],[34.41958,49.07752],[34.41354,49.07768],[34.40827,49.07654],[34.40486,49.07197],[34.4047,49.06838],[34.40672,49.06135],[34.40641,49.0575],[34.40517,49.05354],[34.40284,49.05013],[34.39008,49.03799],[34.3755,49.02807],[34.35054,49.01437],[34.34698,49.01161],[34.3445,49.00853],[34.34305,49.00538],[34.34367,49.00275],[34.34512,49.00104],[34.34574,49.00039],[34.34698,48.99995],[34.35303,48.99913],[34.36295,48.99892],[34.36729,48.99745],[34.36868,48.99458],[34.36791,48.99107],[34.36372,48.9881],[34.35675,48.98605],[34.34367,48.98507],[34.32522,48.98089],[34.31406,48.97489],[34.30817,48.97096],[34.30398,48.96709],[34.30119,48.96388],[34.28734,48.93639],[34.27773,48.92229],[34.27587,48.91846],[34.27432,48.91433],[34.27246,48.90192],[34.27246,48.89815],[34.27308,48.89448],[34.27432,48.89123],[34.27665,48.88839],[34.30569,48.86994],[34.30879,48.86735],[34.31096,48.86446],[34.31267,48.86131],[34.31375,48.8579],[34.31391,48.85412],[34.31592,48.8396],[34.31406,48.83606],[34.30956,48.83221],[34.29856,48.82839],[34.2782,48.81322],[34.27587,48.80999],[34.27494,48.80627],[34.27479,48.8025],[34.27494,48.79873],[34.27649,48.79547],[34.2799,48.79304],[34.28393,48.79095],[34.28858,48.78912],[34.29251,48.787],[34.29515,48.78441],[34.29546,48.78131],[34.29375,48.77831],[34.29081,48.77547],[34.28765,48.77279],[34.26579,48.7594],[34.23748,48.74628],[34.22404,48.74752],[34.19257,48.77356],[34.16198,48.78439],[34.10968,48.79017],[34.09278,48.79467],[34.08663,48.79762],[34.07485,48.80503],[34.06891,48.80751],[34.06173,48.80808],[34.04746,48.80653],[34.04018,48.80782],[33.92799,48.86007],[33.91946,48.8658],[33.89977,48.88627],[33.89202,48.89175],[33.876,48.89743],[33.85926,48.89965],[33.82494,48.90001],[33.80743,48.90345],[33.77849,48.92254],[33.74722,48.91882],[33.74459,48.91567],[33.7387,48.91283],[33.72986,48.91061],[33.71058,48.90965],[33.70082,48.90823],[33.69462,48.9058],[33.69198,48.90267],[33.68981,48.8988],[33.68516,48.88164],[33.68314,48.87696],[33.68004,48.87293],[33.67353,48.86906],[33.66888,48.86906],[33.66671,48.87123],[33.66578,48.87451],[33.66547,48.87808],[33.66263,48.88461],[33.65441,48.89642],[33.65162,48.89929],[33.64139,48.90642],[33.63333,48.9105],[33.597,48.92239],[33.5877,48.92285],[33.5815,48.92146],[33.57095,48.90857],[33.56615,48.9058],[33.55974,48.90353],[33.54842,48.90187],[33.54269,48.90296],[33.54036,48.90577],[33.53493,48.91035],[33.5247,48.91572],[33.48124,48.92719],[33.47365,48.93112],[33.46745,48.93603],[33.45644,48.94174],[33.42507,48.95091],[33.41065,48.9536],[33.40104,48.9535],[33.3981,48.9506],[33.395,48.94657],[33.39128,48.94283],[33.38316,48.93965],[33.37882,48.93996],[33.37572,48.94128],[33.37417,48.94301],[33.37076,48.946],[33.36549,48.94934],[33.34875,48.95699],[33.34471,48.96001],[33.34239,48.96249],[33.34022,48.96528],[33.32311,48.9806],[33.31908,48.98357],[33.30389,48.99127],[33.30079,48.99339],[33.29939,48.99546],[33.30141,48.99727],[33.31056,49.0012],[33.3135,49.00285],[33.31629,49.00523],[33.31862,49.00848],[33.31955,49.0122],[33.31939,49.01582],[33.31831,49.02269],[33.31924,49.02559],[33.32265,49.02729],[33.33805,49.02933],[33.34254,49.03065],[33.34595,49.03267],[33.34719,49.03603],[33.34642,49.03954],[33.34161,49.04404],[33.31738,49.04861],[33.30947,49.05091],[33.30513,49.05452],[33.30141,49.06323],[33.29707,49.06486],[33.2041,49.07091],[33.19666,49.07476],[33.19201,49.07799],[33.181,49.08982],[33.1793,49.09235],[33.1779,49.0953],[33.17403,49.10134],[33.15568,49.12062],[33.14933,49.12563],[33.14204,49.13023],[33.03822,49.18196],[32.78873,49.2618],[32.7926,49.30882],[32.79183,49.32621],[32.78935,49.33389],[32.74759,49.40613],[32.74294,49.41187],[32.70398,49.44551],[32.69716,49.45021],[32.68739,49.4599],[32.67871,49.47091],[32.67592,49.47713],[32.67592,49.48189],[32.71545,49.52522],[32.71855,49.52793],[32.72217,49.53031],[32.72604,49.53243],[32.74775,49.5408],[32.751,49.54313],[32.75442,49.54716],[32.75736,49.5531],[32.75968,49.56431],[32.75984,49.57062],[32.75922,49.57563],[32.75209,49.59382],[32.74883,49.59764],[32.74542,49.6008],[32.71922,49.61279],[32.71483,49.61594],[32.7108,49.61997],[32.70568,49.6271],[32.70367,49.63214],[32.70072,49.661],[32.69747,49.66736],[32.69297,49.67164],[32.58435,49.69878],[32.57861,49.70151],[32.57148,49.70588],[32.569,49.71009],[32.5676,49.71417],[32.56962,49.73996],[32.56962,49.74647],[32.56838,49.75722],[32.5659,49.76275],[32.56249,49.7666],[32.52972,49.78327],[32.52507,49.7843],[32.52027,49.78384],[32.51174,49.78079],[32.5074,49.77993],[32.50353,49.78001],[32.50042,49.78182],[32.49794,49.78404],[32.49386,49.7888],[32.48658,49.79507],[32.47278,49.80461],[32.4689,49.80657],[32.46379,49.80776],[32.45867,49.80776],[32.45402,49.80678],[32.44503,49.80383],[32.44022,49.80311],[32.43526,49.80376],[32.43102,49.80518],[32.42715,49.80724],[32.40823,49.82233],[32.37268,49.86362],[32.36648,49.87375],[32.36384,49.88109],[32.3657,49.88466],[32.36865,49.8875],[32.37268,49.88941],[32.37749,49.89042],[32.38281,49.89013],[32.3918,49.88739],[32.39614,49.88685],[32.40017,49.88781],[32.4042,49.88964],[32.40715,49.89344],[32.40901,49.89866],[32.40653,49.91644],[32.40637,49.92207],[32.40699,49.9261],[32.41521,49.94672],[32.41645,49.95222],[32.41692,49.9584],[32.41568,49.96749],[32.4132,49.97225],[32.40901,49.97555],[32.38529,49.98475],[32.38121,49.98703],[32.37439,49.994],[32.32943,50.05178],[32.32395,50.05312],[32.31883,50.05297],[32.30411,50.04971],[32.29852,50.04963],[32.29294,50.05038],[32.26969,50.05633],[32.26313,50.05875],[32.25507,50.06284],[32.25243,50.06689],[32.2315,50.11208],[32.23057,50.11859],[32.23367,50.1204],[32.26762,50.128],[32.2717,50.13136],[32.27465,50.13637],[32.27372,50.1482],[32.27217,50.15332],[32.26969,50.15684],[32.26266,50.16058],[32.25832,50.1619],[32.25429,50.1619],[32.25057,50.16087],[32.24499,50.15839],[32.23817,50.15436],[32.23011,50.15043],[32.22127,50.14728],[32.21584,50.14753],[32.20943,50.15001],[32.19161,50.1665],[32.18959,50.16779],[32.18603,50.16944],[32.17502,50.17218],[32.15455,50.17508],[32.14784,50.1772],[32.1407,50.18231],[32.13714,50.18735],[32.13466,50.19464],[32.13218,50.19875],[32.12908,50.2021],[32.12489,50.20484],[32.11156,50.21652],[32.10551,50.22699],[32.09957,50.23347],[32.09461,50.23693],[32.08918,50.23786],[32.07942,50.23724],[32.0695,50.23869],[32.09575,50.26344],[32.09802,50.2667],[32.10102,50.27231],[32.10019,50.27549],[32.09802,50.27864],[32.09523,50.28161],[32.09337,50.28554],[32.09492,50.28856],[32.09895,50.2913],[32.11435,50.30605],[32.13916,50.3501],[32.1992,50.35047],[32.20385,50.34876],[32.2116,50.3445],[32.21662,50.34308],[32.22359,50.34323],[32.2315,50.34525],[32.24328,50.35078],[32.25429,50.35842],[32.27403,50.37982],[32.28054,50.38509],[32.28411,50.38721],[32.28829,50.38917],[32.3502,50.40788],[32.37594,50.40891],[32.38281,50.40762],[32.38638,50.40571],[32.39304,50.4008],[32.39583,50.39816],[32.40265,50.39336],[32.40699,50.39207],[32.41289,50.39284],[32.4427,50.4069],[32.45014,50.40829],[32.4641,50.40827],[32.47169,50.40752],[32.47696,50.40638],[32.48037,50.40437],[32.48316,50.40176],[32.48658,50.39553],[32.48787,50.39217],[32.48952,50.38876],[32.49076,50.3854],[32.49407,50.37871],[32.49841,50.37336],[32.50042,50.37165],[32.50321,50.37018],[32.52631,50.36566],[32.62796,50.36269],[32.66662,50.36788],[32.67623,50.36757],[32.68165,50.36566],[32.68367,50.36246],[32.68568,50.35974],[32.69096,50.35835],[32.72728,50.35791]]]}},{"type":"Feature","properties":{"name":"Khmelnytskyi","country_iso_a3":"UKR","type":"Oblast'"},"geometry":{"type":"Polygon","coordinates":[[[27.19227,50.5412],[27.20638,50.53609],[27.2115,50.5326],[27.22504,50.52059],[27.23961,50.51371],[27.24581,50.50984],[27.25139,50.50056],[27.25558,50.4949],[27.26038,50.49015],[27.26891,50.48643],[27.27589,50.48439],[27.29563,50.48131],[27.3009,50.47981],[27.30462,50.47798],[27.304,50.47457],[27.30121,50.47211],[27.29718,50.46992],[27.27454,50.46211],[27.26658,50.45808],[27.2593,50.45351],[27.25604,50.45093],[27.2531,50.44803],[27.25062,50.44485],[27.24845,50.44129],[27.22891,50.39488],[27.22814,50.39077],[27.22829,50.38685],[27.23062,50.38313],[27.23496,50.37972],[27.24379,50.3761],[27.25155,50.3745],[27.27919,50.37134],[27.28865,50.36788],[27.29222,50.36473],[27.29516,50.3607],[27.29904,50.34915],[27.30276,50.34452],[27.30818,50.34034],[27.31935,50.33414],[27.36156,50.31807],[27.39448,50.30179],[27.40378,50.29817],[27.40704,50.29574],[27.40844,50.29282],[27.40564,50.28892],[27.39944,50.28308],[27.39836,50.2799],[27.40006,50.27698],[27.40363,50.27471],[27.4103,50.27383],[27.42084,50.27556],[27.42626,50.27466],[27.43169,50.27176],[27.43727,50.26404],[27.44259,50.25936],[27.45205,50.25554],[27.47189,50.25176],[27.47655,50.24996],[27.48058,50.24794],[27.48352,50.24468],[27.48569,50.2405],[27.48647,50.22794],[27.48848,50.22376],[27.49484,50.22153],[27.49965,50.22055],[27.54434,50.21768],[27.54993,50.21838],[27.55401,50.22035],[27.55711,50.22293],[27.55938,50.22613],[27.56548,50.23699],[27.56843,50.23975],[27.57199,50.2421],[27.57494,50.24494],[27.57974,50.25158],[27.58253,50.25456],[27.58672,50.25636],[27.59246,50.25688],[27.59866,50.25636],[27.60408,50.25383],[27.60749,50.24934],[27.6092,50.24024],[27.60935,50.2343],[27.60594,50.21079],[27.60594,50.20665],[27.6078,50.20216],[27.61106,50.19761],[27.61824,50.19141],[27.63452,50.17978],[27.64599,50.16911],[27.64816,50.16521],[27.64971,50.16056],[27.64956,50.15265],[27.64692,50.14857],[27.64289,50.14583],[27.63359,50.14288],[27.62956,50.14079],[27.62723,50.13787],[27.62723,50.13394],[27.62971,50.13002],[27.64212,50.12278],[27.6463,50.11978],[27.64785,50.11671],[27.6463,50.11224],[27.63312,50.10172],[27.62723,50.09488],[27.62351,50.08849],[27.62212,50.08501],[27.6215,50.08196],[27.62119,50.07935],[27.62243,50.0757],[27.62584,50.07214],[27.63343,50.06795],[27.6525,50.06294],[27.657,50.06116],[27.66056,50.05769],[27.6632,50.05291],[27.66475,50.04397],[27.66367,50.03255],[27.66243,50.02826],[27.66041,50.0248],[27.657,50.02248],[27.64026,50.02036],[27.63545,50.01896],[27.63173,50.01684],[27.62832,50.01431],[27.62227,50.00883],[27.61855,50.00666],[27.61437,50.00485],[27.60935,50.00367],[27.60393,50.00292],[27.59773,50.00274],[27.54776,50.00754],[27.54388,50.00708],[27.5445,50.00323],[27.54698,49.9978],[27.57509,49.9646],[27.57881,49.95827],[27.58021,49.95483],[27.58083,49.95145],[27.58005,49.94848],[27.57664,49.94672],[27.57153,49.94579],[27.55365,49.94473],[27.54869,49.94362],[27.54558,49.94098],[27.54404,49.93711],[27.54093,49.91509],[27.5445,49.91083],[27.55117,49.90667],[27.58811,49.89794],[27.59323,49.89571],[27.59742,49.89282],[27.60052,49.88747],[27.60098,49.88409],[27.60005,49.88021],[27.5985,49.87675],[27.59742,49.87318],[27.59773,49.86972],[27.59912,49.86647],[27.60424,49.86078],[27.63173,49.83773],[27.64227,49.82657],[27.64553,49.81996],[27.64754,49.81282],[27.64925,49.80952],[27.65157,49.80662],[27.65436,49.80394],[27.66072,49.79895],[27.86805,49.76006],[27.85006,49.74513],[27.83637,49.74239],[27.81745,49.74216],[27.81342,49.74105],[27.81187,49.73921],[27.81591,49.73653],[27.83435,49.72877],[27.83657,49.7257],[27.83637,49.72182],[27.83063,49.71536],[27.8218,49.70844],[27.81435,49.70405],[27.81001,49.70234],[27.8049,49.7012],[27.7987,49.7012],[27.77446,49.70451],[27.76903,49.70436],[27.76516,49.7026],[27.76221,49.69981],[27.7526,49.68684],[27.75059,49.68317],[27.74966,49.67914],[27.75152,49.67351],[27.75493,49.6703],[27.75942,49.66777],[27.78469,49.66002],[27.79342,49.65625],[27.80102,49.6519],[27.80769,49.64707],[27.81249,49.64136],[27.81435,49.63821],[27.81559,49.63477],[27.81559,49.63092],[27.81327,49.62514],[27.80924,49.61795],[27.77911,49.57765],[27.7695,49.56958],[27.76717,49.56664],[27.76655,49.56318],[27.76919,49.55909],[27.77245,49.55604],[27.78304,49.54886],[27.78598,49.5461],[27.7866,49.54183],[27.78428,49.5361],[27.77477,49.52716],[27.76779,49.52426],[27.76159,49.52395],[27.75276,49.52755],[27.74749,49.5284],[27.7419,49.5284],[27.73648,49.5277],[27.73214,49.52623],[27.72837,49.52152],[27.72578,49.5145],[27.72433,49.4999],[27.72619,49.49318],[27.72935,49.48861],[27.75772,49.47445],[27.76144,49.47217],[27.76345,49.46959],[27.76283,49.4667],[27.75818,49.4637],[27.74516,49.45755],[27.7419,49.45507],[27.73958,49.45135],[27.73849,49.44698],[27.74004,49.44019],[27.74314,49.43652],[27.74717,49.43368],[27.75214,49.43207],[27.75803,49.43094],[27.76454,49.43026],[27.82598,49.42985],[27.83017,49.42809],[27.83311,49.42549],[27.83564,49.42254],[27.83947,49.41634],[27.84572,49.4028],[27.84588,49.39941],[27.84402,49.39611],[27.83813,49.39388],[27.80877,49.38634],[27.80614,49.38505],[27.80428,49.38277],[27.80335,49.37898],[27.8049,49.37259],[27.80738,49.36867],[27.81265,49.36247],[27.81435,49.35903],[27.81591,49.34753],[27.81699,49.34407],[27.81916,49.34117],[27.82257,49.33926],[27.82722,49.33782],[27.84417,49.33503],[27.84836,49.33327],[27.85146,49.33079],[27.85332,49.32764],[27.85363,49.32355],[27.85316,49.31893],[27.85208,49.31342],[27.85177,49.30898],[27.85208,49.3049],[27.85549,49.29839],[27.85828,49.29572],[27.87068,49.28562],[27.87549,49.27999],[27.87735,49.27689],[27.87704,49.27275],[27.87394,49.26787],[27.86526,49.26056],[27.86045,49.25498],[27.85673,49.2494],[27.85533,49.24165],[27.8558,49.23661],[27.85704,49.23234],[27.8589,49.22919],[27.86153,49.22635],[27.87332,49.21601],[27.87564,49.2131],[27.87781,49.20999],[27.87921,49.20661],[27.88014,49.20309],[27.88122,49.19534],[27.8806,49.18682],[27.88091,49.18292],[27.88169,49.17917],[27.88432,49.17235],[27.88789,49.16599],[27.88897,49.16258],[27.88773,49.15876],[27.88355,49.15504],[27.87301,49.15142],[27.8651,49.15018],[27.83389,49.14852],[27.81063,49.14181],[27.80195,49.137],[27.78283,49.12041],[27.77741,49.11754],[27.7726,49.11643],[27.76717,49.11602],[27.75539,49.11752],[27.74469,49.12018],[27.73539,49.12362],[27.7155,49.13395],[27.7048,49.13669],[27.68635,49.13876],[27.68093,49.14],[27.67142,49.14362],[27.65498,49.15181],[27.63979,49.15638],[27.61571,49.15989],[27.60889,49.15757],[27.60145,49.15227],[27.58145,49.12661],[27.57804,49.12426],[27.5737,49.12253],[27.56827,49.12201],[27.52481,49.12651],[27.50047,49.12615],[27.49484,49.12331],[27.48926,49.11773],[27.48166,49.10463],[27.47686,49.09835],[27.47376,49.09251],[27.4722,49.08812],[27.4722,49.08083],[27.47065,49.07587],[27.46461,49.07101],[27.44849,49.06636],[27.44476,49.06429],[27.44197,49.0614],[27.43975,49.05757],[27.43572,49.04706],[27.43355,49.04274],[27.43091,49.03928],[27.42766,49.03659],[27.42409,49.03437],[27.41603,49.03057],[27.4058,49.02383],[27.40239,49.02207],[27.39867,49.02068],[27.39495,49.01752],[27.39195,49.013],[27.38751,49.00006],[27.38265,48.99574],[27.38063,48.99182],[27.38017,48.98678],[27.38342,48.97766],[27.38668,48.97277],[27.39009,48.969],[27.39588,48.96373],[27.39789,48.96071],[27.39836,48.95696],[27.39665,48.95272],[27.39102,48.94781],[27.38606,48.94513],[27.37676,48.94146],[27.37366,48.93892],[27.37195,48.93502],[27.37211,48.93014],[27.3749,48.92368],[27.37738,48.91955],[27.38658,48.90704],[27.39402,48.8903],[27.39882,48.87645],[27.39991,48.86885],[27.40317,48.81521],[27.40797,48.80126],[27.41495,48.78834],[27.41944,48.7824],[27.42208,48.77974],[27.42456,48.77679],[27.42611,48.77366],[27.42518,48.77015],[27.41975,48.76617],[27.41402,48.7655],[27.40285,48.76622],[27.39867,48.76452],[27.39619,48.7609],[27.39665,48.75155],[27.39898,48.74152],[27.40115,48.7364],[27.40177,48.7316],[27.39929,48.7085],[27.39324,48.68375],[27.3704,48.62972],[27.35878,48.62445],[27.34513,48.60763],[27.335,48.60179],[27.32183,48.60086],[27.31263,48.60484],[27.30446,48.61088],[27.2947,48.61605],[27.2548,48.62117],[27.23439,48.61848],[27.23604,48.60551],[27.2455,48.60094],[27.25542,48.59985],[27.26178,48.59574],[27.26054,48.58194],[27.25558,48.57445],[27.24757,48.57042],[27.23749,48.56882],[27.22643,48.56828],[27.21413,48.57014],[27.19212,48.57972],[27.18142,48.58194],[27.14695,48.58194],[27.14132,48.57905],[27.12944,48.56536],[27.12277,48.56081],[27.11336,48.55931],[27.07001,48.56267],[27.04985,48.56735],[27.03771,48.56828],[27.03182,48.56626],[27.02763,48.56262],[27.0234,48.56086],[27.01724,48.56455],[27.0036,48.57512],[26.96707,48.5807],[26.94526,48.58138],[26.92475,48.57512],[26.90971,48.56308],[26.89906,48.55182],[26.88495,48.54355],[26.85927,48.54035],[26.84144,48.54629],[26.82795,48.56133],[26.82263,48.58122],[26.82919,48.60179],[26.81876,48.60665],[26.80806,48.60913],[26.79757,48.60794],[26.78759,48.60179],[26.7831,48.59347],[26.7893,48.57843],[26.78759,48.56828],[26.77276,48.55099],[26.75943,48.55058],[26.74972,48.56161],[26.746,48.57853],[26.74062,48.58892],[26.72894,48.59512],[26.71721,48.59476],[26.71184,48.58535],[26.71613,48.57776],[26.73488,48.56386],[26.73917,48.55771],[26.73411,48.54117],[26.72181,48.53518],[26.70621,48.53616],[26.69137,48.54035],[26.65489,48.55879],[26.63282,48.56241],[26.61257,48.55089],[26.61443,48.54019],[26.63324,48.53342],[26.67091,48.5267],[26.68843,48.51838],[26.70517,48.50696],[26.709,48.49688],[26.68765,48.49254],[26.65406,48.4913],[26.64357,48.49254],[26.63934,48.49655],[26.63458,48.50335],[26.6273,48.50836],[26.61567,48.50683],[26.60699,48.49234],[26.62187,48.45826],[26.60575,48.45159],[26.58316,48.45291],[26.56637,48.45735],[26.55283,48.46578],[26.53991,48.4789],[26.52224,48.50691],[26.51526,48.51487],[26.48906,48.53042],[26.47056,48.53807],[26.4224,48.52975],[26.404,48.53414],[26.38054,48.51709],[26.36519,48.54009],[26.35744,48.55373],[26.35403,48.56161],[26.35573,48.56567],[26.35992,48.56691],[26.36488,48.56766],[26.36907,48.56936],[26.37155,48.57357],[26.36891,48.57605],[26.35543,48.58166],[26.34628,48.58771],[26.34132,48.59006],[26.32111,48.59734],[26.31507,48.60034],[26.30669,48.60561],[26.30468,48.60998],[26.30483,48.61398],[26.307,48.6174],[26.3146,48.62615],[26.31631,48.62902],[26.31708,48.63202],[26.31708,48.63644],[26.31631,48.64277],[26.31336,48.64422],[26.31041,48.64334],[26.30437,48.63801],[26.29956,48.63667],[26.29367,48.63721],[26.28499,48.64124],[26.28267,48.6454],[26.28251,48.6498],[26.28391,48.65401],[26.28452,48.65884],[26.28189,48.66163],[26.27662,48.66287],[26.27057,48.66318],[26.26261,48.66457],[26.25409,48.66742],[26.24215,48.67481],[26.23735,48.67992],[26.23548,48.68496],[26.2361,48.68912],[26.23735,48.6932],[26.24246,48.70429],[26.2437,48.70832],[26.24432,48.71251],[26.2437,48.73214],[26.24401,48.73602],[26.24541,48.73971],[26.2499,48.7471],[26.2513,48.75237],[26.24913,48.75697],[26.24479,48.76105],[26.23176,48.77072],[26.22866,48.77501],[26.22851,48.77919],[26.23068,48.78229],[26.23626,48.78772],[26.23859,48.79064],[26.23982,48.79754],[26.24138,48.80046],[26.24556,48.80188],[26.25703,48.80312],[26.26168,48.80477],[26.26416,48.80824],[26.26292,48.81097],[26.25889,48.81299],[26.23874,48.81883],[26.23486,48.82082],[26.23145,48.82314],[26.21719,48.83728],[26.21517,48.84244],[26.21435,48.84705],[26.21859,48.87854],[26.22246,48.89162],[26.22293,48.89725],[26.22107,48.90048],[26.21688,48.90213],[26.21239,48.90167],[26.20179,48.89973],[26.19543,48.90004],[26.19296,48.90239],[26.19249,48.90596],[26.19389,48.90962],[26.19574,48.91304],[26.19807,48.91621],[26.20024,48.92058],[26.20179,48.92603],[26.20226,48.93502],[26.20055,48.94006],[26.19745,48.9444],[26.18908,48.95303],[26.18877,48.95691],[26.19094,48.95975],[26.20009,48.96311],[26.20412,48.96536],[26.20536,48.97066],[26.2035,48.97593],[26.19854,48.9845],[26.19916,48.98853],[26.20257,48.9907],[26.21435,48.99306],[26.22076,48.99934],[26.22122,49.00068],[26.21797,49.00662],[26.20804,49.01938],[26.20133,49.02982],[26.19947,49.03613],[26.19947,49.04132],[26.20164,49.0446],[26.20427,49.04755],[26.21053,49.05282],[26.22122,49.05951],[26.2251,49.06264],[26.22835,49.06693],[26.23145,49.07452],[26.23161,49.07946],[26.23052,49.08362],[26.22882,49.08677],[26.21373,49.10904],[26.21176,49.11421],[26.21094,49.11912],[26.21239,49.1278],[26.21373,49.13178],[26.22014,49.14294],[26.22184,49.14803],[26.22076,49.15173],[26.21859,49.15491],[26.20768,49.16284],[26.20396,49.16703],[26.19916,49.17457],[26.19807,49.18005],[26.19838,49.18493],[26.20427,49.20036],[26.20489,49.21085],[26.20474,49.21834],[26.20582,49.2234],[26.20784,49.22728],[26.21083,49.23002],[26.21424,49.2324],[26.21812,49.23451],[26.22696,49.23761],[26.24169,49.24123],[26.24525,49.24436],[26.24758,49.24935],[26.24727,49.25922],[26.24758,49.26531],[26.24882,49.27027],[26.25502,49.27818],[26.25827,49.28542],[26.25796,49.28991],[26.25626,49.29363],[26.24494,49.30433],[26.24184,49.3079],[26.23859,49.31224],[26.2344,49.31947],[26.23347,49.32448],[26.23424,49.32986],[26.23905,49.34195],[26.23936,49.34686],[26.23812,49.35267],[26.23114,49.37164],[26.23006,49.3806],[26.23006,49.39161],[26.22913,49.39701],[26.2268,49.40091],[26.22355,49.40344],[26.19854,49.41533],[26.19497,49.41913],[26.1914,49.42468],[26.18226,49.45099],[26.17358,49.46887],[26.15585,49.49419],[26.15027,49.5052],[26.14856,49.51155],[26.14841,49.51651],[26.14918,49.51879],[26.15042,49.52181],[26.16427,49.544],[26.16582,49.54594],[26.168,49.54842],[26.1711,49.55062],[26.17497,49.55269],[26.20195,49.56204],[26.20551,49.56431],[26.20866,49.56695],[26.21063,49.57046],[26.21424,49.58263],[26.21843,49.6086],[26.22091,49.61656],[26.22277,49.62015],[26.22494,49.62343],[26.22789,49.62627],[26.23114,49.62873],[26.24246,49.63508],[26.24649,49.63847],[26.2499,49.64322],[26.25331,49.65221],[26.25378,49.65764],[26.25254,49.66201],[26.24975,49.66472],[26.24634,49.66712],[26.21874,49.68162],[26.21466,49.6849],[26.21063,49.68901],[26.20551,49.69629],[26.20396,49.70157],[26.20396,49.70632],[26.20551,49.71004],[26.21032,49.71645],[26.21311,49.71934],[26.21657,49.72193],[26.22789,49.72828],[26.23083,49.73433],[26.23331,49.74327],[26.23471,49.76296],[26.23455,49.77231],[26.23347,49.779],[26.23207,49.78239],[26.22773,49.78849],[26.2251,49.79128],[26.222,49.79376],[26.19807,49.80626],[26.19435,49.8097],[26.19078,49.81407],[26.18675,49.82187],[26.18613,49.82727],[26.18706,49.83179],[26.18939,49.8368],[26.19156,49.84321],[26.19373,49.85463],[26.19373,49.86109],[26.19264,49.8661],[26.19094,49.86931],[26.1883,49.87215],[26.1852,49.87463],[26.18148,49.8769],[26.16768,49.88326],[26.16272,49.88677],[26.15709,49.89375],[26.15575,49.89866],[26.15606,49.90321],[26.16303,49.91525],[26.16551,49.92191],[26.16567,49.92677],[26.16489,49.93085],[26.16055,49.94103],[26.1512,49.95716],[26.15042,49.9614],[26.15058,49.9646],[26.15244,49.96755],[26.15492,49.97033],[26.15823,49.97287],[26.16195,49.97499],[26.17032,49.97855],[26.2268,49.99098],[26.23099,49.99408],[26.23378,49.99871],[26.23548,50.00718],[26.23254,50.01116],[26.22758,50.01338],[26.21456,50.01431],[26.20804,50.01586],[26.20226,50.01845],[26.19637,50.02299],[26.19528,50.02682],[26.19714,50.02961],[26.20086,50.03173],[26.2189,50.03793],[26.22262,50.04025],[26.22541,50.0431],[26.22804,50.04718],[26.23192,50.05917],[26.23068,50.06335],[26.22773,50.06643],[26.21517,50.0725],[26.21146,50.07514],[26.20804,50.07829],[26.20505,50.08252],[26.2052,50.08632],[26.20768,50.08914],[26.21207,50.09074],[26.24897,50.0925],[26.25982,50.09425],[26.26478,50.09674],[26.26933,50.10051],[26.27305,50.10847],[26.27321,50.11338],[26.27166,50.11746],[26.26913,50.1202],[26.26592,50.12275],[26.25843,50.12733],[26.24928,50.13087],[26.21435,50.13756],[26.2097,50.13901],[26.2066,50.14141],[26.20815,50.1434],[26.21176,50.14531],[26.23316,50.15229],[26.28235,50.16678],[26.30344,50.17554],[26.32039,50.1889],[26.36147,50.23027],[26.36814,50.23518],[26.38354,50.24414],[26.38989,50.24647],[26.39919,50.24887],[26.41268,50.24985],[26.42121,50.24954],[26.43428,50.24742],[26.4408,50.24701],[26.46467,50.24846],[26.47196,50.25037],[26.47986,50.25357],[26.49759,50.2651],[26.50379,50.27008],[26.5151,50.28122],[26.51836,50.2837],[26.55485,50.30044],[26.56384,50.30561],[26.56973,50.30993],[26.5767,50.31993],[26.58477,50.32907],[26.59112,50.33398],[26.63737,50.35553],[26.64311,50.35899],[26.64574,50.36199],[26.64745,50.36514],[26.64838,50.36835],[26.64853,50.37065],[26.64776,50.37744],[26.64822,50.38116],[26.65008,50.38442],[26.6937,50.4069],[26.703,50.41405],[26.70796,50.41997],[26.70874,50.4238],[26.71184,50.42834],[26.71726,50.43268],[26.72786,50.43904],[26.7322,50.44411],[26.73483,50.44904],[26.73561,50.45744],[26.73654,50.46147],[26.7398,50.46488],[26.74553,50.46669],[26.75731,50.46586],[26.78015,50.45914],[26.7862,50.45863],[26.79178,50.45945],[26.79659,50.46147],[26.79953,50.46581],[26.80031,50.46999],[26.79984,50.4741],[26.79798,50.48144],[26.79752,50.48529],[26.79798,50.48932],[26.79953,50.49304],[26.80186,50.49607],[26.80558,50.49963],[26.80713,50.5009],[26.87648,50.51991],[26.89544,50.53082],[26.90149,50.53175],[26.90909,50.53154],[26.92924,50.52643],[26.94929,50.51893],[26.96154,50.51707],[26.96882,50.51759],[26.97642,50.51919],[26.98634,50.52376],[26.99177,50.52733],[26.99828,50.53278],[27.01446,50.54188],[27.02283,50.54555],[27.04205,50.55113],[27.06334,50.55534],[27.06799,50.55681],[27.07218,50.55872],[27.07528,50.56146],[27.08008,50.57324],[27.08442,50.58009],[27.08752,50.5828],[27.09156,50.58521],[27.0976,50.5866],[27.11362,50.58714],[27.1206,50.58528],[27.12618,50.58198],[27.13052,50.57423],[27.13191,50.56872],[27.13222,50.56356],[27.13176,50.55909],[27.13176,50.555],[27.13796,50.55097],[27.14416,50.54844],[27.19227,50.5412]]]}},{"type":"Feature","properties":{"name":"Ternopil","country_iso_a3":"UKR","type":"Oblast'"},"geometry":{"type":"Polygon","coordinates":[[[26.06526,50.26525],[26.07131,50.26468],[26.08309,50.26246],[26.14717,50.24262],[26.1542,50.24159],[26.16055,50.24146],[26.16582,50.2421],[26.19528,50.24996],[26.20319,50.25391],[26.21332,50.26127],[26.21719,50.26246],[26.22184,50.26169],[26.22727,50.25735],[26.23006,50.25316],[26.23099,50.24856],[26.22789,50.24239],[26.22463,50.23854],[26.21719,50.2329],[26.21404,50.23006],[26.20897,50.22381],[26.20458,50.21704],[26.20303,50.21316],[26.20179,50.20908],[26.20241,50.20433],[26.20505,50.19942],[26.21373,50.19399],[26.22107,50.19141],[26.22727,50.18634],[26.23037,50.18236],[26.23316,50.15229],[26.21176,50.14531],[26.20815,50.1434],[26.2066,50.14141],[26.2097,50.13901],[26.21435,50.13756],[26.24928,50.13087],[26.25843,50.12733],[26.26592,50.12275],[26.26913,50.1202],[26.27166,50.11746],[26.27321,50.11338],[26.27305,50.10847],[26.26933,50.10051],[26.26478,50.09674],[26.25982,50.09425],[26.24897,50.0925],[26.21207,50.09074],[26.20768,50.08914],[26.2052,50.08632],[26.20505,50.08252],[26.20804,50.07829],[26.21146,50.07514],[26.21517,50.0725],[26.22773,50.06643],[26.23068,50.06335],[26.23192,50.05917],[26.22804,50.04718],[26.22541,50.0431],[26.22262,50.04025],[26.2189,50.03793],[26.20086,50.03173],[26.19714,50.02961],[26.19528,50.02682],[26.19637,50.02299],[26.20226,50.01845],[26.20804,50.01586],[26.21456,50.01431],[26.22758,50.01338],[26.23254,50.01116],[26.23548,50.00718],[26.23378,49.99871],[26.23099,49.99408],[26.2268,49.99098],[26.17032,49.97855],[26.16195,49.97499],[26.15823,49.97287],[26.15492,49.97033],[26.15244,49.96755],[26.15058,49.9646],[26.15042,49.9614],[26.1512,49.95716],[26.16055,49.94103],[26.16489,49.93085],[26.16567,49.92677],[26.16551,49.92191],[26.16303,49.91525],[26.15606,49.90321],[26.15575,49.89866],[26.15709,49.89375],[26.16272,49.88677],[26.16768,49.88326],[26.18148,49.8769],[26.1852,49.87463],[26.1883,49.87215],[26.19094,49.86931],[26.19264,49.8661],[26.19373,49.86109],[26.19373,49.85463],[26.19156,49.84321],[26.18939,49.8368],[26.18706,49.83179],[26.18613,49.82727],[26.18675,49.82187],[26.19078,49.81407],[26.19435,49.8097],[26.19807,49.80626],[26.222,49.79376],[26.2251,49.79128],[26.22773,49.78849],[26.23207,49.78239],[26.23347,49.779],[26.23455,49.77231],[26.23471,49.76296],[26.23331,49.74327],[26.23083,49.73433],[26.22789,49.72828],[26.21657,49.72193],[26.21311,49.71934],[26.21032,49.71645],[26.20551,49.71004],[26.20396,49.70632],[26.20396,49.70157],[26.20551,49.69629],[26.21063,49.68901],[26.21466,49.6849],[26.21874,49.68162],[26.24634,49.66712],[26.24975,49.66472],[26.25254,49.66201],[26.25378,49.65764],[26.25331,49.65221],[26.2499,49.64322],[26.24649,49.63847],[26.24246,49.63508],[26.23114,49.62873],[26.22789,49.62627],[26.22494,49.62343],[26.22277,49.62015],[26.22091,49.61656],[26.21843,49.6086],[26.21424,49.58263],[26.21063,49.57046],[26.20866,49.56695],[26.20551,49.56431],[26.20195,49.56204],[26.17497,49.55269],[26.1711,49.55062],[26.168,49.54842],[26.16582,49.54594],[26.16427,49.544],[26.15042,49.52181],[26.14918,49.51879],[26.14841,49.51651],[26.14856,49.51155],[26.15027,49.5052],[26.15585,49.49419],[26.17358,49.46887],[26.18226,49.45099],[26.1914,49.42468],[26.19497,49.41913],[26.19854,49.41533],[26.22355,49.40344],[26.2268,49.40091],[26.22913,49.39701],[26.23006,49.39161],[26.23006,49.3806],[26.23114,49.37164],[26.23812,49.35267],[26.23936,49.34686],[26.23905,49.34195],[26.23424,49.32986],[26.23347,49.32448],[26.2344,49.31947],[26.23859,49.31224],[26.24184,49.3079],[26.24494,49.30433],[26.25626,49.29363],[26.25796,49.28991],[26.25827,49.28542],[26.25502,49.27818],[26.24882,49.27027],[26.24758,49.26531],[26.24727,49.25922],[26.24758,49.24935],[26.24525,49.24436],[26.24169,49.24123],[26.22696,49.23761],[26.21812,49.23451],[26.21424,49.2324],[26.21083,49.23002],[26.20784,49.22728],[26.20582,49.2234],[26.20474,49.21834],[26.20489,49.21085],[26.20427,49.20036],[26.19838,49.18493],[26.19807,49.18005],[26.19916,49.17457],[26.20396,49.16703],[26.20768,49.16284],[26.21859,49.15491],[26.22076,49.15173],[26.22184,49.14803],[26.22014,49.14294],[26.21373,49.13178],[26.21239,49.1278],[26.21094,49.11912],[26.21176,49.11421],[26.21373,49.10904],[26.22882,49.08677],[26.23052,49.08362],[26.23161,49.07946],[26.23145,49.07452],[26.22835,49.06693],[26.2251,49.06264],[26.22122,49.05951],[26.21053,49.05282],[26.20427,49.04755],[26.20164,49.0446],[26.19947,49.04132],[26.19947,49.03613],[26.20133,49.02982],[26.20804,49.01938],[26.21797,49.00662],[26.22122,49.00068],[26.22076,48.99934],[26.21435,48.99306],[26.20257,48.9907],[26.19916,48.98853],[26.19854,48.9845],[26.2035,48.97593],[26.20536,48.97066],[26.20412,48.96536],[26.20009,48.96311],[26.19094,48.95975],[26.18877,48.95691],[26.18908,48.95303],[26.19745,48.9444],[26.20055,48.94006],[26.20226,48.93502],[26.20179,48.92603],[26.20024,48.92058],[26.19807,48.91621],[26.19574,48.91304],[26.19389,48.90962],[26.19249,48.90596],[26.19296,48.90239],[26.19543,48.90004],[26.20179,48.89973],[26.21239,48.90167],[26.21688,48.90213],[26.22107,48.90048],[26.22293,48.89725],[26.22246,48.89162],[26.21859,48.87854],[26.21435,48.84705],[26.21517,48.84244],[26.21719,48.83728],[26.23145,48.82314],[26.23486,48.82082],[26.23874,48.81883],[26.25889,48.81299],[26.26292,48.81097],[26.26416,48.80824],[26.26168,48.80477],[26.25703,48.80312],[26.24556,48.80188],[26.24138,48.80046],[26.23982,48.79754],[26.23859,48.79064],[26.23626,48.78772],[26.23068,48.78229],[26.22851,48.77919],[26.22866,48.77501],[26.23176,48.77072],[26.24479,48.76105],[26.24913,48.75697],[26.2513,48.75237],[26.2499,48.7471],[26.24541,48.73971],[26.24401,48.73602],[26.2437,48.73214],[26.24432,48.71251],[26.2437,48.70832],[26.24246,48.70429],[26.23735,48.6932],[26.2361,48.68912],[26.23548,48.68496],[26.23735,48.67992],[26.24215,48.67481],[26.25409,48.66742],[26.26261,48.66457],[26.27057,48.66318],[26.27662,48.66287],[26.28189,48.66163],[26.28452,48.65884],[26.28391,48.65401],[26.28251,48.6498],[26.28267,48.6454],[26.28499,48.64124],[26.29367,48.63721],[26.29956,48.63667],[26.30437,48.63801],[26.31041,48.64334],[26.31336,48.64422],[26.31631,48.64277],[26.31708,48.63644],[26.31708,48.63202],[26.31631,48.62902],[26.3146,48.62615],[26.307,48.6174],[26.30483,48.61398],[26.30468,48.60998],[26.30669,48.60561],[26.31507,48.60034],[26.32111,48.59734],[26.34132,48.59006],[26.34628,48.58771],[26.35543,48.58166],[26.36891,48.57605],[26.37155,48.57357],[26.36907,48.56936],[26.36488,48.56766],[26.35992,48.56691],[26.35573,48.56567],[26.35403,48.56161],[26.35744,48.55373],[26.36519,48.54009],[26.38054,48.51709],[26.35501,48.51011],[26.32659,48.51156],[26.29414,48.51988],[26.26902,48.53016],[26.25672,48.53342],[26.23889,48.53414],[26.18086,48.5267],[26.1495,48.53957],[26.14453,48.56797],[26.14577,48.59636],[26.13306,48.60923],[26.1049,48.61109],[26.10231,48.60657],[26.10231,48.59218],[26.10583,48.58086],[26.11389,48.57042],[26.12965,48.55461],[26.11725,48.54195],[26.09911,48.54076],[26.07978,48.54729],[26.06418,48.55771],[26.0526,48.57171],[26.05162,48.58306],[26.06077,48.61605],[26.06077,48.60923],[26.06232,48.62835],[26.0586,48.64189],[26.04914,48.64765],[26.03343,48.64339],[26.02893,48.6377],[26.02475,48.62137],[26.01979,48.61605],[26.01033,48.61548],[25.98563,48.62352],[25.97379,48.61636],[25.9602,48.59641],[25.94408,48.58877],[25.92785,48.58685],[25.91163,48.58815],[25.863,48.60081],[25.86259,48.60354],[25.86336,48.61264],[25.85959,48.61874],[25.83856,48.63657],[25.82099,48.64509],[25.80889,48.66106],[25.79355,48.67005],[25.76657,48.65765],[25.76001,48.64881],[25.75748,48.63969],[25.75334,48.63259],[25.74234,48.62972],[25.73117,48.63517],[25.72301,48.65905],[25.71505,48.66447],[25.67118,48.66726],[25.6488,48.67145],[25.63619,48.67811],[25.63723,48.68364],[25.64296,48.68948],[25.64627,48.69726],[25.63991,48.70855],[25.6304,48.71677],[25.62761,48.71827],[25.62839,48.72018],[25.62937,48.72964],[25.63294,48.73609],[25.63893,48.73912],[25.64007,48.74504],[25.62937,48.76007],[25.62301,48.76372],[25.59527,48.77434],[25.56545,48.79343],[25.54839,48.79904],[25.52292,48.80105],[25.50556,48.8048],[25.4823,48.81397],[25.46111,48.82529],[25.45,48.83578],[25.45739,48.84167],[25.46271,48.84834],[25.47109,48.8625],[25.46235,48.86363],[25.4469,48.86875],[25.44039,48.86994],[25.43161,48.86715],[25.43124,48.86079],[25.43295,48.85387],[25.43078,48.84945],[25.41445,48.84694],[25.40096,48.84968],[25.38871,48.85402],[25.37616,48.8563],[25.35611,48.85459],[25.3513,48.84958],[25.35373,48.8409],[25.35564,48.82834],[25.35409,48.81387],[25.35099,48.81299],[25.34324,48.81632],[25.32774,48.8147],[25.2772,48.78142],[25.251,48.77516],[25.23896,48.80105],[25.25007,48.81769],[25.30655,48.82831],[25.32774,48.84201],[25.27363,48.85898],[25.25007,48.85945],[25.22531,48.84201],[25.22221,48.8597],[25.22671,48.88678],[25.23565,48.9119],[25.24578,48.92394],[25.24578,48.93138],[25.23126,48.9321],[25.21947,48.92944],[25.19736,48.91774],[25.18909,48.91074],[25.18309,48.9036],[25.17984,48.89536],[25.17798,48.88405],[25.17364,48.87164],[25.16558,48.86549],[25.15255,48.87304],[25.12858,48.89818],[25.12299,48.90761],[25.12227,48.91774],[25.12966,48.9344],[25.12889,48.94435],[25.11963,48.95138],[25.06703,48.97246],[25.05153,48.97432],[25.01003,48.96859],[24.99256,48.96962],[24.97815,48.97711],[24.96399,48.99282],[24.95933,49.00161],[24.9582,49.00802],[24.95649,49.01391],[24.95034,49.02076],[24.94213,49.02517],[24.90936,49.0338],[24.89882,49.03907],[24.89758,49.03985],[24.89557,49.04287],[24.89402,49.04621],[24.89371,49.05],[24.89417,49.0537],[24.89572,49.05721],[24.89882,49.05964],[24.90363,49.06106],[24.90905,49.06161],[24.91541,49.0615],[24.92709,49.05969],[24.95561,49.05016],[24.96631,49.04796],[24.97189,49.04776],[24.97722,49.0483],[24.98187,49.04954],[24.98559,49.05174],[24.98869,49.05427],[24.99132,49.05721],[24.99287,49.06062],[24.99272,49.06419],[24.99132,49.06747],[24.989,49.07034],[24.98698,49.07344],[24.98559,49.07693],[24.98481,49.08073],[24.98466,49.08904],[24.98373,49.09401],[24.98156,49.0992],[24.97639,49.10656],[24.97174,49.11039],[24.96678,49.11297],[24.93623,49.11649],[24.91711,49.12269],[24.91184,49.12315],[24.90673,49.1224],[24.90223,49.12093],[24.89402,49.1169],[24.89029,49.11462],[24.88564,49.11261],[24.88022,49.11122],[24.87092,49.11168],[24.8659,49.11369],[24.86239,49.11643],[24.86001,49.11938],[24.85846,49.12274],[24.85722,49.12636],[24.85722,49.13049],[24.85769,49.13481],[24.85955,49.14325],[24.86001,49.14754],[24.86001,49.15163],[24.85924,49.15545],[24.85211,49.16847],[24.85102,49.17173],[24.85118,49.17529],[24.85242,49.17881],[24.85505,49.18165],[24.85815,49.18423],[24.8734,49.19258],[24.8765,49.19514],[24.87898,49.19834],[24.88084,49.20175],[24.88192,49.20581],[24.88254,49.21002],[24.8827,49.21421],[24.88239,49.21829],[24.88161,49.22216],[24.87913,49.2294],[24.8751,49.23886],[24.87076,49.24594],[24.86704,49.25017],[24.86652,49.25038],[24.84559,49.2555],[24.84094,49.2586],[24.83831,49.26221],[24.83722,49.26593],[24.83567,49.27784],[24.83102,49.29668],[24.82808,49.30368],[24.82606,49.30681],[24.82451,49.31022],[24.82343,49.31379],[24.82358,49.31782],[24.82467,49.32174],[24.82653,49.32531],[24.83149,49.33146],[24.83304,49.33513],[24.83288,49.33957],[24.82668,49.3497],[24.82172,49.35608],[24.80415,49.38887],[24.78849,49.40887],[24.70705,49.49179],[24.71976,49.51026],[24.72348,49.52266],[24.72906,49.55501],[24.73341,49.56028],[24.73883,49.56305],[24.7517,49.56251],[24.75764,49.56142],[24.7657,49.56178],[24.77516,49.56343],[24.94817,49.62715],[24.95422,49.6303],[24.98218,49.66472],[24.98838,49.675],[24.98993,49.67862],[24.9938,49.68575],[25.01613,49.71345],[25.02155,49.71764],[25.02667,49.71996],[25.03137,49.71955],[25.03416,49.71733],[25.03675,49.71464],[25.04021,49.71229],[25.04563,49.71105],[25.05788,49.71058],[25.06672,49.71128],[25.07261,49.71273],[25.09467,49.7212],[25.10134,49.72534],[25.10584,49.72932],[25.10723,49.73304],[25.10816,49.73696],[25.10801,49.74092],[25.10677,49.7443],[25.10537,49.7473],[25.10289,49.75066],[25.0861,49.76699],[25.07943,49.77629],[25.07804,49.77986],[25.07773,49.78384],[25.07835,49.78792],[25.08486,49.80544],[25.08842,49.81249],[25.09307,49.81572],[25.09886,49.81727],[25.14599,49.8212],[25.15674,49.82311],[25.1662,49.82595],[25.24004,49.83505],[25.24531,49.83618],[25.28102,49.849],[25.30272,49.85287],[25.30862,49.85466],[25.32805,49.86254],[25.33347,49.8638],[25.34836,49.86476],[25.35874,49.86672],[25.376,49.87254],[25.38422,49.87641],[25.3898,49.88006],[25.39259,49.88298],[25.39492,49.8861],[25.39631,49.88951],[25.39662,49.89339],[25.39585,49.89711],[25.39429,49.90052],[25.39259,49.90378],[25.38825,49.90982],[25.38747,49.91401],[25.3884,49.9192],[25.39321,49.92701],[25.39786,49.93085],[25.40375,49.93272],[25.41786,49.93323],[25.42763,49.93509],[25.43202,49.93806],[25.43388,49.9416],[25.43357,49.94537],[25.43233,49.94884],[25.43047,49.95209],[25.42814,49.95494],[25.416,49.96527],[25.41352,49.96809],[25.4098,49.97452],[25.40716,49.97744],[25.40375,49.97974],[25.38236,49.98938],[25.37864,49.9916],[25.37275,49.99648],[25.37037,49.99974],[25.36965,50.00137],[25.36779,50.0062],[25.36758,50.01312],[25.36996,50.02821],[25.37099,50.0324],[25.37476,50.0355],[25.38127,50.03671],[25.39414,50.03493],[25.40034,50.03235],[25.40747,50.0277],[25.41073,50.02795],[25.4129,50.03253],[25.41445,50.03687],[25.41553,50.04599],[25.41553,50.05018],[25.41414,50.05782],[25.41383,50.06165],[25.41476,50.06558],[25.41631,50.06919],[25.41941,50.07188],[25.44845,50.08315],[25.4545,50.08787],[25.45837,50.0924],[25.45992,50.09614],[25.46706,50.10521],[25.46706,50.1086],[25.46535,50.11151],[25.46225,50.1141],[25.45031,50.1204],[25.4469,50.12275],[25.44396,50.12542],[25.44241,50.12867],[25.44148,50.13226],[25.44287,50.14051],[25.44876,50.15627],[25.45078,50.15978],[25.45341,50.16273],[25.46101,50.16412],[25.47264,50.16345],[25.49749,50.15885],[25.51904,50.15247],[25.54436,50.14831],[25.55119,50.14536],[25.5563,50.14252],[25.56033,50.14079],[25.56669,50.14076],[25.57506,50.1434],[25.58064,50.14583],[25.6024,50.15963],[25.60689,50.16089],[25.61154,50.1612],[25.6179,50.15833],[25.62472,50.15213],[25.62922,50.15058],[25.63588,50.15079],[25.6458,50.15446],[25.65159,50.15746],[25.66679,50.16733],[25.67578,50.17058],[25.69283,50.17311],[25.80905,50.17916],[25.82275,50.18376],[25.8305,50.18782],[25.92326,50.25282],[25.94718,50.26453],[25.95664,50.26437],[25.96997,50.26267],[25.99855,50.25569],[26.01219,50.25378],[26.02196,50.25337],[26.04867,50.26313],[26.05363,50.26435],[26.05906,50.26515],[26.06526,50.26525]]]}},{"type":"Feature","properties":{"name":"Dnipropetrovsk","country_iso_a3":"UKR","type":"Oblast'"},"geometry":{"type":"Polygon","coordinates":[[[34.98394,49.16372],[35.01841,49.15971],[35.03159,49.16186],[35.03593,49.16346],[35.04136,49.16346],[35.04771,49.16191],[35.05701,49.15695],[35.0643,49.15436],[35.07458,49.15374],[35.09737,49.15677],[35.10326,49.15664],[35.12843,49.15374],[35.14781,49.15343],[35.15277,49.15243],[35.16982,49.14723],[35.19886,49.13359],[35.20662,49.12847],[35.21142,49.12408],[35.2139,49.11742],[35.21561,49.11426],[35.21902,49.11147],[35.28418,49.077],[35.29054,49.07119],[35.294,49.06631],[35.29803,49.06264],[35.32532,49.05029],[35.33028,49.04706],[35.34785,49.03132],[35.36133,49.02202],[35.42045,49.00021],[35.43611,48.99117],[35.45642,48.9766],[35.46247,48.97489],[35.47027,48.97375],[35.48329,48.97422],[35.50376,48.9768],[35.50872,48.97688],[35.55977,48.97161],[35.56504,48.97221],[35.56954,48.9736],[35.57357,48.97541],[35.5792,48.97582],[35.58602,48.97474],[35.60308,48.96551],[35.60773,48.96218],[35.61254,48.96001],[35.6192,48.95869],[35.64902,48.95944],[35.65568,48.9582],[35.66282,48.95577],[35.67212,48.95045],[35.67925,48.94797],[35.68871,48.94812],[35.69418,48.94983],[35.70318,48.9537],[35.71108,48.9536],[35.75284,48.94549],[35.77299,48.93942],[35.78369,48.93453],[35.79438,48.93422],[35.80064,48.93518],[35.8056,48.93712],[35.80947,48.93908],[35.81862,48.94174],[35.82405,48.94218],[35.83366,48.94422],[35.838,48.9458],[35.85366,48.9536],[35.87076,48.96016],[35.91841,48.97107],[35.93066,48.97639],[35.93965,48.97456],[35.95251,48.96869],[35.9797,48.952],[35.98869,48.94373],[35.99287,48.93686],[35.9921,48.93288],[35.99179,48.92898],[35.99318,48.92572],[35.99985,48.91877],[36.01783,48.90539],[36.02062,48.90291],[36.02202,48.90012],[36.02062,48.89707],[36.01845,48.89386],[36.00683,48.88149],[36.00357,48.87877],[35.99985,48.8765],[35.97427,48.86715],[35.96683,48.86281],[35.96337,48.86033],[35.96104,48.85748],[35.96197,48.8549],[35.96693,48.85309],[36.00032,48.85438],[36.00528,48.8534],[36.0121,48.85087],[36.02936,48.841],[36.03726,48.83774],[36.06377,48.83232],[36.07214,48.82911],[36.0754,48.82374],[36.07509,48.81955],[36.07928,48.81454],[36.08848,48.80976],[36.11018,48.80147],[36.11948,48.79676],[36.12537,48.79263],[36.13111,48.78361],[36.13684,48.77987],[36.16372,48.76726],[36.1693,48.76193],[36.17069,48.75775],[36.16837,48.75511],[36.1662,48.75315],[36.16092,48.74927],[36.14077,48.74036],[36.13736,48.7377],[36.13488,48.73429],[36.13266,48.73067],[36.13188,48.7269],[36.13281,48.72369],[36.13777,48.72054],[36.1755,48.70313],[36.19942,48.6862],[36.27094,48.64701],[36.28335,48.6369],[36.28567,48.63411],[36.28691,48.63114],[36.28583,48.6277],[36.28381,48.62427],[36.27017,48.60804],[36.268,48.60463],[36.26676,48.60109],[36.26753,48.59781],[36.27017,48.59522],[36.28614,48.5866],[36.30386,48.57476],[36.30645,48.57228],[36.30758,48.5699],[36.30583,48.56727],[36.30324,48.56458],[36.27652,48.54391],[36.27405,48.54104],[36.2728,48.5381],[36.2742,48.53544],[36.28428,48.52825],[36.28877,48.52704],[36.29404,48.52722],[36.30231,48.53171],[36.31146,48.53843],[36.31518,48.54055],[36.31967,48.54151],[36.32572,48.53998],[36.33053,48.5381],[36.33812,48.53332],[36.34215,48.53138],[36.34929,48.5313],[36.35812,48.53383],[36.37476,48.54164],[36.37802,48.54582],[36.37724,48.54908],[36.36887,48.55319],[36.36546,48.55549],[36.36453,48.55846],[36.36592,48.56161],[36.38236,48.58055],[36.45496,48.63822],[36.47098,48.64587],[36.47718,48.64688],[36.4854,48.64685],[36.50137,48.64287],[36.54576,48.62649],[36.56142,48.61778],[36.56653,48.6137],[36.57289,48.60716],[36.57614,48.60463],[36.58343,48.60267],[36.59495,48.60156],[36.63108,48.60334],[36.641,48.60603],[36.64896,48.61238],[36.66725,48.62096],[36.72544,48.62592],[36.72869,48.61646],[36.72931,48.61324],[36.7304,48.60918],[36.7321,48.60608],[36.73443,48.60344],[36.73831,48.60158],[36.74327,48.60112],[36.77851,48.60561],[36.78332,48.6053],[36.78719,48.6037],[36.78998,48.60122],[36.7906,48.59807],[36.78983,48.59504],[36.78518,48.59223],[36.77649,48.58815],[36.77308,48.58566],[36.76254,48.57182],[36.75774,48.56934],[36.75324,48.56737],[36.74931,48.56396],[36.74714,48.55817],[36.74668,48.53916],[36.7473,48.53383],[36.74854,48.53091],[36.75117,48.52923],[36.75541,48.52905],[36.78688,48.5314],[36.79138,48.53267],[36.7951,48.53482],[36.79789,48.5381],[36.80006,48.54213],[36.80719,48.56409],[36.80957,48.56908],[36.81406,48.57559],[36.81918,48.57825],[36.82445,48.57977],[36.86817,48.58241],[36.87907,48.5812],[36.8831,48.57931],[36.88558,48.57667],[36.88744,48.57362],[36.88868,48.57037],[36.89054,48.55972],[36.89209,48.53786],[36.89101,48.53399],[36.88868,48.53016],[36.88186,48.52619],[36.87117,48.52236],[36.85747,48.51874],[36.85422,48.51652],[36.85267,48.51316],[36.85499,48.5036],[36.85639,48.5003],[36.85747,48.49818],[36.8584,48.49565],[36.85856,48.49267],[36.85654,48.48944],[36.85142,48.48658],[36.84181,48.48298],[36.83825,48.48022],[36.83546,48.47634],[36.83499,48.44549],[36.83794,48.44175],[36.84615,48.43684],[36.84724,48.43397],[36.84274,48.42955],[36.83825,48.42681],[36.81515,48.41973],[36.81143,48.41717],[36.80895,48.41314],[36.80926,48.40521],[36.81019,48.4001],[36.81468,48.3864],[36.81902,48.35744],[36.8184,48.35247],[36.81236,48.33075],[36.81184,48.32571],[36.81267,48.32222],[36.81422,48.31902],[36.81654,48.31628],[36.81995,48.31442],[36.8246,48.31387],[36.8291,48.31478],[36.83794,48.31741],[36.84817,48.31881],[36.8536,48.31881],[36.85856,48.31829],[36.86259,48.31682],[36.86496,48.31426],[36.86651,48.31121],[36.86755,48.30798],[36.86946,48.30542],[36.87334,48.30439],[36.89613,48.30201],[36.90109,48.30031],[36.90403,48.2977],[36.90558,48.29444],[36.90698,48.28372],[36.90868,48.27685],[36.91147,48.27049],[36.9138,48.26382],[36.92253,48.22504],[36.92284,48.22202],[36.92357,48.21887],[36.92419,48.21538],[36.92703,48.20512],[36.92718,48.2015],[36.9247,48.19649],[36.91954,48.1905],[36.90512,48.18093],[36.89675,48.1769],[36.88961,48.17458],[36.87954,48.17308],[36.87535,48.17081],[36.87194,48.16745],[36.86977,48.16104],[36.86962,48.15644],[36.87008,48.15231],[36.87675,48.12494],[36.87923,48.11846],[36.88946,48.09996],[36.89147,48.09322],[36.8938,48.07908],[36.8938,48.07531],[36.89349,48.07149],[36.89256,48.06756],[36.88636,48.06148],[36.87613,48.05386],[36.85127,48.03986],[36.83902,48.03448],[36.82941,48.03211],[36.82383,48.03309],[36.78843,48.04513],[36.75055,48.05257],[36.74559,48.05433],[36.74156,48.05645],[36.73846,48.05908],[36.73427,48.06862],[36.73148,48.0713],[36.72807,48.07363],[36.72373,48.07562],[36.66508,48.08807],[36.65965,48.08828],[36.65438,48.08794],[36.62022,48.08182],[36.60317,48.082],[36.59806,48.08141],[36.5934,48.08037],[36.58906,48.07893],[36.58467,48.07642],[36.58064,48.07319],[36.57692,48.06704],[36.57506,48.05823],[36.57134,47.99997],[36.57196,47.99552],[36.57661,47.98203],[36.57661,47.97072],[36.58111,47.96524],[36.58622,47.96234],[36.60426,47.96048],[36.60937,47.95911],[36.6134,47.95702],[36.61619,47.95433],[36.61805,47.95134],[36.61945,47.94813],[36.62612,47.93573],[36.63278,47.9271],[36.63402,47.92426],[36.63387,47.92173],[36.62891,47.91966],[36.61805,47.91826],[36.58457,47.91811],[36.57847,47.91728],[36.57242,47.91568],[36.56483,47.91196],[36.55832,47.91072],[36.54173,47.91025],[36.5377,47.90819],[36.53444,47.90503],[36.53207,47.89966],[36.53134,47.89527],[36.53113,47.89113],[36.53134,47.88739],[36.53305,47.88364],[36.53677,47.88013],[36.54591,47.87695],[36.56002,47.87418],[36.56591,47.87062],[36.56948,47.86736],[36.57614,47.84421],[36.39197,47.82571],[36.38778,47.82711],[36.38453,47.82933],[36.3791,47.83465],[36.37569,47.83698],[36.37151,47.83873],[36.36655,47.83961],[36.36122,47.83987],[36.35471,47.83873],[36.34727,47.83649],[36.33642,47.83057],[36.33146,47.82571],[36.32526,47.81775],[36.31844,47.81517],[36.30789,47.81383],[36.28598,47.81331],[36.27497,47.81439],[36.26738,47.81615],[36.25668,47.82302],[36.25234,47.82496],[36.24702,47.82623],[36.22438,47.82762],[36.21927,47.82861],[36.21493,47.83031],[36.21307,47.8332],[36.21229,47.83672],[36.21198,47.84028],[36.2095,47.85444],[36.20842,47.85775],[36.20671,47.86064],[36.20345,47.86276],[36.1988,47.86341],[36.19348,47.86354],[36.18744,47.86235],[36.18108,47.86023],[36.17317,47.85465],[36.16883,47.8501],[36.16325,47.8423],[36.16,47.83966],[36.15224,47.83791],[36.10661,47.8347],[36.09824,47.83553],[36.09514,47.83773],[36.09266,47.84039],[36.08832,47.8423],[36.07866,47.84517],[36.07649,47.84757],[36.0754,47.85083],[36.07478,47.85424],[36.07214,47.85692],[36.063,47.86085],[36.06067,47.86359],[36.05959,47.867],[36.05959,47.87062],[36.06083,47.87377],[36.06377,47.87555],[36.07122,47.87465],[36.07571,47.87256],[36.083,47.86778],[36.08754,47.86721],[36.09282,47.86834],[36.0984,47.87336],[36.10134,47.87803],[36.1094,47.89496],[36.11638,47.90576],[36.11778,47.90943],[36.11778,47.91289],[36.11669,47.91609],[36.11483,47.91919],[36.11359,47.92245],[36.11359,47.92591],[36.11452,47.92948],[36.11762,47.93622],[36.11762,47.93868],[36.117,47.93963],[36.11467,47.93981],[36.08692,47.93842],[36.08238,47.94002],[36.07959,47.94162],[36.07824,47.94356],[36.07587,47.94576],[36.07245,47.94762],[36.06811,47.94899],[36.06315,47.94984],[36.05912,47.95113],[36.05788,47.95408],[36.05943,47.96534],[36.05928,47.96906],[36.05664,47.98317],[36.05478,47.98994],[36.05308,47.99304],[36.0506,47.9958],[36.04641,47.99785],[36.04114,47.99909],[36.0275,48.00074],[36.02409,48.00198],[36.0213,48.00423],[36.02099,48.00756],[36.02253,48.01105],[36.02533,48.01412],[36.02827,48.01686],[36.04176,48.02689],[36.04455,48.03004],[36.04672,48.0334],[36.04765,48.0372],[36.04672,48.04043],[36.04471,48.0433],[36.03974,48.04415],[36.03246,48.0427],[36.00016,48.02808],[35.99582,48.02707],[35.98977,48.02627],[35.97892,48.02637],[35.97458,48.02864],[35.97225,48.03177],[35.97256,48.0395],[35.9721,48.04301],[35.96683,48.05226],[35.9659,48.05575],[35.96569,48.05947],[35.96652,48.06358],[35.97034,48.07657],[35.97086,48.08053],[35.96993,48.08391],[35.96755,48.08678],[35.96399,48.08911],[35.95918,48.09071],[35.9536,48.09148],[35.94228,48.09182],[35.88285,48.08203],[35.82854,48.06707],[35.81645,48.06596],[35.80885,48.06683],[35.79392,48.08337],[35.79051,48.08575],[35.78617,48.08781],[35.78105,48.08942],[35.73232,48.09593],[35.72751,48.09763],[35.72364,48.09985],[35.71093,48.10985],[35.70287,48.11781],[35.69961,48.12027],[35.69604,48.12262],[35.69155,48.12445],[35.68592,48.1259],[35.67413,48.12698],[35.64607,48.12432],[35.60432,48.11634],[35.59533,48.11334],[35.5792,48.10461],[35.55636,48.08895],[35.5466,48.08453],[35.53078,48.08068],[35.52189,48.07939],[35.51476,48.07939],[35.51166,48.08001],[35.49709,48.08523],[35.34005,48.10399],[35.27473,48.1258],[35.25457,48.12967],[35.24511,48.13019],[35.19111,48.12373],[35.1737,48.12094],[35.16455,48.11913],[35.15618,48.1198],[35.12874,48.12807],[35.11815,48.12905],[35.1014,48.12872],[35.08084,48.12577],[35.07407,48.12275],[35.06502,48.11975],[35.04771,48.11825],[35.0381,48.11825],[35.02864,48.11944],[35.01743,48.11665],[35.00177,48.11066],[34.96906,48.09195],[34.94312,48.08099],[34.88602,48.08089],[34.88059,48.082],[34.87656,48.08404],[34.87454,48.08699],[34.87315,48.09027],[34.87129,48.09709],[34.8702,48.10427],[34.87005,48.11102],[34.87036,48.11634],[34.86989,48.11934],[34.86726,48.12156],[34.86261,48.12246],[34.85703,48.12285],[34.85144,48.12275],[34.84586,48.12084],[34.84054,48.1175],[34.83589,48.10859],[34.83527,48.10334],[34.83604,48.09887],[34.84038,48.08926],[34.84566,48.08079],[34.84628,48.07872],[34.84648,48.07727],[34.84493,48.07332],[34.84349,48.0705],[34.84225,48.06536],[34.84023,48.04131],[34.83837,48.03813],[34.8348,48.03469],[34.82116,48.02875],[34.8162,48.0258],[34.81372,48.01986],[34.81341,48.01552],[34.81496,48.01201],[34.81791,48.01009],[34.82271,48.00927],[34.83356,48.00896],[34.83868,48.00839],[34.84225,48.00655],[34.844,48.004],[34.84462,48.00151],[34.84493,47.99593],[34.84535,47.99268],[34.84628,47.98916],[34.84803,47.98606],[34.8502,47.98317],[34.8533,47.98071],[34.85703,47.97839],[34.86679,47.9749],[34.90353,47.96839],[34.90839,47.96668],[34.9118,47.96436],[34.91413,47.96141],[34.91661,47.95485],[34.91692,47.95116],[34.9163,47.94715],[34.91506,47.94286],[34.91211,47.93842],[34.90731,47.93439],[34.89656,47.93108],[34.85268,47.92446],[34.84648,47.92206],[34.81977,47.90674],[34.81434,47.90188],[34.81047,47.89485],[34.80876,47.88971],[34.80767,47.88498],[34.80783,47.88121],[34.80814,47.87754],[34.80953,47.87429],[34.81171,47.87139],[34.81837,47.86666],[34.89578,47.83478],[34.90188,47.83083],[34.90353,47.82892],[34.90415,47.82726],[34.90384,47.82421],[34.9026,47.82049],[34.90002,47.81636],[34.89113,47.80499],[34.88772,47.79894],[34.88664,47.79419],[34.8871,47.79044],[34.88819,47.78713],[34.88958,47.78388],[34.89051,47.7805],[34.89036,47.77657],[34.88664,47.76375],[34.88633,47.76013],[34.88881,47.75745],[34.89377,47.75574],[34.91165,47.7523],[34.93568,47.75006],[34.94079,47.74851],[34.94436,47.74621],[34.94529,47.74277],[34.94544,47.73889],[34.93413,47.69226],[34.92653,47.67678],[34.91862,47.64717],[34.91227,47.63017],[34.89733,47.60428],[34.89578,47.60087],[34.89532,47.59725],[34.89671,47.5942],[34.90002,47.59182],[34.91955,47.58154],[34.92576,47.57684],[34.92824,47.57405],[34.92979,47.57084],[34.9301,47.56717],[34.92963,47.5633],[34.92327,47.54193],[34.92188,47.53886],[34.91614,47.53087],[34.91056,47.52625],[34.90731,47.52436],[34.89826,47.52325],[34.83263,47.52591],[34.7299,47.53917],[34.64458,47.56361],[34.59461,47.56862],[34.58376,47.56717],[34.44594,47.52289],[34.31933,47.50519],[34.20373,47.47839],[34.15748,47.4739],[34.05821,47.48072],[33.90179,47.51446],[33.87972,47.51374],[33.75249,47.491],[33.65441,47.48682],[33.64278,47.48852],[33.6403,47.49131],[33.63488,47.5017],[33.63302,47.50441],[33.63023,47.50764],[33.62434,47.51162],[33.61705,47.51235],[33.59452,47.5108],[33.58816,47.51219],[33.58444,47.51472],[33.58289,47.51793],[33.57901,47.52762],[33.57529,47.53428],[33.57529,47.53759],[33.57669,47.54097],[33.5787,47.54459],[33.58646,47.55394],[33.58847,47.55694],[33.58878,47.56004],[33.58692,47.56371],[33.58305,47.56761],[33.57545,47.57281],[33.56909,47.57462],[33.56289,47.57536],[33.50331,47.56712],[33.49742,47.56544],[33.49427,47.56415],[33.4921,47.5619],[33.49148,47.55873],[33.49194,47.55539],[33.49365,47.54836],[33.49396,47.54469],[33.49365,47.54103],[33.49179,47.53762],[33.489,47.53498],[33.48527,47.53273],[33.47675,47.52992],[33.3706,47.5155],[33.36595,47.51436],[33.36208,47.51255],[33.35929,47.50986],[33.35758,47.50677],[33.35665,47.50361],[33.35603,47.50038],[33.3551,47.49932],[33.35247,47.4979],[33.3458,47.49529],[33.33944,47.49509],[33.3335,47.49573],[33.32265,47.5003],[33.31319,47.50596],[33.30668,47.5108],[33.30405,47.51359],[33.30203,47.51653],[33.30032,47.51963],[33.2966,47.52945],[33.29319,47.53565],[33.28343,47.53932],[33.2671,47.5433],[33.19341,47.55392],[33.18472,47.55777],[33.17015,47.56681],[33.16545,47.56852],[33.08928,47.58286],[33.0052,47.5917],[32.99771,47.59363],[32.99419,47.59544],[32.99213,47.5987],[32.99166,47.60325],[32.99492,47.61102],[32.99791,47.61513],[33.00039,47.61769],[33.01264,47.62619],[33.01838,47.63187],[33.02039,47.63642],[33.0207,47.6426],[33.01853,47.65254],[33.01652,47.65818],[33.01435,47.66262],[33.00675,47.67477],[32.99073,47.69461],[32.98484,47.70365],[32.98376,47.70688],[32.98376,47.71001],[32.98779,47.71332],[32.99605,47.71704],[33.0021,47.71895],[33.03977,47.72608],[33.08339,47.72877],[33.08695,47.73171],[33.08773,47.73719],[33.08215,47.75011],[33.07688,47.75595],[33.07191,47.76013],[33.06773,47.7621],[33.06416,47.76432],[33.06122,47.76876],[33.06029,47.77558],[33.06075,47.83088],[33.06215,47.83773],[33.06385,47.84315],[33.06618,47.84664],[33.06819,47.85021],[33.06959,47.85455],[33.07098,47.87744],[33.07315,47.88276],[33.0761,47.88648],[33.07936,47.88894],[33.0823,47.8917],[33.08277,47.89594],[33.07967,47.90152],[33.06912,47.91098],[33.0623,47.91367],[33.05579,47.91485],[33.05062,47.91418],[33.04504,47.91408],[33.03931,47.91454],[33.0345,47.91599],[33.03171,47.91974],[33.0314,47.92571],[33.03931,47.94431],[33.04535,47.95392],[33.04613,47.9602],[33.03528,47.96653],[33.04613,48.00007],[33.0575,48.0258],[33.06153,48.02896],[33.06881,48.03255],[33.07641,48.03366],[33.08788,48.03898],[33.09501,48.04549],[33.10401,48.05748],[33.11129,48.0642],[33.12002,48.06978],[33.13429,48.07696],[33.14266,48.08011],[33.14948,48.08172],[33.18705,48.07952],[33.21123,48.08399],[33.21795,48.08704],[33.22229,48.09045],[33.2257,48.09805],[33.2271,48.10228],[33.22818,48.11045],[33.22756,48.11794],[33.22617,48.12518],[33.22586,48.13288],[33.22803,48.1413],[33.23299,48.15326],[33.23826,48.1706],[33.24198,48.17391],[33.24632,48.1752],[33.25004,48.1746],[33.25221,48.17231],[33.25407,48.16946],[33.26214,48.14249],[33.26214,48.13965],[33.26058,48.13706],[33.25795,48.13432],[33.25562,48.13143],[33.25438,48.12807],[33.25423,48.12445],[33.25454,48.12078],[33.25702,48.11024],[33.25903,48.10688],[33.26245,48.10425],[33.2688,48.10272],[33.27283,48.1044],[33.27583,48.1073],[33.28327,48.12332],[33.29211,48.13753],[33.29474,48.14078],[33.33526,48.17081],[33.34068,48.17724],[33.34409,48.18352],[33.34813,48.18595],[33.35293,48.1861],[33.35712,48.18427],[33.36037,48.18187],[33.36301,48.17913],[33.36611,48.17659],[33.36952,48.17453],[33.37324,48.17282],[33.37805,48.17205],[33.3844,48.17194],[33.39639,48.17324],[33.4029,48.17525],[33.40786,48.17778],[33.41639,48.18523],[33.45644,48.21075],[33.45938,48.21354],[33.47055,48.22799],[33.47582,48.23044],[33.48171,48.23137],[33.48915,48.23148],[33.4969,48.2323],[33.50843,48.23478],[33.51339,48.2385],[33.51618,48.24269],[33.52641,48.28997],[33.52672,48.29395],[33.52594,48.29741],[33.52346,48.30018],[33.51912,48.30212],[33.50765,48.30486],[33.50331,48.30656],[33.50114,48.30889],[33.50031,48.31044],[33.5,48.31121],[33.49876,48.31976],[33.49535,48.37193],[33.48962,48.39263],[33.48931,48.39632],[33.48931,48.40025],[33.48853,48.40395],[33.48698,48.40694],[33.48279,48.40878],[33.47814,48.41007],[33.47458,48.4119],[33.47303,48.41488],[33.47148,48.42296],[33.47241,48.42898],[33.47628,48.4327],[33.48264,48.43697],[33.48465,48.44056],[33.4845,48.44392],[33.46341,48.47712],[33.46063,48.48371],[33.46047,48.48743],[33.46171,48.49497],[33.46155,48.49776],[33.45783,48.49854],[33.44915,48.49905],[33.44678,48.49968],[33.44584,48.50012],[33.44461,48.50182],[33.44326,48.50427],[33.44212,48.50823],[33.4414,48.51311],[33.44264,48.52107],[33.44543,48.52531],[33.44915,48.52843],[33.47768,48.54104],[33.56382,48.5637],[33.56615,48.56262],[33.56863,48.55737],[33.57297,48.55706],[33.58041,48.55941],[33.60739,48.57859],[33.61224,48.58107],[33.61359,48.58148],[33.61658,48.58282],[33.72252,48.61657],[33.73032,48.62042],[33.76629,48.64571],[33.77327,48.64856],[33.77844,48.64928],[33.78402,48.64954],[33.7913,48.65083],[33.79983,48.65315],[33.81301,48.65961],[33.81874,48.66427],[33.82107,48.6684],[33.81874,48.67109],[33.81409,48.67274],[33.77513,48.67894],[33.7697,48.68054],[33.76676,48.68318],[33.76521,48.68636],[33.76443,48.6899],[33.76273,48.69308],[33.76055,48.69584],[33.75652,48.6977],[33.69756,48.69992],[33.69152,48.7008],[33.6864,48.70225],[33.66449,48.71217],[33.65937,48.71382],[33.60351,48.72033],[33.59855,48.72183],[33.59467,48.72395],[33.59173,48.72648],[33.58723,48.73609],[33.58537,48.73914],[33.58289,48.74199],[33.57932,48.74431],[33.56987,48.74793],[33.56615,48.75018],[33.5632,48.75279],[33.56088,48.75558],[33.55778,48.7623],[33.55664,48.76591],[33.55757,48.77199],[33.57219,48.78707],[33.5784,48.79172],[33.58444,48.79449],[33.58956,48.79485],[33.59452,48.79397],[33.59793,48.79191],[33.6001,48.78896],[33.60289,48.78627],[33.60692,48.78423],[33.61297,48.78364],[33.61937,48.78423],[33.65829,48.80617],[33.6648,48.80761],[33.67084,48.80741],[33.6771,48.80658],[33.68283,48.80526],[33.68671,48.80307],[33.68919,48.80023],[33.69058,48.79702],[33.69291,48.79025],[33.69462,48.78715],[33.69787,48.78467],[33.70299,48.78317],[33.70888,48.7825],[33.71523,48.78359],[33.72128,48.78632],[33.74087,48.80317],[33.74443,48.80539],[33.74862,48.8071],[33.75404,48.80756],[33.7604,48.8071],[33.76645,48.80596],[33.77125,48.80426],[33.77373,48.80141],[33.77389,48.79769],[33.7711,48.7849],[33.77203,48.78126],[33.77482,48.77899],[33.78195,48.78017],[33.78696,48.78452],[33.79332,48.79273],[33.79781,48.79604],[33.80184,48.79614],[33.80386,48.79351],[33.80432,48.78994],[33.80417,48.78596],[33.80448,48.78167],[33.80526,48.77862],[33.81068,48.77149],[33.81099,48.76199],[33.8144,48.76015],[33.81936,48.75858],[33.82572,48.75945],[33.82959,48.76199],[33.8327,48.76519],[33.83507,48.76883],[33.84298,48.78475],[33.85011,48.79371],[33.85833,48.79713],[33.86406,48.80209],[33.87166,48.8101],[33.88065,48.8149],[33.88499,48.81955],[33.88716,48.82343],[33.88794,48.82756],[33.89388,48.84027],[33.91946,48.8658],[33.92799,48.86007],[34.04018,48.80782],[34.04746,48.80653],[34.06173,48.80808],[34.06891,48.80751],[34.07485,48.80503],[34.08663,48.79762],[34.09278,48.79467],[34.10968,48.79017],[34.16198,48.78439],[34.19257,48.77356],[34.22404,48.74752],[34.23748,48.74628],[34.26579,48.7594],[34.28765,48.77279],[34.29081,48.77547],[34.29375,48.77831],[34.29546,48.78131],[34.29515,48.78441],[34.29251,48.787],[34.28858,48.78912],[34.28393,48.79095],[34.2799,48.79304],[34.27649,48.79547],[34.27494,48.79873],[34.27479,48.8025],[34.27494,48.80627],[34.27587,48.80999],[34.2782,48.81322],[34.29856,48.82839],[34.30956,48.83221],[34.31406,48.83606],[34.31592,48.8396],[34.31391,48.85412],[34.31375,48.8579],[34.31267,48.86131],[34.31096,48.86446],[34.30879,48.86735],[34.30569,48.86994],[34.27665,48.88839],[34.27432,48.89123],[34.27308,48.89448],[34.27246,48.89815],[34.27246,48.90192],[34.27432,48.91433],[34.27587,48.91846],[34.27773,48.92229],[34.28734,48.93639],[34.30119,48.96388],[34.30398,48.96709],[34.30817,48.97096],[34.31406,48.97489],[34.32522,48.98089],[34.34367,48.98507],[34.35675,48.98605],[34.36372,48.9881],[34.36791,48.99107],[34.36868,48.99458],[34.36729,48.99745],[34.36295,48.99892],[34.35303,48.99913],[34.34698,48.99995],[34.34574,49.00039],[34.34512,49.00104],[34.34367,49.00275],[34.34305,49.00538],[34.3445,49.00853],[34.34698,49.01161],[34.35054,49.01437],[34.3755,49.02807],[34.39008,49.03799],[34.40284,49.05013],[34.40517,49.05354],[34.40641,49.0575],[34.40672,49.06135],[34.4047,49.06838],[34.40486,49.07197],[34.40827,49.07654],[34.41354,49.07768],[34.41958,49.07752],[34.43044,49.0746],[34.60981,49.12651],[34.64505,49.12977],[34.72649,49.14599],[34.736,49.14904],[34.74236,49.15199],[34.75197,49.16041],[34.76266,49.16739],[34.77011,49.17077],[34.77832,49.17356],[34.78406,49.17457],[34.80922,49.17364],[34.81667,49.17535],[34.82473,49.17958],[34.83077,49.1809],[34.83667,49.18072],[34.86478,49.17341],[34.86881,49.17121],[34.87129,49.16873],[34.87082,49.16566],[34.86819,49.1632],[34.8609,49.15886],[34.85827,49.15612],[34.85703,49.15289],[34.85733,49.14961],[34.86121,49.14677],[34.86741,49.14491],[34.87935,49.14447],[34.88602,49.14599],[34.89113,49.14827],[34.89392,49.15142],[34.89625,49.15491],[34.89971,49.16341],[34.90219,49.16832],[34.9057,49.17328],[34.91366,49.17938],[34.92002,49.18186],[34.92622,49.18304],[34.93227,49.18268],[34.94389,49.18025],[34.95428,49.17684],[34.98394,49.16372]]]}},{"type":"Feature","properties":{"name":"Cherkasy","country_iso_a3":"UKR","type":"Oblast'"},"geometry":{"type":"Polygon","coordinates":[[[32.01921,50.25145],[32.03177,50.25058],[32.03782,50.24929],[32.04779,50.24593],[32.05663,50.24195],[32.0695,50.23869],[32.07942,50.23724],[32.08918,50.23786],[32.09461,50.23693],[32.09957,50.23347],[32.10551,50.22699],[32.11156,50.21652],[32.12489,50.20484],[32.12908,50.2021],[32.13218,50.19875],[32.13466,50.19464],[32.13714,50.18735],[32.1407,50.18231],[32.14784,50.1772],[32.15455,50.17508],[32.17502,50.17218],[32.18603,50.16944],[32.18959,50.16779],[32.19161,50.1665],[32.20943,50.15001],[32.21584,50.14753],[32.22127,50.14728],[32.23011,50.15043],[32.23817,50.15436],[32.24499,50.15839],[32.25057,50.16087],[32.25429,50.1619],[32.25832,50.1619],[32.26266,50.16058],[32.26969,50.15684],[32.27217,50.15332],[32.27372,50.1482],[32.27465,50.13637],[32.2717,50.13136],[32.26762,50.128],[32.23367,50.1204],[32.23057,50.11859],[32.2315,50.11208],[32.25243,50.06689],[32.25507,50.06284],[32.26313,50.05875],[32.26969,50.05633],[32.29294,50.05038],[32.29852,50.04963],[32.30411,50.04971],[32.31883,50.05297],[32.32395,50.05312],[32.32943,50.05178],[32.37439,49.994],[32.38121,49.98703],[32.38529,49.98475],[32.40901,49.97555],[32.4132,49.97225],[32.41568,49.96749],[32.41692,49.9584],[32.41645,49.95222],[32.41521,49.94672],[32.40699,49.9261],[32.40637,49.92207],[32.40653,49.91644],[32.40901,49.89866],[32.40715,49.89344],[32.4042,49.88964],[32.40017,49.88781],[32.39614,49.88685],[32.3918,49.88739],[32.38281,49.89013],[32.37749,49.89042],[32.37268,49.88941],[32.36865,49.8875],[32.3657,49.88466],[32.36384,49.88109],[32.36648,49.87375],[32.37268,49.86362],[32.40823,49.82233],[32.42715,49.80724],[32.43102,49.80518],[32.43526,49.80376],[32.44022,49.80311],[32.44503,49.80383],[32.45402,49.80678],[32.45867,49.80776],[32.46379,49.80776],[32.4689,49.80657],[32.47278,49.80461],[32.48658,49.79507],[32.49386,49.7888],[32.49794,49.78404],[32.50042,49.78182],[32.50353,49.78001],[32.5074,49.77993],[32.51174,49.78079],[32.52027,49.78384],[32.52507,49.7843],[32.52972,49.78327],[32.56249,49.7666],[32.5659,49.76275],[32.56838,49.75722],[32.56962,49.74647],[32.56962,49.73996],[32.5676,49.71417],[32.569,49.71009],[32.57148,49.70588],[32.57861,49.70151],[32.58435,49.69878],[32.69297,49.67164],[32.69747,49.66736],[32.70072,49.661],[32.70367,49.63214],[32.70568,49.6271],[32.7108,49.61997],[32.71483,49.61594],[32.71922,49.61279],[32.74542,49.6008],[32.74883,49.59764],[32.75209,49.59382],[32.75922,49.57563],[32.75984,49.57062],[32.75968,49.56431],[32.75736,49.5531],[32.75442,49.54716],[32.751,49.54313],[32.74775,49.5408],[32.72604,49.53243],[32.72217,49.53031],[32.71855,49.52793],[32.71545,49.52522],[32.67592,49.48189],[32.67592,49.47713],[32.67871,49.47091],[32.68739,49.4599],[32.69716,49.45021],[32.70398,49.44551],[32.74294,49.41187],[32.74759,49.40613],[32.78935,49.33389],[32.79183,49.32621],[32.7926,49.30882],[32.78873,49.2618],[32.77741,49.23364],[32.77488,49.22991],[32.75271,49.18816],[32.75193,49.1847],[32.75255,49.18129],[32.75922,49.1762],[32.77085,49.16971],[32.77416,49.16739],[32.77725,49.16475],[32.77989,49.16201],[32.78206,49.15912],[32.7895,49.14677],[32.79756,49.12305],[32.79912,49.11204],[32.79865,49.08527],[32.79973,49.07848],[32.80036,49.076],[32.80129,49.07396],[32.80609,49.06522],[32.80764,49.06197],[32.82469,49.03039],[32.82717,49.0277],[32.8311,49.02564],[32.84909,49.02295],[32.85389,49.02137],[32.85544,49.0184],[32.85529,49.0144],[32.85436,49.01037],[32.85079,49.00582],[32.8449,49.00117],[32.79942,48.97629],[32.79245,48.97133],[32.78733,48.96678],[32.78237,48.96373],[32.77524,48.96171],[32.75922,48.96228],[32.74387,48.96564],[32.74,48.96797],[32.73566,48.96998],[32.73209,48.97231],[32.7063,48.98394],[32.69545,48.98693],[32.68941,48.98745],[32.68305,48.98631],[32.67638,48.98213],[32.67251,48.9782],[32.66972,48.97407],[32.6677,48.97029],[32.66222,48.96394],[32.65246,48.95621],[32.63432,48.946],[32.62843,48.9444],[32.62099,48.9436],[32.60827,48.94435],[32.60032,48.94562],[32.59473,48.94761],[32.58295,48.95396],[32.57365,48.95763],[32.56776,48.95794],[32.56202,48.95681],[32.55551,48.95246],[32.5535,48.94854],[32.5521,48.94425],[32.55241,48.94032],[32.55195,48.93657],[32.55133,48.93278],[32.54709,48.9296],[32.54058,48.92771],[32.52694,48.92771],[32.5198,48.92911],[32.51515,48.9313],[32.51376,48.93448],[32.51283,48.93815],[32.51097,48.95675],[32.50725,48.96711],[32.50353,48.97308],[32.50151,48.97546],[32.46301,49.00982],[32.45619,49.01843],[32.45448,49.02161],[32.45417,49.02528],[32.45495,49.04915],[32.45464,49.05287],[32.45293,49.05613],[32.44875,49.0575],[32.44286,49.05703],[32.43402,49.05238],[32.42079,49.04383],[32.41552,49.04212],[32.40839,49.04119],[32.39661,49.04135],[32.38048,49.04321],[32.36912,49.04579],[32.36462,49.04783],[32.36183,49.05044],[32.36059,49.05391],[32.36012,49.05752],[32.35857,49.06088],[32.35532,49.06326],[32.34633,49.06729],[32.34322,49.06956],[32.34245,49.0729],[32.34354,49.08083],[32.34307,49.08445],[32.34105,49.08734],[32.33702,49.0892],[32.33191,49.08977],[32.32679,49.08822],[32.31217,49.08036],[32.30132,49.07793],[32.28876,49.07003],[32.28581,49.06667],[32.28504,49.06336],[32.28581,49.06],[32.28736,49.05657],[32.28845,49.05323],[32.28783,49.05016],[32.28457,49.04796],[32.27946,49.04706],[32.26473,49.04931],[32.25352,49.05225],[32.24762,49.05282],[32.24142,49.05204],[32.23445,49.04781],[32.23026,49.0444],[32.21445,49.02455],[32.20478,49.0153],[32.19254,48.99977],[32.18866,48.9968],[32.18509,48.99492],[32.14939,48.98011],[32.14257,48.97562],[32.13807,48.97158],[32.13388,48.96461],[32.13295,48.96115],[32.13435,48.95825],[32.13745,48.9559],[32.14102,48.9536],[32.14396,48.95107],[32.14598,48.94797],[32.14582,48.94404],[32.14489,48.93996],[32.14365,48.9358],[32.13667,48.91949],[32.13435,48.91572],[32.12923,48.91252],[32.12133,48.91027],[32.10427,48.90973],[32.09606,48.91092],[32.09058,48.9134],[32.08903,48.91665],[32.0867,48.91929],[32.08004,48.91975],[32.05182,48.91619],[32.0451,48.91717],[32.04283,48.91898],[32.04231,48.92166],[32.04045,48.92409],[32.03642,48.92616],[32.03162,48.92782],[32.02619,48.92805],[32.02076,48.92668],[32.00309,48.91466],[31.99767,48.912],[31.95281,48.90213],[31.93917,48.89619],[31.93142,48.89144],[31.92578,48.88441],[31.91958,48.87939],[31.90718,48.87128],[31.90129,48.86565],[31.89493,48.86177],[31.88672,48.85976],[31.87478,48.86162],[31.86837,48.8656],[31.8645,48.87087],[31.85938,48.88774],[31.85705,48.89288],[31.85411,48.89826],[31.85054,48.90267],[31.8462,48.90647],[31.84155,48.90993],[31.81018,48.92389],[31.73231,48.94265],[31.7244,48.94373],[31.68947,48.94453],[31.68358,48.94301],[31.67644,48.93988],[31.67009,48.93177],[31.66652,48.92518],[31.66032,48.91996],[31.65112,48.91743],[31.59201,48.91836],[31.56131,48.92557],[31.55309,48.92627],[31.5441,48.9242],[31.53506,48.91743],[31.53118,48.91102],[31.52948,48.90404],[31.52948,48.89097],[31.53211,48.87234],[31.53242,48.85278],[31.53134,48.84663],[31.52731,48.83521],[31.52281,48.83033],[31.51723,48.82594],[31.49056,48.81113],[31.48121,48.80348],[31.47796,48.79873],[31.47563,48.79335],[31.47423,48.78736],[31.47005,48.7762],[31.4623,48.76111],[31.4547,48.75607],[31.44168,48.75103],[31.41047,48.74506],[31.38938,48.73837],[31.36701,48.73346],[31.35429,48.73369],[31.34639,48.73248],[31.33693,48.72545],[31.3329,48.72385],[31.32778,48.72558],[31.32453,48.72834],[31.31786,48.7371],[31.31523,48.73951],[31.31285,48.74111],[31.30913,48.74281],[31.29362,48.74705],[31.28091,48.74832],[31.2637,48.74726],[31.25807,48.74754],[31.2359,48.75237],[31.22366,48.75387],[31.18857,48.75284],[31.17988,48.75098],[31.13209,48.73175],[31.11596,48.72834],[31.07498,48.72834],[31.06739,48.72741],[31.06072,48.72757],[31.05483,48.72819],[31.05033,48.72989],[31.03901,48.7363],[31.02051,48.74348],[30.99059,48.74943],[30.9662,48.75082],[30.94993,48.75485],[30.93814,48.75622],[30.88817,48.75403],[30.8767,48.75661],[30.8675,48.7564],[30.832,48.75049],[30.82006,48.74979],[30.81216,48.75093],[30.8089,48.75325],[30.80389,48.75868],[30.79908,48.76038],[30.79102,48.76069],[30.77738,48.75966],[30.76978,48.76062],[30.76358,48.76201],[30.75893,48.7639],[30.75361,48.76514],[30.74694,48.7656],[30.73252,48.76519],[30.72074,48.76689],[30.71268,48.76684],[30.70229,48.76519],[30.66844,48.75237],[30.63837,48.73336],[30.61537,48.72219],[30.60684,48.71452],[30.60421,48.70964],[30.60902,48.70364],[30.61041,48.70044],[30.61103,48.69723],[30.61119,48.69403],[30.61072,48.69165],[30.60142,48.66385],[30.5994,48.65998],[30.59196,48.65445],[30.55424,48.63233],[30.54447,48.62463],[30.54091,48.61926],[30.5437,48.61688],[30.54788,48.61481],[30.56881,48.60876],[30.57315,48.60675],[30.5761,48.60432],[30.57749,48.60109],[30.5778,48.58135],[30.57687,48.57332],[30.57408,48.56515],[30.56757,48.56192],[30.55734,48.55905],[30.48442,48.55352],[30.479,48.55414],[30.47528,48.55611],[30.47228,48.55843],[30.47032,48.56138],[30.46484,48.56688],[30.46112,48.56921],[30.45647,48.57078],[30.43802,48.57275],[30.41471,48.57192],[30.40882,48.57021],[30.40309,48.56737],[30.39611,48.5606],[30.39301,48.55554],[30.39161,48.55073],[30.39022,48.54244],[30.38913,48.53807],[30.38712,48.53407],[30.38495,48.53053],[30.25524,48.48531],[30.24997,48.47962],[30.24728,48.47756],[30.24247,48.47673],[30.23565,48.47681],[30.22062,48.47926],[30.21348,48.4819],[30.20868,48.4849],[30.2062,48.48782],[30.2031,48.49022],[30.19907,48.49229],[30.19364,48.49347],[30.18475,48.49249],[30.17437,48.48924],[30.14615,48.47425],[30.12083,48.4564],[30.10843,48.45332],[30.07613,48.45508],[30.06109,48.46562],[30.05225,48.47063],[30.04745,48.47234],[30.04249,48.47348],[30.03691,48.47379],[30.03164,48.47332],[30.02135,48.47156],[29.97314,48.45779],[29.96554,48.45686],[29.96115,48.4572],[29.95789,48.45932],[29.95634,48.46324],[29.95696,48.46975],[29.95882,48.47358],[29.9613,48.47622],[29.97934,48.48671],[29.98259,48.48921],[29.98802,48.49487],[29.99112,48.50014],[29.99329,48.50629],[29.99515,48.50885],[29.99639,48.50978],[30.00058,48.50965],[30.00259,48.50993],[30.00585,48.51117],[30.01221,48.51544],[30.01655,48.51978],[30.01825,48.52221],[30.02001,48.52541],[30.02104,48.52949],[30.02166,48.53363],[30.02135,48.53776],[30.01499,48.55145],[30.00058,48.57107],[29.98228,48.58662],[29.97221,48.59768],[29.96363,48.60985],[29.96146,48.61507],[29.95929,48.62267],[29.95913,48.6515],[29.9582,48.65532],[29.95541,48.65863],[29.94875,48.66137],[29.90498,48.67331],[29.87211,48.6885],[29.86498,48.69308],[29.85909,48.69832],[29.85723,48.70258],[29.85609,48.70793],[29.85754,48.7177],[29.86048,48.72245],[29.86467,48.72558],[29.88172,48.73196],[29.8856,48.73398],[29.88808,48.73646],[29.88823,48.73989],[29.88405,48.74328],[29.8794,48.74555],[29.87397,48.74721],[29.86777,48.75],[29.86126,48.75377],[29.85289,48.76201],[29.84632,48.76483],[29.83997,48.76617],[29.81315,48.7648],[29.77775,48.7679],[29.77248,48.7693],[29.76752,48.77775],[29.74984,48.83981],[29.7453,48.84854],[29.74018,48.85009],[29.7163,48.85449],[29.71228,48.8565],[29.70917,48.85909],[29.70638,48.86281],[29.70359,48.86748],[29.70065,48.87544],[29.70034,48.88043],[29.7039,48.88482],[29.70793,48.88735],[29.72003,48.89335],[29.72235,48.89696],[29.72235,48.90205],[29.71894,48.90981],[29.71615,48.91438],[29.71305,48.91805],[29.70685,48.92301],[29.70297,48.92518],[29.69832,48.92688],[29.69274,48.92787],[29.67672,48.92782],[29.67191,48.92882],[29.66835,48.93084],[29.66122,48.93557],[29.65734,48.93763],[29.63874,48.94456],[29.63595,48.94704],[29.63533,48.94996],[29.63874,48.95342],[29.64231,48.95621],[29.64587,48.96032],[29.653,48.97456],[29.65765,48.97856],[29.66292,48.98083],[29.6685,48.98127],[29.67269,48.98352],[29.67486,48.98745],[29.67223,48.99871],[29.6713,49.00063],[29.67083,49.0014],[29.66711,49.00597],[29.66401,49.00848],[29.65998,49.0105],[29.65486,49.01189],[29.64882,49.01267],[29.61791,49.01344],[29.61218,49.01458],[29.60303,49.0182],[29.59978,49.02068],[29.59698,49.02326],[29.59481,49.02698],[29.59311,49.03148],[29.5928,49.03882],[29.59466,49.04512],[29.59807,49.05117],[29.60954,49.06212],[29.61404,49.06491],[29.61776,49.06672],[29.65192,49.07995],[29.67067,49.08517],[29.67409,49.08845],[29.67579,49.09331],[29.6744,49.10321],[29.67393,49.10935],[29.67486,49.11462],[29.68044,49.11938],[29.68546,49.12201],[29.70406,49.12827],[29.70716,49.13168],[29.70871,49.13628],[29.7053,49.14661],[29.70266,49.15212],[29.70096,49.15739],[29.70111,49.1615],[29.70437,49.16718],[29.71134,49.17385],[29.71212,49.17793],[29.71057,49.18276],[29.70406,49.1893],[29.6991,49.19291],[29.69383,49.1955],[29.67874,49.20036],[29.67471,49.20247],[29.67455,49.20971],[29.69724,49.22728],[29.7363,49.21963],[29.7408,49.21681],[29.7453,49.21338],[29.74333,49.21069],[29.73925,49.20904],[29.7346,49.20769],[29.73057,49.20547],[29.72824,49.20191],[29.72948,49.19521],[29.73382,49.18981],[29.74095,49.18447],[29.76147,49.17462],[29.7779,49.17064],[29.83687,49.17457],[29.86234,49.17385],[29.86901,49.17591],[29.87211,49.17904],[29.86994,49.18971],[29.87009,49.19338],[29.87149,49.19684],[29.87412,49.19979],[29.87707,49.20253],[29.89149,49.21157],[29.89815,49.21663],[29.90637,49.22511],[29.90932,49.22981],[29.91428,49.24041],[29.91681,49.24374],[29.92007,49.24625],[29.932,49.25059],[29.95355,49.26131],[29.96363,49.26307],[29.99686,49.26356],[30.00693,49.26464],[30.0136,49.26676],[30.02435,49.27772],[30.03241,49.2834],[30.03861,49.28511],[30.04543,49.28474],[30.05272,49.2834],[30.08254,49.28195],[30.08827,49.28082],[30.09788,49.27725],[30.10269,49.27601],[30.11153,49.27498],[30.11571,49.27668],[30.11695,49.27942],[30.11571,49.28263],[30.11385,49.28573],[30.10672,49.29402],[30.10486,49.29648],[30.10409,49.29828],[30.1044,49.30128],[30.10843,49.30495],[30.11494,49.30898],[30.1292,49.31435],[30.13587,49.31926],[30.14646,49.32862],[30.15189,49.32955],[30.15762,49.32908],[30.17917,49.3234],[30.18289,49.32149],[30.18336,49.31854],[30.18196,49.31534],[30.1708,49.30361],[30.16615,49.29689],[30.16444,49.29327],[30.16444,49.2896],[30.16584,49.2865],[30.16925,49.28412],[30.17421,49.28247],[30.34955,49.25805],[30.3542,49.25673],[30.35735,49.25513],[30.35838,49.25245],[30.35838,49.24888],[30.35797,49.24475],[30.35952,49.24061],[30.36324,49.23661],[30.37332,49.23302],[30.382,49.23296],[30.38727,49.23503],[30.38991,49.2386],[30.40882,49.29317],[30.41461,49.30423],[30.41616,49.308],[30.41657,49.3119],[30.41626,49.31968],[30.41719,49.32784],[30.41988,49.33595],[30.42314,49.34004],[30.42794,49.34396],[30.43771,49.34851],[30.44499,49.35001],[30.45213,49.35001],[30.45786,49.34887],[30.46298,49.34738],[30.46747,49.34551],[30.47528,49.34112],[30.47853,49.33875],[30.48365,49.33311],[30.48613,49.32975],[30.48938,49.32691],[30.49419,49.32407],[30.49822,49.32386],[30.50101,49.32412],[30.53393,49.33192],[30.53905,49.33384],[30.55021,49.34066],[30.55532,49.34097],[30.55998,49.34004],[30.58793,49.3296],[30.59274,49.32993],[30.59646,49.33185],[30.60219,49.33776],[30.61522,49.35487],[30.6194,49.35854],[30.62343,49.35911],[30.62715,49.35797],[30.63522,49.35327],[30.6424,49.35161],[30.65465,49.35058],[30.66922,49.35363],[30.67821,49.35438],[30.68457,49.35383],[30.6886,49.35187],[30.69185,49.34942],[30.71159,49.32652],[30.715,49.32366],[30.72028,49.32107],[30.72539,49.32079],[30.73004,49.32159],[30.74834,49.32872],[30.7811,49.33513],[30.78482,49.33699],[30.79583,49.34557],[30.8011,49.34872],[30.81024,49.35244],[30.8165,49.35187],[30.832,49.34717],[30.84239,49.34758],[30.84828,49.3496],[30.85851,49.35673],[30.86817,49.36063],[30.87484,49.36091],[30.87949,49.35926],[30.88197,49.35647],[30.88414,49.35345],[30.88833,49.35017],[30.89437,49.34769],[30.90802,49.34614],[30.9153,49.35035],[30.91918,49.35456],[30.91949,49.35895],[30.91876,49.37047],[30.91918,49.37445],[30.92042,49.37854],[30.92228,49.38208],[30.9462,49.41047],[30.95039,49.4143],[30.95597,49.41853],[30.97385,49.42763],[30.97881,49.43089],[30.98796,49.43921],[30.99819,49.44691],[31.02284,49.46205],[31.02873,49.46765],[31.03462,49.4715],[31.07731,49.4907],[31.08056,49.49334],[31.08335,49.496],[31.08754,49.50117],[31.10402,49.5277],[31.10992,49.53269],[31.11906,49.53842],[31.15012,49.55253],[31.15586,49.55638],[31.15694,49.55868],[31.15787,49.56225],[31.15896,49.57434],[31.15865,49.57816],[31.15803,49.58186],[31.15679,49.58519],[31.15384,49.58793],[31.14935,49.58979],[31.13767,49.59175],[31.13286,49.59338],[31.12976,49.59578],[31.12805,49.59901],[31.12743,49.60274],[31.12821,49.61444],[31.13069,49.61837],[31.13472,49.62198],[31.14697,49.62922],[31.15028,49.63268],[31.16252,49.65501],[31.17275,49.66808],[31.17461,49.67175],[31.17554,49.6757],[31.17508,49.6794],[31.17353,49.68257],[31.1695,49.68865],[31.16888,49.69195],[31.16981,49.69552],[31.17198,49.69893],[31.18593,49.71407],[31.1881,49.71764],[31.19694,49.75345],[31.19709,49.75727],[31.19539,49.76048],[31.19229,49.76301],[31.18841,49.76513],[31.18485,49.76753],[31.18237,49.77019],[31.18206,49.77381],[31.18283,49.77727],[31.18423,49.78061],[31.18516,49.78249],[31.19678,49.79737],[31.19833,49.80089],[31.19885,49.80435],[31.19616,49.80701],[31.19244,49.80916],[31.18392,49.81308],[31.18051,49.81544],[31.17864,49.81825],[31.17957,49.82146],[31.1819,49.8245],[31.19182,49.83192],[31.19508,49.83469],[31.20453,49.84732],[31.21203,49.85396],[31.21776,49.85714],[31.22366,49.85908],[31.2589,49.86171],[31.336,49.89675],[31.34592,49.89887],[31.35724,49.89985],[31.39403,49.89975],[31.40504,49.90088],[31.42261,49.90507],[31.43021,49.9061],[31.43517,49.90582],[31.44075,49.90491],[31.44447,49.90321],[31.4471,49.9007],[31.4485,49.89742],[31.44928,49.8938],[31.45051,49.89034],[31.45222,49.88714],[31.45439,49.88429],[31.45703,49.88155],[31.46059,49.87923],[31.46462,49.87706],[31.46803,49.87463],[31.47005,49.87158],[31.47113,49.86817],[31.47222,49.86068],[31.47361,49.85737],[31.47594,49.85466],[31.48328,49.84931],[31.48855,49.84425],[31.4918,49.84171],[31.49692,49.84003],[31.49971,49.84034],[31.50219,49.84207],[31.5039,49.84546],[31.50653,49.85427],[31.50917,49.85918],[31.51428,49.8646],[31.5194,49.86647],[31.52452,49.86603],[31.52855,49.86411],[31.53242,49.86187],[31.53775,49.8598],[31.54503,49.85861],[31.55805,49.859],[31.56534,49.86055],[31.57092,49.86269],[31.57387,49.86543],[31.57635,49.86879],[31.57821,49.87272],[31.58069,49.88112],[31.58193,49.88776],[31.58317,49.89111],[31.58642,49.89561],[31.59108,49.89732],[31.59655,49.89763],[31.6012,49.89613],[31.60446,49.89365],[31.60601,49.89044],[31.60663,49.88677],[31.60539,49.86647],[31.60616,49.86295],[31.60864,49.86011],[31.61314,49.85815],[31.70745,49.84667],[31.71339,49.8475],[31.71665,49.84853],[31.72145,49.85373],[31.73122,49.8674],[31.74207,49.87897],[31.75975,49.89065],[31.76274,49.89344],[31.7644,49.89695],[31.76502,49.9007],[31.76378,49.91148],[31.76491,49.91483],[31.76724,49.91781],[31.79266,49.93946],[31.80243,49.95297],[31.80677,49.96021],[31.80925,49.96863],[31.80972,49.9768],[31.80941,49.98444],[31.80786,49.99163],[31.80677,49.99488],[31.80584,49.99824],[31.80662,50.00137],[31.81003,50.00563],[31.81437,50.00801],[31.81938,50.00966],[31.85798,50.01739],[31.86635,50.02023],[31.87199,50.02346],[31.87333,50.02702],[31.87385,50.03077],[31.87116,50.03741],[31.86434,50.05002],[31.86217,50.05694],[31.86046,50.06423],[31.86,50.07209],[31.85938,50.07578],[31.85814,50.07911],[31.8507,50.09162],[31.84961,50.09498],[31.85349,50.09999],[31.86201,50.10583],[31.89323,50.12113],[31.90005,50.12542],[31.90485,50.13226],[31.90997,50.14149],[31.91431,50.14728],[31.9185,50.14789],[31.92842,50.14534],[31.9356,50.14454],[31.94769,50.14567],[31.95436,50.14753],[31.95994,50.14965],[31.98134,50.16386],[31.98754,50.16929],[31.99301,50.17554],[31.99503,50.17906],[31.99565,50.1828],[31.99534,50.1865],[31.99394,50.18983],[31.99162,50.19278],[31.98588,50.19802],[31.98242,50.20045],[31.97715,50.20536],[31.97544,50.20758],[31.97436,50.20954],[31.97358,50.21249],[31.97327,50.21606],[31.97389,50.22009],[31.97513,50.22407],[31.97855,50.22923],[31.98351,50.23461],[31.99425,50.24314],[31.99937,50.24655],[32.00433,50.24892],[32.01363,50.25094],[32.01921,50.25145]]]}},{"type":"Feature","properties":{"name":"Kirovohrad","country_iso_a3":"UKR","type":"Oblast'"},"geometry":{"type":"Polygon","coordinates":[[[32.78873,49.2618],[33.03822,49.18196],[33.14204,49.13023],[33.14933,49.12563],[33.15568,49.12062],[33.17403,49.10134],[33.1779,49.0953],[33.1793,49.09235],[33.181,49.08982],[33.19201,49.07799],[33.19666,49.07476],[33.2041,49.07091],[33.29707,49.06486],[33.30141,49.06323],[33.30513,49.05452],[33.30947,49.05091],[33.31738,49.04861],[33.34161,49.04404],[33.34642,49.03954],[33.34719,49.03603],[33.34595,49.03267],[33.34254,49.03065],[33.33805,49.02933],[33.32265,49.02729],[33.31924,49.02559],[33.31831,49.02269],[33.31939,49.01582],[33.31955,49.0122],[33.31862,49.00848],[33.31629,49.00523],[33.3135,49.00285],[33.31056,49.0012],[33.30141,48.99727],[33.29939,48.99546],[33.30079,48.99339],[33.30389,48.99127],[33.31908,48.98357],[33.32311,48.9806],[33.34022,48.96528],[33.34239,48.96249],[33.34471,48.96001],[33.34875,48.95699],[33.36549,48.94934],[33.37076,48.946],[33.37417,48.94301],[33.37572,48.94128],[33.37882,48.93996],[33.38316,48.93965],[33.39128,48.94283],[33.395,48.94657],[33.3981,48.9506],[33.40104,48.9535],[33.41065,48.9536],[33.42507,48.95091],[33.45644,48.94174],[33.46745,48.93603],[33.47365,48.93112],[33.48124,48.92719],[33.5247,48.91572],[33.53493,48.91035],[33.54036,48.90577],[33.54269,48.90296],[33.54842,48.90187],[33.55974,48.90353],[33.56615,48.9058],[33.57095,48.90857],[33.5815,48.92146],[33.5877,48.92285],[33.597,48.92239],[33.63333,48.9105],[33.64139,48.90642],[33.65162,48.89929],[33.65441,48.89642],[33.66263,48.88461],[33.66547,48.87808],[33.66578,48.87451],[33.66671,48.87123],[33.66888,48.86906],[33.67353,48.86906],[33.68004,48.87293],[33.68314,48.87696],[33.68516,48.88164],[33.68981,48.8988],[33.69198,48.90267],[33.69462,48.9058],[33.70082,48.90823],[33.71058,48.90965],[33.72986,48.91061],[33.7387,48.91283],[33.74459,48.91567],[33.74722,48.91882],[33.77849,48.92254],[33.80743,48.90345],[33.82494,48.90001],[33.85926,48.89965],[33.876,48.89743],[33.89202,48.89175],[33.89977,48.88627],[33.91946,48.8658],[33.89388,48.84027],[33.88794,48.82756],[33.88716,48.82343],[33.88499,48.81955],[33.88065,48.8149],[33.87166,48.8101],[33.86406,48.80209],[33.85833,48.79713],[33.85011,48.79371],[33.84298,48.78475],[33.83507,48.76883],[33.8327,48.76519],[33.82959,48.76199],[33.82572,48.75945],[33.81936,48.75858],[33.8144,48.76015],[33.81099,48.76199],[33.81068,48.77149],[33.80526,48.77862],[33.80448,48.78167],[33.80417,48.78596],[33.80432,48.78994],[33.80386,48.79351],[33.80184,48.79614],[33.79781,48.79604],[33.79332,48.79273],[33.78696,48.78452],[33.78195,48.78017],[33.77482,48.77899],[33.77203,48.78126],[33.7711,48.7849],[33.77389,48.79769],[33.77373,48.80141],[33.77125,48.80426],[33.76645,48.80596],[33.7604,48.8071],[33.75404,48.80756],[33.74862,48.8071],[33.74443,48.80539],[33.74087,48.80317],[33.72128,48.78632],[33.71523,48.78359],[33.70888,48.7825],[33.70299,48.78317],[33.69787,48.78467],[33.69462,48.78715],[33.69291,48.79025],[33.69058,48.79702],[33.68919,48.80023],[33.68671,48.80307],[33.68283,48.80526],[33.6771,48.80658],[33.67084,48.80741],[33.6648,48.80761],[33.65829,48.80617],[33.61937,48.78423],[33.61297,48.78364],[33.60692,48.78423],[33.60289,48.78627],[33.6001,48.78896],[33.59793,48.79191],[33.59452,48.79397],[33.58956,48.79485],[33.58444,48.79449],[33.5784,48.79172],[33.57219,48.78707],[33.55757,48.77199],[33.55664,48.76591],[33.55778,48.7623],[33.56088,48.75558],[33.5632,48.75279],[33.56615,48.75018],[33.56987,48.74793],[33.57932,48.74431],[33.58289,48.74199],[33.58537,48.73914],[33.58723,48.73609],[33.59173,48.72648],[33.59467,48.72395],[33.59855,48.72183],[33.60351,48.72033],[33.65937,48.71382],[33.66449,48.71217],[33.6864,48.70225],[33.69152,48.7008],[33.69756,48.69992],[33.75652,48.6977],[33.76055,48.69584],[33.76273,48.69308],[33.76443,48.6899],[33.76521,48.68636],[33.76676,48.68318],[33.7697,48.68054],[33.77513,48.67894],[33.81409,48.67274],[33.81874,48.67109],[33.82107,48.6684],[33.81874,48.66427],[33.81301,48.65961],[33.79983,48.65315],[33.7913,48.65083],[33.78402,48.64954],[33.77844,48.64928],[33.77327,48.64856],[33.76629,48.64571],[33.73032,48.62042],[33.72252,48.61657],[33.61658,48.58282],[33.61359,48.58148],[33.61224,48.58107],[33.60739,48.57859],[33.58041,48.55941],[33.57297,48.55706],[33.56863,48.55737],[33.56615,48.56262],[33.56382,48.5637],[33.47768,48.54104],[33.44915,48.52843],[33.44543,48.52531],[33.44264,48.52107],[33.4414,48.51311],[33.44212,48.50823],[33.44326,48.50427],[33.44461,48.50182],[33.44584,48.50012],[33.44678,48.49968],[33.44915,48.49905],[33.45783,48.49854],[33.46155,48.49776],[33.46171,48.49497],[33.46047,48.48743],[33.46063,48.48371],[33.46341,48.47712],[33.4845,48.44392],[33.48465,48.44056],[33.48264,48.43697],[33.47628,48.4327],[33.47241,48.42898],[33.47148,48.42296],[33.47303,48.41488],[33.47458,48.4119],[33.47814,48.41007],[33.48279,48.40878],[33.48698,48.40694],[33.48853,48.40395],[33.48931,48.40025],[33.48931,48.39632],[33.48962,48.39263],[33.49535,48.37193],[33.49876,48.31976],[33.5,48.31121],[33.50031,48.31044],[33.50114,48.30889],[33.50331,48.30656],[33.50765,48.30486],[33.51912,48.30212],[33.52346,48.30018],[33.52594,48.29741],[33.52672,48.29395],[33.52641,48.28997],[33.51618,48.24269],[33.51339,48.2385],[33.50843,48.23478],[33.4969,48.2323],[33.48915,48.23148],[33.48171,48.23137],[33.47582,48.23044],[33.47055,48.22799],[33.45938,48.21354],[33.45644,48.21075],[33.41639,48.18523],[33.40786,48.17778],[33.4029,48.17525],[33.39639,48.17324],[33.3844,48.17194],[33.37805,48.17205],[33.37324,48.17282],[33.36952,48.17453],[33.36611,48.17659],[33.36301,48.17913],[33.36037,48.18187],[33.35712,48.18427],[33.35293,48.1861],[33.34813,48.18595],[33.34409,48.18352],[33.34068,48.17724],[33.33526,48.17081],[33.29474,48.14078],[33.29211,48.13753],[33.28327,48.12332],[33.27583,48.1073],[33.27283,48.1044],[33.2688,48.10272],[33.26245,48.10425],[33.25903,48.10688],[33.25702,48.11024],[33.25454,48.12078],[33.25423,48.12445],[33.25438,48.12807],[33.25562,48.13143],[33.25795,48.13432],[33.26058,48.13706],[33.26214,48.13965],[33.26214,48.14249],[33.25407,48.16946],[33.25221,48.17231],[33.25004,48.1746],[33.24632,48.1752],[33.24198,48.17391],[33.23826,48.1706],[33.23299,48.15326],[33.22803,48.1413],[33.22586,48.13288],[33.22617,48.12518],[33.22756,48.11794],[33.22818,48.11045],[33.2271,48.10228],[33.2257,48.09805],[33.22229,48.09045],[33.21795,48.08704],[33.21123,48.08399],[33.18705,48.07952],[33.14948,48.08172],[33.14266,48.08011],[33.13429,48.07696],[33.12002,48.06978],[33.11129,48.0642],[33.10401,48.05748],[33.09501,48.04549],[33.08788,48.03898],[33.07641,48.03366],[33.06881,48.03255],[33.06153,48.02896],[33.0575,48.0258],[33.04613,48.00007],[33.03528,47.96653],[33.01931,47.97444],[33.01574,47.97746],[33.01481,47.98095],[33.01605,47.99314],[33.01574,47.9965],[33.0145,47.99921],[33.01326,48.00074],[33.01109,48.00296],[32.99244,48.01774],[32.98779,48.02327],[32.98577,48.02627],[32.98422,48.02947],[32.98267,48.0365],[32.98112,48.03981],[32.97926,48.04275],[32.97569,48.04451],[32.97027,48.04425],[32.94934,48.03459],[32.94283,48.03402],[32.91797,48.0372],[32.90681,48.03753],[32.8941,48.035],[32.8882,48.03216],[32.88402,48.02896],[32.88195,48.02554],[32.88102,48.02172],[32.88061,48.01785],[32.88195,48.01058],[32.88557,48.00064],[32.88567,47.99997],[32.88557,47.99888],[32.88474,47.99658],[32.88278,47.99397],[32.87932,47.99195],[32.8756,47.99066],[32.84443,47.98622],[32.84056,47.98413],[32.83823,47.98084],[32.83436,47.97304],[32.83219,47.96953],[32.82935,47.96668],[32.82459,47.96565],[32.81787,47.96607],[32.80671,47.96966],[32.80098,47.97281],[32.79694,47.97593],[32.78981,47.98444],[32.78702,47.98712],[32.78315,47.9888],[32.77757,47.98932],[32.75798,47.984],[32.71669,47.97883],[32.70398,47.97418],[32.69607,47.9703],[32.69266,47.96795],[32.68972,47.96529],[32.68693,47.96224],[32.6846,47.95878],[32.68274,47.95485],[32.68165,47.95077],[32.68134,47.94679],[32.68196,47.94322],[32.68336,47.93994],[32.68568,47.93707],[32.6891,47.93483],[32.6939,47.93335],[32.71095,47.93129],[32.71473,47.92974],[32.71607,47.92671],[32.71628,47.91912],[32.71576,47.91522],[32.71442,47.91186],[32.7108,47.90974],[32.7063,47.9086],[32.67933,47.90653],[32.66941,47.90483],[32.66553,47.90292],[32.66274,47.90026],[32.66088,47.897],[32.66067,47.89356],[32.6616,47.89026],[32.66352,47.88718],[32.67049,47.87868],[32.67173,47.87532],[32.67204,47.87147],[32.67065,47.86307],[32.67065,47.8592],[32.67235,47.85605],[32.67545,47.85359],[32.67902,47.85129],[32.68196,47.84891],[32.68227,47.84587],[32.68026,47.84328],[32.67623,47.84189],[32.65556,47.83935],[32.65199,47.83734],[32.65029,47.83385],[32.64936,47.82605],[32.64951,47.8222],[32.64827,47.80646],[32.64719,47.80323],[32.64455,47.80065],[32.64005,47.79956],[32.46704,47.78109],[32.45681,47.78217],[32.39134,47.79827],[32.38668,47.80008],[32.3809,47.80127],[32.37454,47.80179],[32.36446,47.79972],[32.35253,47.79618],[32.34803,47.79548],[32.34291,47.79618],[32.3254,47.80855],[32.29868,47.81987],[32.28752,47.82246],[32.27062,47.82401],[32.23445,47.82044],[32.22561,47.8177],[32.22158,47.81584],[32.21817,47.81346],[32.21507,47.81072],[32.19331,47.78664],[32.18044,47.7691],[32.16913,47.75771],[32.16231,47.75311],[32.15843,47.75122],[32.14939,47.74866],[32.13869,47.74753],[32.13001,47.74874],[32.11931,47.75122],[32.09988,47.75843],[32.09166,47.7629],[32.08686,47.76716],[32.08314,47.77321],[32.07446,47.78484],[32.07167,47.78747],[32.06826,47.78985],[32.06391,47.79217],[32.04066,47.80054],[32.02991,47.80763],[32.02185,47.80985],[31.98588,47.81295],[31.97498,47.81189],[31.96831,47.80943],[31.96676,47.80556],[31.96552,47.80176],[31.96382,47.79838],[31.9601,47.79662],[31.95529,47.79584],[31.86806,47.79512],[31.86232,47.79584],[31.8569,47.79773],[31.8524,47.80308],[31.85132,47.8077],[31.85147,47.81253],[31.8524,47.81688],[31.85287,47.82106],[31.85271,47.82483],[31.85163,47.82835],[31.84946,47.83116],[31.84155,47.83941],[31.83985,47.84253],[31.83907,47.84597],[31.84,47.84974],[31.84201,47.85315],[31.8445,47.85638],[31.86186,47.87354],[31.86418,47.87687],[31.86604,47.88038],[31.86651,47.88416],[31.8662,47.88788],[31.86527,47.89129],[31.86341,47.89439],[31.86124,47.89728],[31.83969,47.9147],[31.8369,47.91739],[31.83473,47.92023],[31.83302,47.92333],[31.83194,47.92674],[31.83147,47.93051],[31.83054,47.93405],[31.82651,47.94002],[31.82124,47.94519],[31.81669,47.94697],[31.81018,47.94782],[31.78507,47.94421],[31.7798,47.94488],[31.76817,47.95258],[31.75541,47.96348],[31.72347,47.99981],[31.7227,48.00043],[31.70952,48.01686],[31.70807,48.01976],[31.70807,48.02244],[31.71122,48.02425],[31.75091,48.0364],[31.76285,48.0419],[31.76646,48.04415],[31.76926,48.04704],[31.77127,48.05089],[31.77251,48.05505],[31.77329,48.05929],[31.77298,48.06319],[31.7722,48.06663],[31.77065,48.06991],[31.76677,48.07593],[31.76026,48.09246],[31.75804,48.09541],[31.75246,48.09748],[31.74409,48.09825],[31.70487,48.09334],[31.69861,48.09376],[31.69195,48.09515],[31.6828,48.09962],[31.67582,48.10164],[31.66745,48.10272],[31.65598,48.10135],[31.64616,48.10399],[31.64027,48.10626],[31.62725,48.11665],[31.62275,48.11828],[31.61655,48.11874],[31.59981,48.11417],[31.59448,48.11195],[31.59128,48.10957],[31.58921,48.10621],[31.58844,48.10241],[31.58921,48.09148],[31.58813,48.08825],[31.58487,48.08621],[31.58053,48.08477],[31.56503,48.0827],[31.55991,48.08285],[31.55511,48.08407],[31.55139,48.08794],[31.54736,48.09027],[31.54209,48.09076],[31.53366,48.08678],[31.53025,48.08265],[31.52839,48.0782],[31.52777,48.06606],[31.527,48.06208],[31.52545,48.05846],[31.52219,48.05606],[31.51754,48.0549],[31.5118,48.05505],[31.50607,48.0564],[31.5008,48.06022],[31.49971,48.06389],[31.50002,48.06676],[31.50157,48.06893],[31.50653,48.07428],[31.50839,48.07794],[31.50979,48.08213],[31.51258,48.10303],[31.51149,48.11045],[31.50994,48.11365],[31.50731,48.11626],[31.50374,48.1181],[31.4994,48.11903],[31.44416,48.11595],[31.43129,48.11339],[31.42302,48.11091],[31.4193,48.10877],[31.4145,48.10771],[31.40829,48.10828],[31.40039,48.11153],[31.3962,48.11463],[31.39341,48.11799],[31.39186,48.1213],[31.38892,48.12378],[31.38427,48.12494],[31.36856,48.12037],[31.35135,48.11254],[31.34391,48.11179],[31.25032,48.12094],[31.24086,48.12389],[31.23761,48.12554],[31.23559,48.12688],[31.23327,48.12903],[31.2311,48.13164],[31.22955,48.13489],[31.22924,48.13861],[31.23001,48.15443],[31.22939,48.15722],[31.22815,48.1589],[31.22319,48.16094],[31.2004,48.16543],[31.19368,48.16817],[31.18981,48.17148],[31.18903,48.17507],[31.18655,48.20166],[31.18547,48.20507],[31.18345,48.20796],[31.17741,48.21013],[31.16857,48.21168],[31.15089,48.21308],[31.13488,48.2167],[31.06258,48.22098],[31.04181,48.21912],[31.00703,48.21119],[30.99385,48.20553],[30.98625,48.2],[30.98362,48.19137],[30.9816,48.18768],[30.97923,48.18435],[30.97612,48.18166],[30.96884,48.17926],[30.93752,48.17246],[30.92915,48.16833],[30.92341,48.16445],[30.92042,48.16145],[30.91685,48.15923],[30.91267,48.15763],[30.90615,48.15711],[30.89825,48.15773],[30.88507,48.16104],[30.88011,48.16476],[30.87778,48.16884],[30.87732,48.17256],[30.87639,48.17616],[30.87453,48.17918],[30.87158,48.18181],[30.86781,48.18398],[30.86316,48.18569],[30.85711,48.18626],[30.85029,48.18528],[30.84099,48.18114],[30.83649,48.17773],[30.83386,48.17458],[30.82719,48.16187],[30.82316,48.15949],[30.81696,48.15908],[30.80652,48.16181],[30.80218,48.16517],[30.80001,48.1691],[30.79908,48.17262],[30.79753,48.17572],[30.789,48.17778],[30.77567,48.1791],[30.74524,48.17892],[30.71609,48.18254],[30.70477,48.18158],[30.65837,48.17119],[30.64519,48.16662],[30.63682,48.16275],[30.6346,48.16001],[30.63072,48.15179],[30.62886,48.14905],[30.62622,48.14647],[30.61987,48.14505],[30.60995,48.14497],[30.57114,48.1504],[30.52726,48.16104],[30.5193,48.16207],[30.51026,48.16218],[30.50179,48.16357],[30.34753,48.16357],[30.34159,48.15985],[30.33492,48.14207],[30.33048,48.13629],[30.32231,48.13461],[30.29307,48.13572],[30.08347,48.14373],[30.04781,48.1552],[30.02776,48.17479],[30.01324,48.19933],[29.99675,48.22098],[29.98389,48.21773],[29.9812,48.2169],[29.96782,48.21132],[29.95944,48.20959],[29.95371,48.21018],[29.94844,48.21277],[29.93526,48.22114],[29.92906,48.22223],[29.9241,48.22155],[29.92069,48.21928],[29.91511,48.21354],[29.8918,48.18502],[29.88777,48.18243],[29.88219,48.18001],[29.87661,48.18003],[29.87211,48.18119],[29.86808,48.18336],[29.85578,48.19329],[29.8532,48.19602],[29.84865,48.19928],[29.83144,48.20812],[29.82586,48.21011],[29.82043,48.21101],[29.81609,48.21034],[29.79997,48.20615],[29.7748,48.20311],[29.77325,48.21117],[29.77527,48.2146],[29.77852,48.21892],[29.78395,48.2244],[29.78674,48.2283],[29.78736,48.23215],[29.78643,48.23535],[29.78441,48.2383],[29.78333,48.24124],[29.78395,48.24419],[29.78658,48.25003],[29.78658,48.25039],[29.78643,48.2508],[29.78581,48.25173],[29.78364,48.2537],[29.77961,48.25538],[29.77449,48.25677],[29.75,48.2608],[29.7453,48.26248],[29.74126,48.2645],[29.73894,48.26708],[29.73816,48.27008],[29.73956,48.27307],[29.74219,48.27638],[29.76147,48.29462],[29.76736,48.30227],[29.77542,48.3169],[29.77666,48.32116],[29.7779,48.32971],[29.77821,48.33788],[29.7779,48.34155],[29.77728,48.34475],[29.77713,48.34764],[29.77759,48.34997],[29.7793,48.3531],[29.78302,48.35689],[29.78829,48.36134],[29.81981,48.3817],[29.84167,48.39984],[29.84679,48.40588],[29.85857,48.41717],[29.86513,48.42221],[29.88343,48.4326],[29.88947,48.43384],[29.89754,48.4341],[29.91242,48.43188],[29.91697,48.42831],[29.91836,48.42428],[29.91728,48.42017],[29.91665,48.41609],[29.91758,48.41255],[29.91975,48.40971],[29.92518,48.40425],[29.92689,48.40108],[29.93324,48.38408],[29.9351,48.38103],[29.93727,48.37816],[29.94006,48.3756],[29.94735,48.37733],[29.9582,48.38361],[29.97996,48.40216],[29.99391,48.41891],[29.9981,48.42206],[30.00461,48.42436],[30.03877,48.42769],[30.05179,48.43348],[30.07613,48.45508],[30.10843,48.45332],[30.12083,48.4564],[30.14615,48.47425],[30.17437,48.48924],[30.18475,48.49249],[30.19364,48.49347],[30.19907,48.49229],[30.2031,48.49022],[30.2062,48.48782],[30.20868,48.4849],[30.21348,48.4819],[30.22062,48.47926],[30.23565,48.47681],[30.24247,48.47673],[30.24728,48.47756],[30.24997,48.47962],[30.25524,48.48531],[30.38495,48.53053],[30.38712,48.53407],[30.38913,48.53807],[30.39022,48.54244],[30.39161,48.55073],[30.39301,48.55554],[30.39611,48.5606],[30.40309,48.56737],[30.40882,48.57021],[30.41471,48.57192],[30.43802,48.57275],[30.45647,48.57078],[30.46112,48.56921],[30.46484,48.56688],[30.47032,48.56138],[30.47228,48.55843],[30.47528,48.55611],[30.479,48.55414],[30.48442,48.55352],[30.55734,48.55905],[30.56757,48.56192],[30.57408,48.56515],[30.57687,48.57332],[30.5778,48.58135],[30.57749,48.60109],[30.5761,48.60432],[30.57315,48.60675],[30.56881,48.60876],[30.54788,48.61481],[30.5437,48.61688],[30.54091,48.61926],[30.54447,48.62463],[30.55424,48.63233],[30.59196,48.65445],[30.5994,48.65998],[30.60142,48.66385],[30.61072,48.69165],[30.61119,48.69403],[30.61103,48.69723],[30.61041,48.70044],[30.60902,48.70364],[30.60421,48.70964],[30.60684,48.71452],[30.61537,48.72219],[30.63837,48.73336],[30.66844,48.75237],[30.70229,48.76519],[30.71268,48.76684],[30.72074,48.76689],[30.73252,48.76519],[30.74694,48.7656],[30.75361,48.76514],[30.75893,48.7639],[30.76358,48.76201],[30.76978,48.76062],[30.77738,48.75966],[30.79102,48.76069],[30.79908,48.76038],[30.80389,48.75868],[30.8089,48.75325],[30.81216,48.75093],[30.82006,48.74979],[30.832,48.75049],[30.8675,48.7564],[30.8767,48.75661],[30.88817,48.75403],[30.93814,48.75622],[30.94993,48.75485],[30.9662,48.75082],[30.99059,48.74943],[31.02051,48.74348],[31.03901,48.7363],[31.05033,48.72989],[31.05483,48.72819],[31.06072,48.72757],[31.06739,48.72741],[31.07498,48.72834],[31.11596,48.72834],[31.13209,48.73175],[31.17988,48.75098],[31.18857,48.75284],[31.22366,48.75387],[31.2359,48.75237],[31.25807,48.74754],[31.2637,48.74726],[31.28091,48.74832],[31.29362,48.74705],[31.30913,48.74281],[31.31285,48.74111],[31.31523,48.73951],[31.31786,48.7371],[31.32453,48.72834],[31.32778,48.72558],[31.3329,48.72385],[31.33693,48.72545],[31.34639,48.73248],[31.35429,48.73369],[31.36701,48.73346],[31.38938,48.73837],[31.41047,48.74506],[31.44168,48.75103],[31.4547,48.75607],[31.4623,48.76111],[31.47005,48.7762],[31.47423,48.78736],[31.47563,48.79335],[31.47796,48.79873],[31.48121,48.80348],[31.49056,48.81113],[31.51723,48.82594],[31.52281,48.83033],[31.52731,48.83521],[31.53134,48.84663],[31.53242,48.85278],[31.53211,48.87234],[31.52948,48.89097],[31.52948,48.90404],[31.53118,48.91102],[31.53506,48.91743],[31.5441,48.9242],[31.55309,48.92627],[31.56131,48.92557],[31.59201,48.91836],[31.65112,48.91743],[31.66032,48.91996],[31.66652,48.92518],[31.67009,48.93177],[31.67644,48.93988],[31.68358,48.94301],[31.68947,48.94453],[31.7244,48.94373],[31.73231,48.94265],[31.81018,48.92389],[31.84155,48.90993],[31.8462,48.90647],[31.85054,48.90267],[31.85411,48.89826],[31.85705,48.89288],[31.85938,48.88774],[31.8645,48.87087],[31.86837,48.8656],[31.87478,48.86162],[31.88672,48.85976],[31.89493,48.86177],[31.90129,48.86565],[31.90718,48.87128],[31.91958,48.87939],[31.92578,48.88441],[31.93142,48.89144],[31.93917,48.89619],[31.95281,48.90213],[31.99767,48.912],[32.00309,48.91466],[32.02076,48.92668],[32.02619,48.92805],[32.03162,48.92782],[32.03642,48.92616],[32.04045,48.92409],[32.04231,48.92166],[32.04283,48.91898],[32.0451,48.91717],[32.05182,48.91619],[32.08004,48.91975],[32.0867,48.91929],[32.08903,48.91665],[32.09058,48.9134],[32.09606,48.91092],[32.10427,48.90973],[32.12133,48.91027],[32.12923,48.91252],[32.13435,48.91572],[32.13667,48.91949],[32.14365,48.9358],[32.14489,48.93996],[32.14582,48.94404],[32.14598,48.94797],[32.14396,48.95107],[32.14102,48.9536],[32.13745,48.9559],[32.13435,48.95825],[32.13295,48.96115],[32.13388,48.96461],[32.13807,48.97158],[32.14257,48.97562],[32.14939,48.98011],[32.18509,48.99492],[32.18866,48.9968],[32.19254,48.99977],[32.20478,49.0153],[32.21445,49.02455],[32.23026,49.0444],[32.23445,49.04781],[32.24142,49.05204],[32.24762,49.05282],[32.25352,49.05225],[32.26473,49.04931],[32.27946,49.04706],[32.28457,49.04796],[32.28783,49.05016],[32.28845,49.05323],[32.28736,49.05657],[32.28581,49.06],[32.28504,49.06336],[32.28581,49.06667],[32.28876,49.07003],[32.30132,49.07793],[32.31217,49.08036],[32.32679,49.08822],[32.33191,49.08977],[32.33702,49.0892],[32.34105,49.08734],[32.34307,49.08445],[32.34354,49.08083],[32.34245,49.0729],[32.34322,49.06956],[32.34633,49.06729],[32.35532,49.06326],[32.35857,49.06088],[32.36012,49.05752],[32.36059,49.05391],[32.36183,49.05044],[32.36462,49.04783],[32.36912,49.04579],[32.38048,49.04321],[32.39661,49.04135],[32.40839,49.04119],[32.41552,49.04212],[32.42079,49.04383],[32.43402,49.05238],[32.44286,49.05703],[32.44875,49.0575],[32.45293,49.05613],[32.45464,49.05287],[32.45495,49.04915],[32.45417,49.02528],[32.45448,49.02161],[32.45619,49.01843],[32.46301,49.00982],[32.50151,48.97546],[32.50353,48.97308],[32.50725,48.96711],[32.51097,48.95675],[32.51283,48.93815],[32.51376,48.93448],[32.51515,48.9313],[32.5198,48.92911],[32.52694,48.92771],[32.54058,48.92771],[32.54709,48.9296],[32.55133,48.93278],[32.55195,48.93657],[32.55241,48.94032],[32.5521,48.94425],[32.5535,48.94854],[32.55551,48.95246],[32.56202,48.95681],[32.56776,48.95794],[32.57365,48.95763],[32.58295,48.95396],[32.59473,48.94761],[32.60032,48.94562],[32.60827,48.94435],[32.62099,48.9436],[32.62843,48.9444],[32.63432,48.946],[32.65246,48.95621],[32.66222,48.96394],[32.6677,48.97029],[32.66972,48.97407],[32.67251,48.9782],[32.67638,48.98213],[32.68305,48.98631],[32.68941,48.98745],[32.69545,48.98693],[32.7063,48.98394],[32.73209,48.97231],[32.73566,48.96998],[32.74,48.96797],[32.74387,48.96564],[32.75922,48.96228],[32.77524,48.96171],[32.78237,48.96373],[32.78733,48.96678],[32.79245,48.97133],[32.79942,48.97629],[32.8449,49.00117],[32.85079,49.00582],[32.85436,49.01037],[32.85529,49.0144],[32.85544,49.0184],[32.85389,49.02137],[32.84909,49.02295],[32.8311,49.02564],[32.82717,49.0277],[32.82469,49.03039],[32.80764,49.06197],[32.80609,49.06522],[32.80129,49.07396],[32.80036,49.076],[32.79973,49.07848],[32.79865,49.08527],[32.79912,49.11204],[32.79756,49.12305],[32.7895,49.14677],[32.78206,49.15912],[32.77989,49.16201],[32.77725,49.16475],[32.77416,49.16739],[32.77085,49.16971],[32.75922,49.1762],[32.75255,49.18129],[32.75193,49.1847],[32.75271,49.18816],[32.77488,49.22991],[32.77741,49.23364],[32.78873,49.2618]]]}},{"type":"Feature","properties":{"name":"Semnan","country_iso_a3":"IRN","type":"Ostan"},"geometry":{"type":"Polygon","coordinates":[[[53.34582,35.88554],[53.39594,35.89114],[53.47243,35.91132],[53.54322,35.9422],[53.58663,35.97351],[53.6102,36.00033],[53.6225,36.02555],[53.64575,36.05299],[53.74817,36.12694],[53.78765,36.16376],[53.80357,36.2443],[53.82569,36.30476],[53.86114,36.36031],[53.93617,36.42103],[54.01937,36.46046],[54.12014,36.48478],[54.3161,36.48754],[54.39413,36.47744],[54.46379,36.49012],[54.60497,36.54361],[54.66667,36.59772],[54.83627,36.70437],[55.01114,36.78509],[55.0962,36.79313],[55.4536,36.75388],[55.50434,36.77287],[55.53762,36.84202],[55.55726,36.95147],[55.64005,37.09854],[55.82608,37.32723],[55.86742,37.35436],[56.01863,37.19385],[56.08973,37.15375],[56.12911,37.15926],[56.17789,37.14306],[56.16735,37.12003],[56.10896,37.10611],[56.08322,37.08967],[56.07702,37.075],[56.08353,37.06699],[56.08984,37.05634],[56.0948,37.02978],[56.08973,36.96201],[56.07092,36.90219],[56.06731,36.88214],[56.08601,36.85062],[56.20446,36.74383],[56.31794,36.66541],[56.37427,36.65037],[56.46945,36.63727],[56.51927,36.6218],[56.67161,36.6426],[56.69125,36.64701],[56.72308,36.64614],[56.7637,36.62658],[56.78819,36.5479],[56.76132,36.4546],[56.72091,36.3924],[56.70613,36.28347],[56.72494,36.09594],[56.75729,35.97494],[56.78458,35.91897],[57.02177,35.76151],[57.08719,35.70035],[57.072,35.63041],[56.89795,35.38655],[56.85558,35.30583],[56.82509,35.28632],[56.61384,35.22126],[56.50035,35.16594],[56.37127,35.06923],[56.21045,34.90606],[55.85089,34.40725],[55.74112,34.36033],[55.48471,34.36516],[55.39283,34.35098],[55.37526,34.34436],[55.37515,34.34191],[55.36606,34.3518],[55.34156,34.36919],[55.28668,34.3841],[52.90006,34.32496],[52.84797,34.33176],[52.42226,34.44769],[52.35415,34.45655],[52.08016,34.44208],[51.98228,34.45542],[51.78891,34.54198],[51.82209,34.58122],[51.86612,34.66646],[51.89319,34.754],[51.89588,34.8355],[51.88234,34.87549],[51.88627,34.91836],[51.91686,34.99859],[51.96802,35.06373],[51.98063,35.12525],[51.93536,35.19261],[51.8225,35.31526],[51.81485,35.35784],[51.82105,35.40342],[51.83987,35.46357],[51.8534,35.55545],[51.87015,35.56982],[51.88865,35.56295],[51.90074,35.55308],[51.92244,35.54685],[51.98208,35.54432],[52.03727,35.50507],[52.21969,35.41422],[52.29276,35.39363],[52.36893,35.39221],[52.59413,35.33872],[52.67496,35.33619],[52.78895,35.36686],[52.88828,35.41019],[53.04723,35.52837],[53.07937,35.61814],[53.06625,35.7189],[53.03473,35.83109],[53.0494,35.83637],[53.15069,35.84541],[53.19813,35.85611],[53.26159,35.88582],[53.31357,35.90024],[53.34582,35.88554]]]}},{"type":"Feature","properties":{"name":"Zanjan","country_iso_a3":"IRN","type":"Ostan"},"geometry":{"type":"Polygon","coordinates":[[[48.88253,37.20279],[49.03332,37.12606],[49.14422,37.03239],[49.18669,36.97743],[49.24581,36.81308],[49.16437,36.79062],[49.05554,36.73254],[49.01482,36.65678],[49.03569,36.59343],[49.08933,36.53966],[49.12158,36.4746],[49.15486,36.434],[49.20447,36.41395],[49.23475,36.4124],[49.25418,36.40388],[49.27299,36.38729],[49.29904,36.37545],[49.31764,36.34817],[49.33397,36.29872],[49.36549,36.25673],[49.38844,36.21541],[49.40425,36.10927],[49.3812,36.08198],[49.19889,36.04209],[49.09791,35.99589],[49.03673,35.93962],[49.03135,35.90008],[49.0328,35.88887],[48.94154,35.92316],[48.87601,35.92675],[48.78537,35.90634],[48.72956,35.87306],[48.69318,35.86691],[48.6505,35.86567],[48.61918,35.86008],[48.59831,35.84872],[48.6012,35.81761],[48.72801,35.7248],[48.80253,35.63578],[48.80325,35.61809],[48.76656,35.57742],[48.69091,35.55582],[48.60688,35.57266],[48.51914,35.61152],[48.30437,35.61749],[48.25952,35.6402],[48.22572,35.69022],[48.21693,35.71164],[48.19719,35.73906],[48.1788,35.75293],[47.90357,35.88897],[47.88982,35.91553],[47.90626,35.95163],[47.94563,35.98509],[47.96765,36.05832],[47.96775,36.16004],[47.94894,36.2165],[47.93158,36.21831],[47.92744,36.21955],[47.9262,36.22701],[47.92941,36.23358],[47.93354,36.23996],[47.93488,36.24683],[47.92868,36.27104],[47.93075,36.2799],[47.94108,36.28781],[47.93168,36.29882],[47.92041,36.31846],[47.9109,36.34078],[47.90698,36.36011],[47.90005,36.37065],[47.86853,36.39897],[47.86512,36.40341],[47.36127,36.48418],[47.33234,36.50769],[47.19384,36.75683],[47.18795,36.78923],[47.18764,36.8377],[47.20676,36.86907],[47.35828,36.99247],[47.40034,37.04833],[47.43011,37.0657],[47.49615,37.09089],[47.55082,37.1382],[47.58524,37.15471],[47.62069,37.16657],[47.93519,37.19574],[48.03007,37.18404],[48.09508,37.19269],[48.33414,37.17287],[48.40876,37.19623],[48.44369,37.21845],[48.45526,37.22388],[48.48441,37.23029],[48.52565,37.2183],[48.60027,37.15479],[48.63117,37.16001],[48.64461,37.17783],[48.64471,37.19476],[48.6568,37.21199],[48.67603,37.21793],[48.70455,37.20517],[48.74062,37.2014],[48.78,37.22295],[48.81514,37.23148],[48.88253,37.20279]]]}},{"type":"Feature","properties":{"name":"Qazvin","country_iso_a3":"IRN","type":"Ostan"},"geometry":{"type":"Polygon","coordinates":[[[49.24581,36.81308],[49.34048,36.77662],[49.34224,36.75962],[49.35495,36.72786],[49.41138,36.67032],[49.47226,36.62433],[49.60961,36.59136],[49.66077,36.59293],[49.69126,36.58883],[49.71297,36.57679],[49.80526,36.56195],[49.85487,36.56906],[50.04277,36.65094],[50.06354,36.65673],[50.08555,36.66629],[50.16865,36.68102],[50.30456,36.67027],[50.57111,36.4895],[50.6264,36.46537],[50.78835,36.36579],[50.80003,36.33866],[50.80096,36.31866],[50.56315,36.33918],[50.44967,36.33168],[50.42083,36.29639],[50.47189,36.23965],[50.50868,36.21404],[50.57968,36.19702],[50.62588,36.16477],[50.59436,36.07837],[50.5464,35.9976],[50.53452,35.9608],[50.50021,35.93427],[50.29774,35.85396],[50.24275,35.81084],[50.23025,35.77193],[50.23862,35.74102],[50.26384,35.69493],[50.28554,35.66602],[50.25567,35.66955],[50.19614,35.66671],[50.01672,35.60312],[49.97062,35.60093],[49.91564,35.58803],[49.86386,35.56698],[49.68785,35.52323],[49.64589,35.49794],[49.61592,35.44156],[49.44053,35.43763],[49.41583,35.45169],[49.27382,35.48112],[49.24571,35.47499],[49.11776,35.49272],[49.04944,35.53538],[49.07983,35.573],[49.0419,35.61196],[48.95849,35.65085],[48.84914,35.6524],[48.80253,35.63578],[48.72801,35.7248],[48.6012,35.81761],[48.59831,35.84872],[48.61918,35.86008],[48.6505,35.86567],[48.69318,35.86691],[48.72956,35.87306],[48.78537,35.90634],[48.87601,35.92675],[48.94154,35.92316],[49.0328,35.88887],[49.03135,35.90008],[49.03673,35.93962],[49.09791,35.99589],[49.19889,36.04209],[49.3812,36.08198],[49.40425,36.10927],[49.38844,36.21541],[49.36549,36.25673],[49.33397,36.29872],[49.31764,36.34817],[49.29904,36.37545],[49.27299,36.38729],[49.25418,36.40388],[49.23475,36.4124],[49.20447,36.41395],[49.15486,36.434],[49.12158,36.4746],[49.08933,36.53966],[49.03569,36.59343],[49.01482,36.65678],[49.05554,36.73254],[49.16437,36.79062],[49.24581,36.81308]]]}},{"type":"Feature","properties":{"name":"Markazi","country_iso_a3":"IRN","type":"Ostan"},"geometry":{"type":"Polygon","coordinates":[[[51.03299,34.1058],[51.0211,34.04624],[50.9256,33.85426],[50.89894,33.81489],[50.84168,33.81463],[50.77874,33.79794],[50.72252,33.75851],[50.66009,33.72621],[50.24317,33.63487],[50.08452,33.55614],[50.00153,33.49865],[49.99274,33.50664],[49.92887,33.53547],[49.92174,33.56402],[49.92329,33.59325],[49.90169,33.6119],[49.86944,33.63273],[49.85353,33.65645],[49.8312,33.66771],[49.79617,33.64686],[49.77653,33.61443],[49.77002,33.58854],[49.74656,33.57544],[49.71555,33.59573],[49.68134,33.62601],[49.6062,33.65761],[49.57354,33.68081],[49.56403,33.70425],[49.57478,33.73386],[49.5908,33.76254],[49.58967,33.7891],[49.56248,33.82796],[49.51856,33.87212],[49.46368,33.88667],[49.41345,33.86279],[49.35826,33.84724],[49.31392,33.82602],[49.27981,33.73874],[49.2608,33.72215],[49.18091,33.67996],[49.15331,33.68849],[49.04045,33.69665],[48.9743,33.71691],[48.92345,33.74161],[48.91043,33.76254],[48.9157,33.78657],[48.92397,33.80866],[48.96397,33.88553],[48.96045,33.90842],[48.94805,33.93537],[48.95529,33.96787],[48.971,33.98909],[49.07518,34.06691],[49.09275,34.08712],[49.09585,34.11053],[49.07745,34.17512],[49.07176,34.22972],[49.05606,34.28432],[48.98505,34.39979],[48.97699,34.50513],[48.95994,34.56823],[48.9095,34.58474],[48.89503,34.6128],[48.92997,34.62429],[49.03301,34.61548],[49.07921,34.59722],[49.10163,34.60145],[49.08458,34.67876],[49.0882,34.74881],[49.11476,34.78465],[49.12665,34.81994],[49.11538,34.87813],[49.14039,34.90937],[49.3224,34.91735],[49.4088,34.90498],[49.43288,34.87617],[49.41169,34.83901],[49.42688,34.79359],[49.46626,34.75504],[49.49871,34.73054],[49.54243,34.727],[49.56693,34.76757],[49.54522,34.87524],[49.52011,34.92495],[49.47205,34.97164],[49.42079,34.99187],[49.31351,35.01603],[49.26855,35.03486],[49.2456,35.05326],[49.24292,35.06758],[49.2609,35.08432],[49.29118,35.08695],[49.34875,35.10158],[49.39712,35.14788],[49.38451,35.19382],[49.33996,35.25454],[49.32105,35.32172],[49.35247,35.35412],[49.37955,35.35593],[49.38182,35.33717],[49.38079,35.3119],[49.40022,35.28896],[49.43443,35.28384],[49.46812,35.31433],[49.47195,35.35285],[49.44828,35.3782],[49.4398,35.41383],[49.44053,35.43763],[49.61592,35.44156],[49.64589,35.49794],[49.68785,35.52323],[49.86386,35.56698],[49.91564,35.58803],[49.97062,35.60093],[50.01672,35.60312],[50.19614,35.66671],[50.25567,35.66955],[50.28554,35.66602],[50.32864,35.65772],[50.42951,35.65255],[50.5277,35.62912],[50.58516,35.58687],[50.61038,35.57483],[50.62071,35.58966],[50.62071,35.60635],[50.58196,35.65007],[50.59477,35.67705],[50.651,35.67648],[50.68975,35.63925],[50.68934,35.58393],[50.69647,35.55054],[50.72489,35.55517],[50.7527,35.60134],[50.79869,35.60478],[50.84499,35.55765],[50.87083,35.51703],[50.87124,35.44719],[50.78473,35.21842],[50.75642,35.18581],[50.72303,35.10788],[50.70557,34.95433],[50.69368,34.91596],[50.67518,34.90702],[50.57152,34.87813],[50.4476,34.86206],[50.38817,34.82992],[50.30115,34.80937],[50.21113,34.81937],[50.15397,34.78149],[50.15263,34.71612],[50.1734,34.69204],[50.16276,34.67199],[50.06943,34.62874],[50.06003,34.57706],[50.11408,34.52492],[50.15831,34.49211],[50.19449,34.47831],[50.23459,34.48131],[50.26415,34.46642],[50.2934,34.43795],[50.30869,34.40852],[50.30445,34.36746],[50.32874,34.31788],[50.37504,34.27031],[50.44119,34.22478],[50.69926,34.20489],[50.8022,34.15789],[51.03299,34.1058]]]}},{"type":"Feature","properties":{"name":"Isfahan","country_iso_a3":"IRN","type":"Ostan"},"geometry":{"type":"Polygon","coordinates":[[[50.00153,33.49865],[50.08452,33.55614],[50.24317,33.63487],[50.66009,33.72621],[50.72252,33.75851],[50.77874,33.79794],[50.84168,33.81463],[50.89894,33.81489],[50.9256,33.85426],[51.0211,34.04624],[51.03299,34.1058],[51.00467,34.11838],[50.98369,34.16161],[51.01376,34.3579],[51.02555,34.38702],[51.06306,34.41824],[51.15836,34.45252],[51.37426,34.47301],[51.45167,34.46973],[51.78891,34.54198],[51.98228,34.45542],[52.08016,34.44208],[52.35415,34.45655],[52.42226,34.44769],[52.84797,34.33176],[52.90006,34.32496],[55.28668,34.3841],[55.34156,34.36919],[55.36606,34.3518],[55.37515,34.34191],[55.38642,33.66546],[55.35986,33.59464],[55.27459,33.47064],[55.21723,33.43726],[55.1394,33.43036],[55.04008,33.38569],[54.98634,33.32996],[54.94086,33.16263],[54.9082,33.08816],[54.86986,33.02726],[54.81467,32.9707],[54.70904,32.92008],[53.65071,32.61287],[53.33404,32.67413],[53.26107,32.67201],[53.16464,32.64033],[53.10449,32.60798],[53.06036,32.57669],[52.99556,32.54566],[52.92352,32.52778],[52.88373,32.5052],[52.87618,32.47202],[52.90492,32.1646],[52.89582,32.10039],[52.85396,31.95981],[52.83484,31.83868],[52.82409,31.81385],[52.82709,31.74442],[52.87071,31.59745],[52.86895,31.59745],[52.52768,31.51317],[52.45337,31.51286],[52.23064,31.55503],[52.18413,31.59079],[52.17473,31.68313],[52.15943,31.71026],[52.14217,31.71253],[52.00585,31.64877],[51.98652,31.62634],[51.958,31.61554],[51.82333,31.53771],[51.74829,31.52857],[51.65125,31.54836],[51.64753,31.51875],[51.67109,31.47177],[51.70168,31.4449],[51.74106,31.43211],[51.78498,31.42501],[51.84266,31.38744],[51.87159,31.32005],[51.84741,31.25186],[51.82705,31.14973],[51.7424,30.96873],[51.73455,30.8814],[51.74478,30.82223],[51.7453,30.79009],[51.71719,30.78218],[51.64112,30.7722],[51.62086,30.78934],[51.48092,30.87597],[51.37323,30.97449],[51.31773,31.0972],[51.3108,31.16401],[51.32083,31.19841],[51.32351,31.27621],[51.23225,31.53472],[51.20993,31.64848],[51.21582,31.70215],[51.24993,31.72277],[51.2922,31.73853],[51.28992,31.76899],[51.25975,31.80168],[51.24,31.83242],[51.24424,31.86328],[51.28424,31.88681],[51.31587,31.9397],[51.29736,32.04368],[51.24528,32.12432],[51.12911,32.19876],[51.0764,32.24392],[50.94927,32.32743],[50.93925,32.40577],[50.94503,32.47838],[50.92323,32.50742],[50.91465,32.53649],[50.89946,32.55091],[50.8732,32.55662],[50.86328,32.58101],[50.85346,32.62648],[50.81429,32.65511],[50.7712,32.64876],[50.74908,32.62855],[50.70784,32.61667],[50.57638,32.61326],[50.53721,32.60726],[50.42569,32.54597],[50.38021,32.5376],[50.34952,32.54649],[50.30032,32.53721],[50.23521,32.54393],[50.17433,32.58675],[50.11304,32.61509],[50.0685,32.60718],[50.03729,32.5938],[50.00132,32.58861],[49.93311,32.59605],[49.73612,32.50634],[49.76278,32.58093],[49.78428,32.60876],[49.74283,32.6562],[49.64258,32.68834],[49.55556,32.68343],[49.50161,32.70782],[49.45324,32.8088],[49.45252,32.81862],[49.45872,32.84254],[49.47215,32.8628],[49.495,32.87528],[49.57489,32.89758],[49.62057,32.92654],[49.63855,33.04512],[49.69602,33.10188],[49.84464,33.13694],[49.86872,33.14904],[49.87068,33.16756],[49.87637,33.191],[49.97745,33.36125],[49.97496,33.4044],[49.9791,33.45868],[50.00153,33.49865]]]}},{"type":"Feature","properties":{"name":"Chaharmahal and Bakhtiari","country_iso_a3":"IRN","type":"Ostan"},"geometry":{"type":"Polygon","coordinates":[[[50.81429,32.65511],[50.85346,32.62648],[50.86328,32.58101],[50.8732,32.55662],[50.89946,32.55091],[50.91465,32.53649],[50.92323,32.50742],[50.94503,32.47838],[50.93925,32.40577],[50.94927,32.32743],[51.0764,32.24392],[51.12911,32.19876],[51.24528,32.12432],[51.29736,32.04368],[51.31587,31.9397],[51.28424,31.88681],[51.24424,31.86328],[51.24,31.83242],[51.25975,31.80168],[51.28992,31.76899],[51.2922,31.73853],[51.24993,31.72277],[51.21582,31.70215],[51.20993,31.64848],[51.23225,31.53472],[51.32351,31.27621],[51.32083,31.19841],[51.3108,31.16401],[51.27659,31.16611],[51.21179,31.15557],[51.16218,31.11808],[51.10802,31.09384],[50.9932,31.10689],[50.95909,31.1064],[50.58712,31.38966],[50.55633,31.39307],[50.50372,31.39049],[50.32833,31.45079],[50.25753,31.4879],[50.29309,31.54665],[50.34755,31.60489],[50.35034,31.65135],[50.3212,31.70682],[50.23624,31.78488],[50.21681,31.81387],[50.1671,31.85237],[50.1364,31.89382],[50.10633,31.95386],[50.07925,32.03735],[50.06581,32.06383],[50.04928,32.07789],[50.00204,32.09086],[49.98757,32.10499],[49.96267,32.12026],[49.93838,32.14719],[49.90696,32.21447],[49.75627,32.41642],[49.73994,32.47688],[49.73612,32.50634],[49.93311,32.59605],[50.00132,32.58861],[50.03729,32.5938],[50.0685,32.60718],[50.11304,32.61509],[50.17433,32.58675],[50.23521,32.54393],[50.30032,32.53721],[50.34952,32.54649],[50.38021,32.5376],[50.42569,32.54597],[50.53721,32.60726],[50.57638,32.61326],[50.70784,32.61667],[50.74908,32.62855],[50.7712,32.64876],[50.81429,32.65511]]]}},{"type":"Feature","properties":{"name":"Kohgiluyeh and Boyer-Ahmad","country_iso_a3":"IRN","type":"Ostan"},"geometry":{"type":"Polygon","coordinates":[[[51.3108,31.16401],[51.31773,31.0972],[51.37323,30.97449],[51.48092,30.87597],[51.62086,30.78934],[51.64112,30.7722],[51.67088,30.64728],[51.67119,30.59958],[51.66582,30.58966],[51.64019,30.5677],[51.59099,30.54266],[51.53559,30.52951],[51.42945,30.55335],[51.39214,30.57281],[51.36992,30.59733],[51.34439,30.60201],[51.22977,30.65022],[51.14833,30.66772],[51.13345,30.65268],[51.14998,30.5685],[51.1813,30.4923],[51.18337,30.46954],[51.16962,30.44817],[51.17696,30.42631],[51.20145,30.39096],[51.20032,30.33921],[51.17913,30.30066],[50.91217,30.16573],[50.86969,30.15992],[50.70195,30.16865],[50.60139,30.14723],[50.60149,30.14483],[50.58413,30.15899],[50.54671,30.1824],[50.42982,30.2188],[50.41266,30.37598],[50.39396,30.44235],[50.36202,30.47359],[50.35499,30.52553],[50.41277,30.64278],[50.39561,30.69554],[50.33918,30.73084],[50.24389,30.77458],[50.16575,30.8413],[50.12534,30.88579],[49.95481,30.86641],[49.94809,30.89088],[49.95812,30.92349],[49.96256,30.95341],[49.96763,30.96847],[49.96463,31.00891],[49.91905,31.15019],[49.91822,31.20872],[49.93476,31.24114],[49.95998,31.27],[49.99398,31.29212],[50.07108,31.31995],[50.19087,31.41167],[50.25753,31.4879],[50.32833,31.45079],[50.50372,31.39049],[50.55633,31.39307],[50.58712,31.38966],[50.95909,31.1064],[50.9932,31.10689],[51.10802,31.09384],[51.16218,31.11808],[51.21179,31.15557],[51.27659,31.16611],[51.3108,31.16401]]]}},{"type":"Feature","properties":{"name":"Fars","country_iso_a3":"IRN","type":"Ostan"},"geometry":{"type":"Polygon","coordinates":[[[52.14217,31.71253],[52.15943,31.71026],[52.17473,31.68313],[52.18413,31.59079],[52.23064,31.55503],[52.45337,31.51286],[52.52768,31.51317],[52.86895,31.59745],[52.87071,31.59745],[53.12516,31.51394],[53.27647,31.39509],[53.40494,31.2615],[53.63841,30.75515],[53.8046,30.49907],[53.96408,30.32998],[54.00759,30.26319],[54.04314,30.04416],[54.07177,29.98427],[54.22721,29.88288],[54.4302,29.79322],[54.42999,29.77348],[54.45728,29.69441],[54.53862,29.54765],[54.54988,29.50931],[54.57169,29.4757],[54.59546,29.45459],[54.64031,29.42973],[54.86934,29.41128],[54.92753,29.38968],[55.12969,28.95074],[55.18736,28.79845],[55.18767,28.77031],[55.15491,28.74941],[55.16007,28.7021],[55.46083,28.44583],[55.48739,28.38282],[55.47551,28.27047],[55.42507,28.10748],[55.42021,28.06573],[55.42497,28.03348],[55.50951,27.97225],[55.55726,27.90321],[55.55127,27.84657],[55.53411,27.8221],[55.51116,27.80766],[55.48109,27.79587],[55.42342,27.79892],[55.33174,27.77784],[55.19521,27.71278],[55.15635,27.65787],[55.12349,27.56917],[55.06561,27.52034],[54.94076,27.48644],[54.67411,27.51987],[54.58285,27.50122],[54.53324,27.4822],[54.48591,27.49703],[54.42513,27.50396],[54.15838,27.4822],[54.05492,27.45037],[54.01069,27.40223],[53.99601,27.32291],[53.97483,27.2681],[53.97472,27.2571],[53.98609,27.22774],[53.95891,27.18873],[53.85483,27.13938],[53.54891,27.18775],[53.52297,27.18782],[53.45031,27.17111],[53.43274,27.17336],[53.416,27.18067],[53.33156,27.24221],[53.29456,27.25539],[53.07152,27.27306],[52.99824,27.33502],[52.97086,27.38202],[52.77097,27.50995],[52.64292,27.61718],[52.51094,27.76138],[52.37534,28.03012],[52.29999,28.10787],[52.26671,28.12542],[52.22237,28.14089],[52.19736,28.1773],[52.05091,28.54234],[52.02766,28.63241],[51.57879,29.37278],[51.49032,29.44378],[51.41054,29.46952],[51.34615,29.52853],[51.27556,29.62579],[51.22181,29.73317],[51.15484,29.79803],[51.01759,29.83655],[50.79662,29.85094],[50.73957,29.86991],[50.67859,29.97776],[50.62826,30.02122],[50.60149,30.09349],[50.60149,30.14483],[50.60139,30.14723],[50.70195,30.16865],[50.86969,30.15992],[50.91217,30.16573],[51.17913,30.30066],[51.20032,30.33921],[51.20145,30.39096],[51.17696,30.42631],[51.16962,30.44817],[51.18337,30.46954],[51.1813,30.4923],[51.14998,30.5685],[51.13345,30.65268],[51.14833,30.66772],[51.22977,30.65022],[51.34439,30.60201],[51.36992,30.59733],[51.39214,30.57281],[51.42945,30.55335],[51.53559,30.52951],[51.59099,30.54266],[51.64019,30.5677],[51.66582,30.58966],[51.67119,30.59958],[51.67088,30.64728],[51.64112,30.7722],[51.71719,30.78218],[51.7453,30.79009],[51.74478,30.82223],[51.73455,30.8814],[51.7424,30.96873],[51.82705,31.14973],[51.84741,31.25186],[51.87159,31.32005],[51.84266,31.38744],[51.78498,31.42501],[51.74106,31.43211],[51.70168,31.4449],[51.67109,31.47177],[51.64753,31.51875],[51.65125,31.54836],[51.74829,31.52857],[51.82333,31.53771],[51.958,31.61554],[51.98652,31.62634],[52.00585,31.64877],[52.14217,31.71253]]]}},{"type":"Feature","properties":{"name":"Kerman","country_iso_a3":"IRN","type":"Ostan"},"geometry":{"type":"Polygon","coordinates":[[[55.12969,28.95074],[54.92753,29.38968],[54.86934,29.41128],[54.64031,29.42973],[54.59546,29.45459],[54.57169,29.4757],[54.54988,29.50931],[54.53862,29.54765],[54.45728,29.69441],[54.42999,29.77348],[54.4302,29.79322],[54.47423,29.81022],[54.48435,29.81766],[54.58523,29.82836],[54.61675,29.84797],[54.61561,29.87632],[54.60187,29.91616],[54.59122,29.97311],[54.60383,30.29735],[54.57158,30.31652],[54.53944,30.35055],[54.51557,30.45044],[54.45645,30.58446],[54.40064,30.67547],[54.39805,30.72508],[54.42028,30.79791],[54.46647,30.87336],[54.55443,30.95778],[55.11646,31.04325],[55.24441,31.03909],[55.32637,31.02477],[55.51499,31.04679],[55.68449,31.11092],[55.69947,31.18042],[55.71229,31.49518],[55.75684,31.57626],[56.28776,31.81509],[56.35845,31.87904],[56.5664,31.97893],[56.61249,32.0213],[56.63409,32.04918],[56.76163,32.03009],[57.83474,31.63727],[58.97287,31.19789],[59.11632,31.10616],[59.51537,30.60661],[59.31031,29.78154],[59.30132,29.69845],[59.32499,29.67672],[59.37015,29.65075],[59.41005,29.563],[59.44457,29.35175],[59.44178,29.26452],[59.41108,29.16551],[59.32726,29.05358],[59.3129,28.98908],[59.32726,28.92263],[59.32861,28.84059],[59.35796,28.78669],[59.3684,28.74786],[59.36674,28.71086],[59.33739,28.68285],[59.29223,28.65166],[59.05958,28.5326],[58.94589,28.49865],[58.88801,28.47144],[58.92522,28.42085],[59.00739,28.36589],[59.04294,28.31517],[59.01193,28.22469],[58.89659,28.09172],[58.90331,27.74528],[58.89008,27.63079],[58.77495,27.22945],[58.77526,27.13033],[58.79923,27.04636],[58.80306,27.00905],[58.79985,26.94464],[58.82063,26.8766],[58.8967,26.79826],[58.9494,26.70258],[58.92109,26.62659],[58.89297,26.58355],[58.9093,26.56055],[58.94124,26.53448],[58.94217,26.50024],[58.91013,26.46596],[58.88522,26.41999],[58.90393,26.3617],[58.93845,26.32501],[58.94703,26.28664],[58.93101,26.24806],[58.9122,26.2275],[58.91396,26.19486],[58.90042,26.17876],[58.88822,26.15272],[58.88884,26.09107],[58.88285,26.05397],[58.8631,26.01025],[58.82228,26.06559],[58.80781,26.07639],[58.78053,26.07626],[58.74177,26.08993],[58.71252,26.08342],[58.68306,26.05546],[58.64017,26.05071],[58.59056,26.05221],[58.54933,26.06068],[58.53238,26.08745],[58.52958,26.11874],[58.51935,26.14094],[58.51698,26.16032],[58.52649,26.17871],[58.52793,26.18954],[58.50923,26.20026],[58.4468,26.209],[58.40846,26.22452],[58.37332,26.23189],[58.33869,26.21726],[58.28464,26.21277],[58.20258,26.22589],[58.06987,26.21752],[58.06822,26.23788],[58.08868,26.26036],[58.10046,26.31622],[58.10036,26.34503],[58.09468,26.374],[58.11793,26.56923],[58.13178,26.60013],[58.14997,26.62013],[58.15555,26.63688],[58.15421,26.6623],[58.13002,26.7263],[58.13106,26.74635],[58.15266,26.7454],[58.21539,26.71119],[58.22387,26.73033],[58.19524,26.78576],[58.13653,26.84648],[58.06171,26.90257],[57.99287,26.93954],[57.92704,26.94099],[57.88611,26.91616],[57.86203,26.88634],[57.815,26.84689],[57.78472,26.8551],[57.71702,26.8997],[57.408,27.04613],[57.38774,27.10403],[57.35643,27.47827],[57.32604,27.55659],[57.29896,27.60576],[57.27199,27.6178],[57.24925,27.647],[57.26692,27.67779],[57.29462,27.69841],[57.2879,27.74862],[57.24274,27.80965],[57.19726,27.85365],[57.1737,27.89334],[57.13391,27.93917],[57.08192,27.96419],[57.05112,27.96775],[57.03128,27.98258],[57.01681,28.00377],[56.98033,28.15919],[56.98932,28.26148],[56.98136,28.27755],[56.87697,28.32261],[56.82271,28.32439],[56.77672,28.29246],[56.74613,28.25939],[56.63792,28.16867],[56.5202,28.11735],[56.45622,28.10722],[56.33726,28.12337],[56.23443,28.17826],[56.14865,28.24794],[56.05924,28.34954],[56.03837,28.44728],[56.06307,28.52139],[56.04416,28.90216],[56.01584,28.93862],[55.98597,28.93526],[55.86835,28.88705],[55.66826,28.75401],[55.6171,28.74223],[55.57225,28.76186],[55.52842,28.78873],[55.48481,28.83883],[55.39531,28.9003],[55.21465,28.94526],[55.12969,28.95074]]]}},{"type":"Feature","properties":{"name":"Hamadan","country_iso_a3":"IRN","type":"Ostan"},"geometry":{"type":"Polygon","coordinates":[[[49.44053,35.43763],[49.4398,35.41383],[49.44828,35.3782],[49.47195,35.35285],[49.46812,35.31433],[49.43443,35.28384],[49.40022,35.28896],[49.38079,35.3119],[49.38182,35.33717],[49.37955,35.35593],[49.35247,35.35412],[49.32105,35.32172],[49.33996,35.25454],[49.38451,35.19382],[49.39712,35.14788],[49.34875,35.10158],[49.29118,35.08695],[49.2609,35.08432],[49.24292,35.06758],[49.2456,35.05326],[49.26855,35.03486],[49.31351,35.01603],[49.42079,34.99187],[49.47205,34.97164],[49.52011,34.92495],[49.54522,34.87524],[49.56693,34.76757],[49.54243,34.727],[49.49871,34.73054],[49.46626,34.75504],[49.42688,34.79359],[49.41169,34.83901],[49.43288,34.87617],[49.4088,34.90498],[49.3224,34.91735],[49.14039,34.90937],[49.11538,34.87813],[49.12665,34.81994],[49.11476,34.78465],[49.0882,34.74881],[49.08458,34.67876],[49.10163,34.60145],[49.07921,34.59722],[49.03301,34.61548],[48.92997,34.62429],[48.89503,34.6128],[48.9095,34.58474],[48.95994,34.56823],[48.97699,34.50513],[48.98505,34.39979],[49.05606,34.28432],[49.07176,34.22972],[49.07745,34.17512],[49.09585,34.11053],[49.09275,34.08712],[49.07518,34.06691],[48.971,33.98909],[48.69804,34.08588],[48.63241,34.07978],[48.57929,34.08236],[48.55324,34.07647],[48.50064,34.03157],[48.47108,34.02508],[48.43397,34.03671],[48.21197,34.0588],[47.78254,34.29271],[47.76197,34.31749],[47.71908,34.34038],[47.69397,34.34971],[47.71133,34.37788],[47.74823,34.42405],[47.84734,34.42994],[47.95958,34.41012],[47.99007,34.431],[47.98749,34.47748],[47.99855,34.54353],[47.98842,34.58425],[47.9693,34.60817],[47.94625,34.60404],[47.90016,34.58737],[47.81479,34.51381],[47.78936,34.5459],[47.77458,34.58724],[47.7475,34.59902],[47.71464,34.6044],[47.64115,34.63752],[47.59041,34.67142],[47.58069,34.71119],[47.59506,34.72682],[47.62689,34.73716],[47.72704,34.74661],[47.77396,34.80366],[47.81365,34.87686],[47.84662,34.90813],[47.85199,34.93606],[47.85148,34.95123],[47.88186,34.96474],[47.94315,34.97911],[47.97953,34.99533],[47.9909,35.02342],[48.0095,35.02727],[48.04154,34.96234],[48.06325,34.9528],[48.09642,34.97681],[48.13167,35.02303],[48.15151,35.09775],[48.12402,35.19023],[48.06686,35.23661],[48.02594,35.25754],[47.97695,35.30637],[47.86915,35.50305],[47.79949,35.58721],[47.81499,35.61253],[47.8675,35.6602],[47.89044,35.66214],[47.93767,35.58209],[47.96868,35.5753],[48.00144,35.58713],[48.03017,35.61005],[48.10139,35.62966],[48.10159,35.65493],[48.08971,35.67627],[48.06035,35.70743],[48.04258,35.74743],[48.07854,35.7557],[48.22572,35.69022],[48.25952,35.6402],[48.30437,35.61749],[48.51914,35.61152],[48.60688,35.57266],[48.69091,35.55582],[48.76656,35.57742],[48.80325,35.61809],[48.80253,35.63578],[48.84914,35.6524],[48.95849,35.65085],[49.0419,35.61196],[49.07983,35.573],[49.04944,35.53538],[49.11776,35.49272],[49.24571,35.47499],[49.27382,35.48112],[49.41583,35.45169],[49.44053,35.43763]]]}},{"type":"Feature","properties":{"name":"Lorestan","country_iso_a3":"IRN","type":"Ostan"},"geometry":{"type":"Polygon","coordinates":[[[50.00153,33.49865],[49.9791,33.45868],[49.97496,33.4044],[49.97745,33.36125],[49.87637,33.191],[49.87068,33.16756],[49.86872,33.14904],[49.84464,33.13694],[49.69602,33.10188],[49.63855,33.04512],[49.62057,32.92654],[49.57489,32.89758],[49.495,32.87528],[49.47215,32.8628],[49.45872,32.84254],[49.45252,32.81862],[49.45324,32.8088],[49.37986,32.79578],[49.2393,32.80704],[49.00634,32.94205],[48.78486,32.96083],[48.72254,32.97685],[48.67117,33.01876],[48.5674,33.0447],[48.46116,33.03811],[48.39098,33.01984],[48.14417,33.006],[48.09012,32.97135],[47.95349,32.66901],[47.89881,32.60147],[47.88651,32.61119],[47.86688,32.63548],[47.70585,32.92083],[47.58813,33.05095],[47.55548,33.08134],[47.54069,33.08754],[47.52178,33.09237],[47.50886,33.10452],[47.48923,33.13596],[47.46535,33.15953],[47.45429,33.16366],[47.43951,33.16438],[47.42649,33.16787],[47.42091,33.18033],[47.41037,33.19079],[47.28738,33.24247],[47.2449,33.25125],[47.21937,33.2642],[47.20108,33.2798],[47.20118,33.29298],[47.18351,33.29983],[47.134,33.33156],[47.12925,33.33621],[47.12367,33.33993],[47.11592,33.3414],[47.1092,33.34032],[47.10413,33.33564],[47.09876,33.33456],[47.09163,33.33667],[47.08832,33.34132],[47.08687,33.34621],[47.08512,33.34884],[47.04739,33.35882],[47.02941,33.36587],[47.01628,33.37553],[47.00316,33.38882],[47.00037,33.39724],[47.01184,33.4147],[47.01329,33.42481],[47.00946,33.43336],[46.99913,33.43698],[46.94456,33.46491],[46.92357,33.47119],[46.89743,33.49899],[46.86601,33.51284],[46.84348,33.54612],[46.82787,33.55366],[46.82663,33.56141],[46.84213,33.60007],[46.84492,33.61511],[46.86208,33.62133],[46.87955,33.62296],[46.90156,33.66836],[46.96357,33.71745],[47.31373,33.79957],[47.33347,33.82292],[47.38928,33.85403],[47.41305,33.87504],[47.42649,33.89747],[47.43166,33.92925],[47.42277,33.97824],[47.39993,34.02226],[47.38618,34.03782],[47.40355,34.0481],[47.41781,34.06746],[47.41409,34.07505],[47.41305,34.08583],[47.41584,34.10446],[47.41409,34.11601],[47.40902,34.12407],[47.4022,34.13014],[47.39621,34.13673],[47.39362,34.14644],[47.39972,34.16068],[47.45739,34.18422],[47.52891,34.18724],[47.57739,34.20804],[47.58307,34.26403],[47.57397,34.31806],[47.57697,34.34038],[47.5962,34.35095],[47.62524,34.35744],[47.69397,34.34971],[47.71908,34.34038],[47.76197,34.31749],[47.78254,34.29271],[48.21197,34.0588],[48.43397,34.03671],[48.47108,34.02508],[48.50064,34.03157],[48.55324,34.07647],[48.57929,34.08236],[48.63241,34.07978],[48.69804,34.08588],[48.971,33.98909],[48.95529,33.96787],[48.94805,33.93537],[48.96045,33.90842],[48.96397,33.88553],[48.92397,33.80866],[48.9157,33.78657],[48.91043,33.76254],[48.92345,33.74161],[48.9743,33.71691],[49.04045,33.69665],[49.15331,33.68849],[49.18091,33.67996],[49.2608,33.72215],[49.27981,33.73874],[49.31392,33.82602],[49.35826,33.84724],[49.41345,33.86279],[49.46368,33.88667],[49.51856,33.87212],[49.56248,33.82796],[49.58967,33.7891],[49.5908,33.76254],[49.57478,33.73386],[49.56403,33.70425],[49.57354,33.68081],[49.6062,33.65761],[49.68134,33.62601],[49.71555,33.59573],[49.74656,33.57544],[49.77002,33.58854],[49.77653,33.61443],[49.79617,33.64686],[49.8312,33.66771],[49.85353,33.65645],[49.86944,33.63273],[49.90169,33.6119],[49.92329,33.59325],[49.92174,33.56402],[49.92887,33.53547],[49.99274,33.50664],[50.00153,33.49865]]]}},{"type":"Feature","properties":{"name":"Yazd","country_iso_a3":"IRN","type":"Ostan"},"geometry":{"type":"Polygon","coordinates":[[[53.65071,32.61287],[54.70904,32.92008],[54.81467,32.9707],[54.86986,33.02726],[54.9082,33.08816],[54.94086,33.16263],[54.98634,33.32996],[55.04008,33.38569],[55.1394,33.43036],[55.21723,33.43726],[55.27459,33.47064],[55.35986,33.59464],[55.38642,33.66546],[55.37515,34.34191],[55.37526,34.34436],[55.39283,34.35098],[55.48471,34.36516],[55.74112,34.36033],[55.85089,34.40725],[56.21045,34.90606],[56.61921,34.99368],[57.0166,35.14829],[57.26837,35.20131],[57.37958,35.17734],[57.67124,34.99394],[57.70555,34.931],[57.69201,34.86686],[57.59517,34.78881],[57.19892,34.55774],[57.13081,34.45629],[57.00482,34.14257],[56.99666,33.97348],[57.05887,33.68526],[57.1058,33.62358],[57.30444,33.60374],[57.55993,33.65324],[57.60272,33.60772],[57.6423,33.54405],[57.71702,33.1217],[57.78224,32.9968],[57.86709,32.956],[57.89097,32.94021],[57.95567,32.91577],[58.04062,32.87107],[58.12145,32.76438],[58.1477,32.7486],[58.15255,32.67188],[58.14439,32.641],[58.11741,32.60401],[58.10036,32.56814],[58.1076,32.54608],[58.12289,32.52298],[58.15224,32.49489],[58.1539,32.46458],[58.18418,32.40867],[58.22438,32.35255],[58.22221,32.29756],[58.19937,32.2418],[58.19038,32.19279],[58.17395,32.14605],[58.04073,31.99453],[58.00393,31.9072],[57.9012,31.77155],[57.8489,31.65693],[57.83474,31.63727],[56.76163,32.03009],[56.63409,32.04918],[56.61249,32.0213],[56.5664,31.97893],[56.35845,31.87904],[56.28776,31.81509],[55.75684,31.57626],[55.71229,31.49518],[55.69947,31.18042],[55.68449,31.11092],[55.51499,31.04679],[55.32637,31.02477],[55.24441,31.03909],[55.11646,31.04325],[54.55443,30.95778],[54.46647,30.87336],[54.42028,30.79791],[54.39805,30.72508],[54.40064,30.67547],[54.45645,30.58446],[54.51557,30.45044],[54.53944,30.35055],[54.57158,30.31652],[54.60383,30.29735],[54.59122,29.97311],[54.60187,29.91616],[54.61561,29.87632],[54.61675,29.84797],[54.58523,29.82836],[54.48435,29.81766],[54.47423,29.81022],[54.4302,29.79322],[54.22721,29.88288],[54.07177,29.98427],[54.04314,30.04416],[54.00759,30.26319],[53.96408,30.32998],[53.8046,30.49907],[53.63841,30.75515],[53.40494,31.2615],[53.27647,31.39509],[53.12516,31.51394],[52.87071,31.59745],[52.82709,31.74442],[52.82409,31.81385],[52.83484,31.83868],[52.85396,31.95981],[52.89582,32.10039],[52.90492,32.1646],[52.87618,32.47202],[52.88373,32.5052],[52.92352,32.52778],[52.99556,32.54566],[53.06036,32.57669],[53.10449,32.60798],[53.16464,32.64033],[53.26107,32.67201],[53.33404,32.67413],[53.65071,32.61287]]]}},{"type":"Feature","properties":{"name":"Qom","country_iso_a3":"IRN","type":"Ostan"},"geometry":{"type":"Polygon","coordinates":[[[51.78891,34.54198],[51.45167,34.46973],[51.37426,34.47301],[51.15836,34.45252],[51.06306,34.41824],[51.02555,34.38702],[51.01376,34.3579],[50.98369,34.16161],[51.00467,34.11838],[51.03299,34.1058],[50.8022,34.15789],[50.69926,34.20489],[50.44119,34.22478],[50.37504,34.27031],[50.32874,34.31788],[50.30445,34.36746],[50.30869,34.40852],[50.2934,34.43795],[50.26415,34.46642],[50.23459,34.48131],[50.19449,34.47831],[50.15831,34.49211],[50.11408,34.52492],[50.06003,34.57706],[50.06943,34.62874],[50.16276,34.67199],[50.1734,34.69204],[50.15263,34.71612],[50.15397,34.78149],[50.21113,34.81937],[50.30115,34.80937],[50.38817,34.82992],[50.4476,34.86206],[50.57152,34.87813],[50.67518,34.90702],[50.69368,34.91596],[50.70557,34.95433],[50.72303,35.10788],[50.75642,35.18581],[50.78473,35.21842],[50.78484,35.21591],[51.07216,35.21325],[51.31235,35.15395],[51.88234,34.87549],[51.89588,34.8355],[51.89319,34.754],[51.86612,34.66646],[51.82209,34.58122],[51.78891,34.54198]]]}},{"type":"Feature","properties":{"name":"Tehran","country_iso_a3":"IRN","type":"Ostan"},"geometry":{"type":"Polygon","coordinates":[[[50.78473,35.21842],[50.87124,35.44719],[50.87083,35.51703],[50.84499,35.55765],[50.79869,35.60478],[50.8251,35.65445],[50.88964,35.68673],[50.94208,35.73917],[50.97032,35.79968],[51.05907,35.80371],[51.07117,35.85212],[51.07521,35.91667],[51.13572,35.97314],[51.2164,35.99735],[51.29708,35.98928],[51.35355,36.01752],[51.35355,36.07399],[51.3569,36.11627],[51.465,36.0647],[51.61828,36.05405],[51.75439,36.01098],[51.8565,35.92155],[51.91448,35.83332],[51.95025,35.7998],[51.98011,35.78521],[52.02921,35.77092],[52.10817,35.76717],[52.177,35.78996],[52.30681,35.91739],[52.39849,35.9762],[52.46474,35.9692],[52.53595,35.94489],[52.62586,35.93135],[52.74027,35.88101],[52.81634,35.86825],[52.86926,35.87406],[52.9014,35.8897],[52.94481,35.88156],[53.03473,35.83109],[53.06625,35.7189],[53.07937,35.61814],[53.04723,35.52837],[52.88828,35.41019],[52.78895,35.36686],[52.67496,35.33619],[52.59413,35.33872],[52.36893,35.39221],[52.29276,35.39363],[52.21969,35.41422],[52.03727,35.50507],[51.98208,35.54432],[51.92244,35.54685],[51.90074,35.55308],[51.88865,35.56295],[51.87015,35.56982],[51.8534,35.55545],[51.83987,35.46357],[51.82105,35.40342],[51.81485,35.35784],[51.8225,35.31526],[51.93536,35.19261],[51.98063,35.12525],[51.96802,35.06373],[51.91686,34.99859],[51.88627,34.91836],[51.88234,34.87549],[51.31235,35.15395],[51.07216,35.21325],[50.78484,35.21591],[50.78473,35.21842]]]}},{"type":"Feature","properties":{"name":"Alborz","country_iso_a3":"IRN","type":"Ostan"},"geometry":{"type":"Polygon","coordinates":[[[50.69647,35.55054],[50.68934,35.58393],[50.68975,35.63925],[50.651,35.67648],[50.59477,35.67705],[50.58196,35.65007],[50.62071,35.60635],[50.62071,35.58966],[50.61038,35.57483],[50.58516,35.58687],[50.5277,35.62912],[50.42951,35.65255],[50.32864,35.65772],[50.28554,35.66602],[50.26384,35.69493],[50.23862,35.74102],[50.23025,35.77193],[50.24275,35.81084],[50.29774,35.85396],[50.50021,35.93427],[50.53452,35.9608],[50.5464,35.9976],[50.59436,36.07837],[50.62588,36.16477],[50.57968,36.19702],[50.50868,36.21404],[50.47189,36.23965],[50.42083,36.29639],[50.44967,36.33168],[50.56315,36.33918],[50.80096,36.31866],[50.96622,36.2922],[51.02989,36.27179],[51.04798,36.25063],[51.08601,36.22226],[51.12797,36.20745],[51.29199,36.1781],[51.3569,36.11627],[51.35355,36.07399],[51.35355,36.01752],[51.29708,35.98928],[51.2164,35.99735],[51.13572,35.97314],[51.07521,35.91667],[51.07117,35.85212],[51.05907,35.80371],[50.97032,35.79968],[50.94208,35.73917],[50.88964,35.68673],[50.8251,35.65445],[50.79869,35.60478],[50.7527,35.60134],[50.72489,35.55517],[50.69647,35.55054]]]}},{"type":"Feature","properties":{"name":"Sanaa","country_iso_a3":"YEM","type":"Muhafazah"},"geometry":{"type":"Polygon","coordinates":[[[44.31943,15.61192],[44.336,15.60615],[44.35258,15.59894],[44.36123,15.59102],[44.37276,15.57804],[44.39077,15.56651],[44.39798,15.55715],[44.39942,15.54922],[44.39294,15.54057],[44.38429,15.53408],[44.36843,15.53336],[44.36051,15.53769],[44.36195,15.54633],[44.36483,15.55354],[44.35906,15.55642],[44.3533,15.55642],[44.34753,15.55138],[44.34105,15.54633],[44.33744,15.53697],[44.33744,15.52616],[44.33312,15.51967],[44.31294,15.52183],[44.30285,15.52183],[44.29637,15.51246],[44.2906,15.52111],[44.28267,15.51246],[44.27691,15.50237],[44.27979,15.48796],[44.28123,15.48003],[44.27835,15.47066],[44.26826,15.46202],[44.25168,15.45049],[44.23799,15.43823],[44.23295,15.42887],[44.23439,15.4195],[44.23223,15.40869],[44.23367,15.39932],[44.24087,15.38707],[44.24304,15.37626],[44.24376,15.36473],[44.25024,15.35968],[44.25673,15.36184],[44.26177,15.34815],[44.26177,15.32941],[44.25817,15.32076],[44.2488,15.31572],[44.23943,15.31428],[44.23583,15.30851],[44.23799,15.29914],[44.23655,15.29482],[44.22862,15.29338],[44.20844,15.29338],[44.18106,15.29338],[44.17673,15.29842],[44.18106,15.32004],[44.17673,15.32869],[44.15944,15.34094],[44.14214,15.35175],[44.13854,15.36905],[44.14358,15.38923],[44.15079,15.39716],[44.1616,15.39932],[44.16592,15.40148],[44.1652,15.41229],[44.15079,15.42815],[44.14142,15.43463],[44.13349,15.43823],[44.12557,15.44544],[44.1198,15.45697],[44.12196,15.4649],[44.13277,15.4685],[44.15079,15.47283],[44.16088,15.47571],[44.16736,15.48292],[44.17962,15.48508],[44.18754,15.49517],[44.19115,15.50381],[44.20124,15.50526],[44.2034,15.50958],[44.19908,15.51607],[44.20124,15.54129],[44.20988,15.5521],[44.2279,15.55859],[44.23511,15.56723],[44.24376,15.57084],[44.25745,15.57084],[44.26177,15.5766],[44.27042,15.58813],[44.28267,15.60111],[44.29204,15.60615],[44.30645,15.6112],[44.31943,15.61192]]]}},{"type":"Feature","properties":{"name":"Kyiv","country_iso_a3":"UKR","type":"Rada"},"geometry":{"type":"Polygon","coordinates":[[[30.73858,50.66815],[30.79287,50.65395],[30.83485,50.6388],[30.84234,50.58398],[30.80467,50.55643],[30.7756,50.5442],[30.75323,50.52146],[30.75057,50.5063],[30.76808,50.4887],[30.7571,50.47645],[30.76025,50.43988],[30.81518,50.38457],[30.81701,50.36723],[30.84605,50.35349],[30.83027,50.33273],[30.79016,50.33259],[30.79197,50.29256],[30.75368,50.28916],[30.72434,50.30956],[30.71675,50.29251],[30.71811,50.26248],[30.69753,50.25792],[30.66951,50.26531],[30.64798,50.26099],[30.6423,50.27578],[30.6059,50.26745],[30.61833,50.2513],[30.6087,50.24251],[30.63764,50.19367],[30.65438,50.15598],[30.63976,50.12409],[30.62078,50.12271],[30.62699,50.09625],[30.65033,50.06053],[30.63911,50.05],[30.6482,50.03369],[30.58556,50.01416],[30.58179,50.06078],[30.56848,50.09107],[30.5417,50.09742],[30.53618,50.14564],[30.51109,50.14618],[30.52081,50.19007],[30.49377,50.20551],[30.47691,50.1998],[30.4736,50.21703],[30.45584,50.22224],[30.45335,50.24052],[30.44562,50.26357],[30.42902,50.26115],[30.41059,50.26199],[30.40454,50.28512],[30.41372,50.30392],[30.38909,50.33122],[30.35824,50.34821],[30.33224,50.36877],[30.31876,50.40827],[30.30344,50.41427],[30.28039,50.40654],[30.23824,50.41467],[30.2233,50.38202],[30.20616,50.38481],[30.1966,50.37435],[30.18599,50.38725],[30.19154,50.41257],[30.19245,50.42932],[30.20345,50.44486],[30.20103,50.46146],[30.20028,50.47814],[30.21158,50.48701],[30.21742,50.50566],[30.21319,50.52553],[30.21744,50.54243],[30.24026,50.55516],[30.25863,50.56588],[30.259,50.58442],[30.24991,50.60072],[30.26787,50.608],[30.28556,50.58895],[30.29131,50.60927],[30.27016,50.63339],[30.33347,50.63792],[30.33401,50.66301],[30.43265,50.66245],[30.43727,50.63424],[30.46251,50.63037],[30.47577,50.59586],[30.50328,50.57872],[30.52261,50.55786],[30.54808,50.54898],[30.53869,50.57196],[30.55181,50.58078],[30.64718,50.57518],[30.66433,50.60269],[30.69637,50.61116],[30.71854,50.62353],[30.7156,50.65181],[30.73858,50.66815]]]}}]}